data_semana_epidemiologica,ano,mes,semana_epidemiologica,SE,municipio,casos_est,casos_notificados,casos_est_min,casos_est_max,casprov,casprov_est,casconf,p_inc100k,p_rt1,Rt,nivel,nivel_inc,receptivo,transmissao,pop,tempmin,tempmed,tempmax,umidmin,umidmed,umidmax,registro_original,Localidade_id,id,versao_modelo,tweet,casprov_est_min,casprov_est_max,notif_accum_year
2017-01-01,2017,1,52,201701,Fortaleza,405.0,405,405,405,208,0.0,0.0,15.074748,0.9999984,1.4296496,1,1,0,1,2686612,26.2857142857143,27.1607144285714,28.1428571428571,68.8571428571429,79.1232991428571,86.7142857142857,True,0,230440020170119589,2023-08-20,10.0,0.0,0.0,171131
2017-01-08,2017,1,1,201702,Fortaleza,418.0,418,418,418,238,0.0,0.0,15.558629,0.9999504,1.3354673,3,1,1,1,2686612,25.0,25.9100528571429,26.5714285714286,77.0,83.3635685714286,88.7142857142857,True,0,230440020170219589,2023-08-20,3.0,0.0,0.0,171131
2017-01-15,2017,1,2,201703,Fortaleza,633.0,633,633,633,385,0.0,0.0,23.561274,1.0,1.6566454,3,1,1,1,2686612,25.1428571428571,26.3527211428571,27.2857142857143,75.2857142857143,82.8632648571429,88.8571428571429,True,0,230440020170319589,2023-08-20,5.0,0.0,0.0,171131
2017-01-22,2017,1,3,201704,Fortaleza,736.0,736,736,736,419,0.0,0.0,27.395098,1.0,1.5507354,3,1,1,1,2686612,25.5714285714286,26.7419951428571,27.8571428571429,73.7142857142857,81.9755437142857,89.0,True,0,230440020170419589,2023-08-20,8.0,0.0,0.0,171131
2017-01-29,2017,1,4,201705,Fortaleza,1136.0,1136,1136,1136,555,0.0,0.0,42.283737,1.0,1.8432597,3,1,0,1,2686612,26.1428571428571,26.7902887142857,27.5714285714286,75.8571428571429,80.9655171428571,85.4285714285714,True,0,230440020170519589,2023-08-20,1.0,0.0,0.0,171131
2017-02-05,2017,2,5,201706,Fortaleza,1363.0,1363,1363,1363,664,0.0,0.0,50.733044,1.0,1.6628841,3,1,1,1,2686612,25.7142857142857,26.9534854285714,27.7142857142857,76.5714285714286,82.4031251428571,88.2857142857143,True,0,230440020170619589,2023-08-20,8.0,0.0,0.0,171131
2017-02-12,2017,2,6,201707,Fortaleza,1374.0,1374,1374,1374,849,0.0,0.0,51.14248,1.0,1.2824796,3,1,1,1,2686612,25.2857142857143,25.8496542857143,26.8571428571429,80.0,85.98593,89.7142857142857,True,0,230440020170719589,2023-08-20,6.0,0.0,0.0,171131
2017-02-19,2017,2,7,201708,Fortaleza,1117.0,1117,1117,1117,635,0.0,0.0,41.576527,0.0024383322,0.89074105,2,1,1,0,2686612,25.1428571428571,26.0566894285714,26.8571428571429,79.1428571428571,87.1720514285714,93.4285714285714,True,0,230440020170819589,2023-08-20,5.0,0.0,0.0,171131
2017-02-26,2017,2,8,201709,Fortaleza,1196.0,1196,1196,1196,642,0.0,0.0,44.517036,0.050617103,0.9362122,2,1,1,0,2686612,24.0,25.0170067142857,26.4285714285714,85.0,92.5039691428571,96.5714285714286,True,0,230440020170919589,2023-08-20,4.0,0.0,0.0,171131
2017-03-05,2017,3,9,201710,Fortaleza,1529.0,1529,1529,1529,826,0.0,0.0,56.911827,1.0,1.2443447,2,1,1,1,2686612,25.0,26.3071924285714,27.5714285714286,81.2857142857143,88.0236005714286,93.4285714285714,True,0,230440020171019589,2023-08-20,9.0,0.0,0.0,171131
2017-03-12,2017,3,10,201711,Fortaleza,1650.0,1650,1650,1650,996,0.0,0.0,61.41564,1.0,1.2821988,3,1,1,1,2686612,25.0,25.9613622857143,27.2857142857143,80.7142857142857,88.4002255714286,95.0,True,0,230440020171119589,2023-08-20,13.0,0.0,0.0,171131
2017-03-19,2017,3,11,201712,Fortaleza,2052.0,2052,2052,2052,1145,0.0,0.0,76.37872,1.0,1.3902417,3,2,1,1,2686612,24.7142857142857,25.6204101428571,26.5714285714286,85.0,90.5498314285714,94.2857142857143,True,0,230440020171219589,2023-08-20,13.0,0.0,0.0,171131
2017-03-26,2017,3,12,201713,Fortaleza,3007.0,3007,3007,3007,1777,0.0,0.0,111.925354,1.0,1.7116228,4,2,1,1,2686612,25.0,25.9214285714286,27.2857142857143,86.7142857142857,91.5809522857143,95.7142857142857,True,0,230440020171319589,2023-08-20,14.0,0.0,0.0,171131
2017-04-02,2017,4,13,201714,Fortaleza,3350.0,3350,3350,3350,2202,0.0,0.0,124.69236,1.0,1.5128517,4,2,1,1,2686612,25.2857142857143,26.2487684285714,27.4285714285714,79.8571428571429,87.4538872857143,93.4285714285714,True,0,230440020171419589,2023-08-20,20.0,0.0,0.0,171131
2017-04-09,2017,4,14,201715,Fortaleza,3685.0,3685,3685,3685,2571,0.0,0.0,137.1616,1.0,1.3152611,4,2,1,1,2686612,25.0,26.0103682857143,27.1428571428571,74.7142857142857,88.7435785714286,93.8571428571429,True,0,230440020171519589,2023-08-20,21.0,0.0,0.0,171131
2017-04-16,2017,4,15,201716,Fortaleza,2931.0,2931,2931,2931,2036,0.0,0.0,109.09651,6.185026e-05,0.9067901,4,2,1,0,2686612,25.7142857142857,26.7140024285714,27.8571428571429,82.1428571428571,87.98441,93.2857142857143,True,0,230440020171619589,2023-08-20,25.0,0.0,0.0,171131
2017-04-23,2017,4,16,201717,Fortaleza,2728.0,2728,2728,2728,1916,0.0,0.0,101.54053,3.6415315e-14,0.8244492,4,2,1,0,2686612,25.2857142857143,26.4200677142857,27.2857142857143,83.2857142857143,89.3146822857143,94.4285714285714,True,0,230440020171719589,2023-08-20,32.0,0.0,0.0,171131
2017-04-30,2017,4,17,201718,Fortaleza,1615.0,1615,1615,1615,962,0.0,0.0,60.112885,0.0,0.5378445,2,1,1,0,2686612,24.8571428571429,26.278941,27.7142857142857,80.0,86.9131771428571,94.1428571428571,True,0,230440020171819589,2023-08-20,47.0,0.0,0.0,171131
2017-05-07,2017,5,18,201719,Fortaleza,1415.0,1415,1415,1415,898,0.0,0.0,52.668564,0.0,0.5708132,2,1,1,0,2686612,25.5714285714286,26.5841835714286,27.5714285714286,81.4285714285714,87.0127557142857,92.0,True,0,230440020171919589,2023-08-20,39.0,0.0,0.0,171131
2017-05-14,2017,5,19,201720,Fortaleza,1133.0,1133,1133,1133,723,0.0,0.0,42.172073,0.0,0.60170585,2,1,1,0,2686612,25.7142857142857,26.8271564285714,27.8571428571429,76.8571428571429,83.2923404285714,89.7142857142857,True,0,230440020172019589,2023-08-20,35.0,0.0,0.0,171131
2017-05-21,2017,5,20,201721,Fortaleza,650.0,650,650,650,443,0.0,0.0,24.19404,0.0,0.4560417,1,1,0,0,2686612,25.5714285714286,26.2307254285714,27.0,78.4285714285714,83.0958057142857,86.7142857142857,True,0,230440020172119589,2023-08-20,21.0,0.0,0.0,171131
2017-05-28,2017,5,21,201722,Fortaleza,582.0,582,582,582,375,0.0,0.0,21.662971,0.0,0.53750676,1,1,1,0,2686612,24.7142857142857,25.3285714285714,25.8571428571429,85.0,89.2214285714286,92.4285714285714,True,0,230440020172219589,2023-08-20,16.0,0.0,0.0,171131
2017-06-04,2017,6,22,201723,Fortaleza,455.0,455,455,455,284,0.0,0.0,16.93583,0.0,0.58125997,1,1,0,0,2686612,24.8571428571429,26.0119048571429,27.7142857142857,72.0,79.32738,83.4285714285714,True,0,230440020172319589,2023-08-20,9.0,0.0,0.0,171131
2017-06-11,2017,6,23,201724,Fortaleza,283.0,283,283,283,162,0.0,0.0,10.533713,0.0,0.4858331,1,1,1,0,2686612,24.5714285714286,25.9857005714286,27.5714285714286,73.0,80.9919264285714,88.0,True,0,230440020172419589,2023-08-20,9.0,0.0,0.0,171131
2017-06-18,2017,6,24,201725,Fortaleza,234.0,234,234,234,136,0.0,0.0,8.709855,2.220446e-16,0.52730674,1,1,0,0,2686612,24.7142857142857,25.644841,26.5714285714286,75.4285714285714,81.9087314285714,86.4285714285714,True,0,230440020172519589,2023-08-20,9.0,0.0,0.0,171131
2017-06-25,2017,6,25,201726,Fortaleza,188.0,188,188,188,119,0.0,0.0,6.997661,6.783223e-10,0.5798425,1,1,0,0,2686612,24.8571428571429,25.7757935714286,26.2857142857143,76.2857142857143,81.4186514285714,86.5714285714286,True,0,230440020172619589,2023-08-20,12.0,0.0,0.0,171131
2017-07-02,2017,7,26,201727,Fortaleza,175.0,175,175,175,98,0.0,0.0,6.51378,0.00035967358,0.7172042,1,1,0,0,2686612,23.8571428571429,24.7896827142857,26.1428571428571,75.7142857142857,81.2281742857143,85.8571428571429,True,0,230440020172719589,2023-08-20,8.0,0.0,0.0,171131
2017-07-09,2017,7,27,201728,Fortaleza,184.0,184,184,184,98,0.0,0.0,6.8487744,0.1890865,0.9141662,1,1,0,0,2686612,24.0,25.1011905714286,26.1428571428571,68.5714285714286,75.2023805714286,81.0,True,0,230440020172819589,2023-08-20,10.0,0.0,0.0,171131
2017-07-16,2017,7,28,201729,Fortaleza,189.0,189,189,189,109,0.0,0.0,7.0348825,0.60261226,1.0272735,1,1,1,0,2686612,23.8571428571429,24.6825398571429,25.5714285714286,76.1428571428571,81.8293657142857,87.1428571428571,True,0,230440020172919589,2023-08-20,15.0,0.0,0.0,171131
2017-07-23,2017,7,29,201730,Fortaleza,185.0,185,185,185,122,0.0,0.0,6.8859963,0.5478536,1.0126058,1,1,0,0,2686612,23.5714285714286,24.5694447142857,25.8571428571429,74.5714285714286,80.7817457142857,84.7142857142857,True,0,230440020173019589,2023-08-20,6.0,0.0,0.0,171131
2017-07-30,2017,7,30,201731,Fortaleza,132.0,132,132,132,82,0.0,0.0,4.9132514,0.0022688776,0.7247672,1,0,0,0,2686612,23.7142857142857,25.0833334285714,26.1428571428571,70.7142857142857,77.30754,81.1428571428571,True,0,230440020173119589,2023-08-20,11.0,0.0,0.0,171131
2017-08-06,2017,8,31,201732,Fortaleza,122.0,122,122,122,74,0.0,0.0,4.541035,0.0029406263,0.72275203,1,0,0,0,2686612,24.2857142857143,25.4880951428571,26.1428571428571,67.1428571428571,74.2876977142857,79.5714285714286,True,0,230440020173219589,2023-08-20,3.0,0.0,0.0,171131
2017-08-13,2017,8,32,201733,Fortaleza,96.0,96,96,96,64,0.0,0.0,3.5732737,0.0010859863,0.6705223,1,0,0,0,2686612,24.4285714285714,25.4285714285714,26.0,72.0,79.0535714285714,84.7142857142857,True,0,230440020173319589,2023-08-20,2.0,0.0,0.0,171131
2017-08-20,2017,8,33,201734,Fortaleza,106.0,106,106,106,57,0.0,0.0,3.9454896,0.16851982,0.88029516,1,0,0,0,2686612,24.4285714285714,25.5416665714286,26.2857142857143,66.2857142857143,74.4345234285714,77.7142857142857,True,0,230440020173419589,2023-08-20,5.0,0.0,0.0,171131
2017-08-27,2017,8,34,201735,Fortaleza,94.0,94,94,94,45,0.0,0.0,3.4988306,0.187822,0.88250315,1,0,0,0,2686612,24.8571428571429,25.8869045714286,26.5714285714286,64.4285714285714,72.8472224285714,78.1428571428571,True,0,230440020173519589,2023-08-20,2.0,0.0,0.0,171131
2017-09-03,2017,9,35,201736,Fortaleza,68.0,68,68,68,38,0.0,0.0,2.5310688,0.007735062,0.68596345,1,0,0,0,2686612,23.8,25.6099208,26.8,61.4,71.870237,79.8,True,0,230440020173619589,2023-08-20,7.0,0.0,0.0,171131
2017-09-10,2017,9,36,201737,Fortaleza,193.0,193,193,193,35,0.0,0.0,7.183769,1.0,2.0153396,1,1,0,1,2686612,,,,,,79.9358405,True,0,230440020173719589,2023-08-20,4.0,0.0,0.0,171131
2017-09-17,2017,9,37,201738,Fortaleza,364.0,364,364,364,29,0.0,0.0,13.548663,1.0,2.9740648,3,1,0,1,2686612,,,,,,80.071681,True,0,230440020173819589,2023-08-20,6.0,0.0,0.0,171131
2017-09-24,2017,9,38,201739,Fortaleza,416.0,416,416,416,25,0.0,0.0,15.484186,1.0,1.9852499,3,1,0,1,2686612,,,,,,80.2075215,True,0,230440020173919589,2023-08-20,6.0,0.0,0.0,171131
2017-10-01,2017,10,39,201740,Fortaleza,273.0,273,273,273,34,0.0,0.0,10.161497,0.05582182,0.87663805,1,1,0,0,2686612,,,,,,80.343362,True,0,230440020174019589,2023-08-20,2.0,0.0,0.0,171131
2017-10-08,2017,10,40,201741,Fortaleza,225.0,225,225,225,24,0.0,0.0,8.37486,3.31128e-07,0.6560194,1,1,0,0,2686612,,,,,,80.4792025,True,0,230440020174119589,2023-08-20,1.0,0.0,0.0,171131
2017-10-15,2017,10,41,201742,Fortaleza,59.0,59,59,59,12,0.0,0.0,2.1960745,0.0,0.20506243,1,0,0,0,2686612,,,,,,80.615043,True,0,230440020174219589,2023-08-20,2.0,0.0,0.0,171131
2017-10-22,2017,10,42,201743,Fortaleza,47.0,47,47,47,10,0.0,0.0,1.7494153,0.0,0.23890218,1,0,0,0,2686612,,,,,,80.7508835,True,0,230440020174319589,2023-08-20,4.0,0.0,0.0,171131
2017-10-29,2017,10,43,201744,Fortaleza,86.0,86,86,86,28,0.0,0.0,3.2010577,0.038995385,0.7773727,1,0,0,0,2686612,,,,,,80.886724,True,0,230440020174419589,2023-08-20,6.0,0.0,0.0,171131
2017-11-05,2017,11,44,201745,Fortaleza,109.0,109,109,109,37,0.0,0.0,4.0571547,0.9962345,1.4903917,1,0,0,0,2686612,,,,,,81.0225645,True,0,230440020174519589,2023-08-20,6.0,0.0,0.0,171131
2017-11-12,2017,11,45,201746,Fortaleza,68.0,68,68,68,25,0.0,0.0,2.5310688,0.16216972,0.8505567,1,0,0,0,2686612,25.5,27.541666,30.5,56.8294385,69.6615,81.158405,True,0,230440020174619589,2023-08-20,5.0,0.0,0.0,171131
2017-11-19,2017,11,46,201747,Fortaleza,72.0,72,72,72,28,0.0,0.0,2.6799552,0.10956265,0.82318527,1,0,0,0,2686612,25.7142857142857,27.7916665714286,30.7142857142857,56.174585,70.18519,82.2723525714286,True,0,230440020174719589,2023-08-20,3.0,0.0,0.0,171131
2017-11-26,2017,11,47,201748,Fortaleza,64.0,64,64,64,23,0.0,0.0,2.3821824,0.10057214,0.8076734,1,0,0,0,2686612,26.0,28.035714,31.0,56.7432711428571,69.9981021428571,79.4912365714286,True,0,230440020174819589,2023-08-20,4.0,0.0,0.0,171131
2017-12-03,2017,12,48,201749,Fortaleza,57.0,57,57,57,31,0.0,0.0,2.1216311,0.1231116,0.8141229,1,0,0,0,2686612,26.2857142857143,27.1680272857143,28.1428571428571,70.6252772857143,76.6269742857143,79.4642345714286,True,0,230440020174919589,2023-08-20,4.0,0.0,0.0,171131
2017-12-10,2017,12,49,201750,Fortaleza,65.0,65,65,65,49,0.0,0.0,2.419404,0.52032644,1.0089724,1,0,0,0,2686612,26.4285714285714,26.8857142857143,27.2857142857143,74.1717537142857,76.6859208571429,79.4441531428571,True,0,230440020175019589,2023-08-20,1.0,0.0,0.0,171131
2017-12-17,2017,12,50,201751,Fortaleza,70.0,70,70,70,55,0.0,0.0,2.6055121,0.7594176,1.1301856,1,0,0,0,2686612,26.5714285714286,27.125,27.8571428571429,72.0107861428571,75.5832022857143,80.9569448571429,True,0,230440020175119589,2023-08-20,1.0,0.0,0.0,171131
2017-12-24,2017,12,51,201752,Fortaleza,67.0,67,67,67,33,0.0,0.0,2.4938474,0.601565,1.0458504,1,0,0,0,2686612,26.1428571428571,26.9142857142857,27.2857142857143,78.1409508571429,79.7594065714286,83.6556594285714,True,0,230440020175219589,2023-08-20,0.0,0.0,0.0,171131
2017-12-31,2017,12,52,201801,Fortaleza,115.0,115,115,115,27,0.0,0.0,4.280484,0.9996369,1.6559649,1,0,0,0,2686612,26.5714285714286,26.9714285714286,27.4285714285714,75.487536,78.6217005714286,80.847216,True,0,230440020180119589,2023-08-20,2.0,0.0,0.0,171131
2018-01-07,2018,1,1,201802,Fortaleza,117.0,117,117,117,20,0.0,0.0,4.3549275,0.9942234,1.4341512,1,0,0,0,2686612,24.7142857142857,26.1428571428571,27.0,75.4115208571429,78.941362,83.6559997142857,True,0,230440020180219589,2023-08-20,11.0,0.0,0.0,171131
2018-01-14,2018,1,2,201803,Fortaleza,121.0,121,121,121,29,0.0,0.0,4.5038137,0.9107064,1.1979126,1,0,0,0,2686612,25.2857142857143,26.9892857142857,28.1428571428571,72.5011234285714,77.4652044285714,85.3597227142857,True,0,230440020180319589,2023-08-20,16.0,0.0,0.0,171131
2018-01-21,2018,1,3,201804,Fortaleza,119.0,119,119,119,27,0.0,0.0,4.4293704,0.6250221,1.0425549,1,0,1,0,2686612,25.8571428571429,26.7571428571429,27.2857142857143,77.5011857142857,82.006675,87.3973801428571,True,0,230440020180419589,2023-08-20,18.0,0.0,0.0,171131
2018-01-28,2018,1,4,201805,Fortaleza,138.0,138,138,138,38,0.0,0.0,5.136581,0.8780718,1.1563288,1,0,1,0,2686612,25.8571428571429,26.9166665714286,28.2857142857143,74.4170294285714,81.1363922857143,88.8876154285714,True,0,230440020180519589,2023-08-20,3.0,0.0,0.0,171131
2018-02-04,2018,2,5,201806,Fortaleza,135.0,135,135,135,40,0.0,0.0,5.024916,0.74780995,1.086353,2,0,1,0,2686612,26.0,27.0273808571429,28.0,79.073289,85.3767977142857,91.2651938571429,True,0,230440020180619589,2023-08-20,8.0,0.0,0.0,171131
2018-02-11,2018,2,6,201807,Fortaleza,108.0,108,108,108,42,0.0,0.0,4.0199327,0.081797585,0.8345404,2,0,1,0,2686612,23.5714285714286,24.6714285714286,25.7142857142857,86.8275965714286,91.9360514285714,98.3342357142857,True,0,230440020180719589,2023-08-20,2.0,0.0,0.0,171131
2018-02-18,2018,2,7,201808,Fortaleza,173.0,173,173,173,44,0.0,0.0,6.439337,0.9937291,1.333853,2,1,1,1,2686612,24.1428571428571,25.3344154285714,26.7142857142857,85.509073,92.5893557142857,99.1701442857143,True,0,230440020180819589,2023-08-20,13.0,0.0,0.0,171131
2018-02-25,2018,2,8,201809,Fortaleza,169.0,169,169,169,56,0.0,0.0,6.2904506,0.9756437,1.2543445,3,1,1,1,2686612,24.7142857142857,26.7705628571429,28.8571428571429,72.7433462857143,84.8725531428571,95.9217807142857,True,0,230440020180919589,2023-08-20,9.0,0.0,0.0,171131
2018-03-04,2018,3,9,201810,Fortaleza,155.0,155,155,155,47,0.0,0.0,5.769348,0.5606535,1.0175412,2,0,1,0,2686612,25.5714285714286,26.792208,27.7142857142857,80.2392608571429,86.0311965714286,93.601893,True,0,230440020181019589,2023-08-20,7.0,0.0,0.0,171131
2018-03-11,2018,3,10,201811,Fortaleza,209.0,209,209,209,63,0.0,0.0,7.7793145,0.9894675,1.2703644,2,1,1,1,2686612,26.1428571428571,27.3246751428571,28.0,77.6364787142857,83.2444165714286,89.672488,True,0,230440020181119589,2023-08-20,4.0,0.0,0.0,171131
2018-03-18,2018,3,11,201812,Fortaleza,176.0,176,176,176,69,0.0,0.0,6.5510015,0.5714731,1.019458,2,1,1,0,2686612,26.2857142857143,27.4025974285714,28.1428571428571,76.980221,81.8380835714286,89.7106371428571,True,0,230440020181219589,2023-08-20,7.0,0.0,0.0,171131
2018-03-25,2018,3,12,201813,Fortaleza,291.0,291,291,291,88,0.0,0.0,10.831486,0.9999985,1.5389622,2,1,1,1,2686612,24.7142857142857,25.7792208571429,27.1428571428571,85.4310167142857,92.2077085714286,99.1761321428571,True,0,230440020181319589,2023-08-20,5.0,0.0,0.0,171131
2018-04-01,2018,4,13,201814,Fortaleza,391.0,391,391,391,107,0.0,0.0,14.553646,1.0,1.7656311,3,1,1,1,2686612,25.0,26.285714,27.2857142857143,84.4722928571429,90.4110011428571,97.5283964285714,True,0,230440020181419589,2023-08-20,5.0,0.0,0.0,171131
2018-04-08,2018,4,14,201815,Fortaleza,431.0,431,431,431,130,0.0,0.0,16.042511,0.99999994,1.4936565,3,1,1,1,2686612,23.8571428571429,25.1298702857143,27.4285714285714,79.9817152857143,91.2326484285714,96.6745242857143,True,0,230440020181519589,2023-08-20,3.0,0.0,0.0,171131
2018-04-15,2018,4,15,201816,Fortaleza,342.0,342,342,342,96,0.0,0.0,12.729788,0.25301483,0.9510465,2,1,1,0,2686612,24.2857142857143,25.6829002857143,27.1428571428571,81.1453385714286,89.7401701428571,95.89915,True,0,230440020181619589,2023-08-20,6.0,0.0,0.0,171131
2018-04-22,2018,4,16,201817,Fortaleza,216.0,216,216,216,60,0.0,0.0,8.0398655,1.2301049e-11,0.5722001,2,1,1,0,2686612,24.8571428571429,27.6071434285714,30.8571428571429,61.4039262857143,80.0673528571429,95.0447528571429,True,0,230440020181719589,2023-08-20,5.0,0.0,0.0,171131
2018-04-29,2018,4,17,201818,Fortaleza,173.0,173,173,173,41,0.0,0.0,6.439337,3.3816283e-12,0.5327048,2,1,1,0,2686612,24.5714285714286,27.589286,31.0,60.3924607142857,80.3195942857143,96.6925528571429,True,0,230440020181819589,2023-08-20,1.0,0.0,0.0,171131
2018-05-06,2018,5,18,201819,Fortaleza,140.0,140,140,140,26,0.0,0.0,5.2110243,5.2173856e-08,0.57521474,2,0,1,0,2686612,24.0,26.6369042857143,30.5714285714286,63.5103887142857,84.9604342857143,100.0,True,0,230440020181919589,2023-08-20,2.0,0.0,0.0,171131
2018-05-13,2018,5,19,201820,Fortaleza,131.0,131,131,131,27,0.0,0.0,4.87603,0.0017086772,0.7171826,2,0,1,0,2686612,24.7142857142857,27.4761905714286,30.8571428571429,62.5542118571429,80.423238,95.1039007142857,True,0,230440020182019589,2023-08-20,2.0,0.0,0.0,171131
2018-05-20,2018,5,20,201821,Fortaleza,132.0,132,132,132,26,0.0,0.0,4.9132514,0.14439884,0.8813289,2,0,1,0,2686612,25.0,26.5638525714286,28.1428571428571,75.3295241428571,85.9005971428571,95.1844922857143,True,0,230440020182119589,2023-08-20,7.0,0.0,0.0,171131
2018-05-27,2018,5,21,201822,Fortaleza,95.0,95,95,95,12,0.0,0.0,3.536052,0.005221082,0.71134007,2,0,1,0,2686612,25.0,26.3246754285714,27.1428571428571,78.8124435714286,84.3321628571429,91.8801964285714,True,0,230440020182219589,2023-08-20,6.0,0.0,0.0,171131
2018-06-03,2018,6,22,201823,Fortaleza,91.0,91,91,91,22,0.0,0.0,3.3871658,0.020519488,0.75447416,2,0,1,0,2686612,24.7142857142857,25.6753245714286,26.2857142857143,82.9908617142857,88.1947314285714,95.1725165714286,True,0,230440020182319589,2023-08-20,3.0,0.0,0.0,171131
2018-06-10,2018,6,23,201824,Fortaleza,79.0,79,79,79,21,0.0,0.0,2.9405065,0.032578927,0.7607783,2,0,1,0,2686612,24.0,25.7662337142857,26.8571428571429,76.6189142857143,81.4628328571429,87.8935585714286,True,0,230440020182419589,2023-08-20,0.0,0.0,0.0,171131
2018-06-17,2018,6,24,201825,Fortaleza,66.0,66,66,66,15,0.0,0.0,2.4566257,0.028200444,0.7358152,2,0,1,0,2686612,24.1428571428571,25.7012985714286,26.7142857142857,76.6316054285714,83.462812,89.6052831428571,True,0,230440020182519589,2023-08-20,9.0,0.0,0.0,171131
2018-06-24,2018,6,25,201826,Fortaleza,55.0,55,55,55,14,0.0,0.0,2.047188,0.021573106,0.70325977,1,0,0,0,2686612,23.8571428571429,25.3636362857143,26.2857142857143,73.4158664285714,79.8933185714286,85.0513147142857,True,0,230440020182619589,2023-08-20,2.0,0.0,0.0,171131
2018-07-01,2018,7,26,201827,Fortaleza,69.0,69,69,69,17,0.0,0.0,2.5682905,0.5398995,1.0172234,1,0,1,0,2686612,24.4285714285714,25.6753248571429,26.7142857142857,78.7534882857143,84.1048842857143,88.8144208571429,True,0,230440020182719589,2023-08-20,0.0,0.0,0.0,171131
2018-07-08,2018,7,27,201828,Fortaleza,72.0,72,72,72,10,0.0,0.0,2.6799552,0.77682364,1.1396604,1,0,1,0,2686612,24.0,25.2207791428571,26.1428571428571,81.609103,87.3222007142857,93.561818,True,0,230440020182819589,2023-08-20,5.0,0.0,0.0,171131
2018-07-15,2018,7,28,201829,Fortaleza,76.0,76,76,76,12,0.0,0.0,2.8288417,0.7930454,1.146539,1,0,0,0,2686612,23.7142857142857,26.3685065714286,29.0,58.445134,74.2868437142857,85.8112808571429,True,0,230440020182919589,2023-08-20,10.0,0.0,0.0,171131
2018-07-22,2018,7,29,201830,Fortaleza,84.0,84,84,84,16,0.0,0.0,3.1266146,0.8403269,1.1728967,1,0,0,0,2686612,24.4285714285714,27.1547614285714,30.7142857142857,50.6250481428571,70.7304771428571,84.2947931428571,True,0,230440020183019589,2023-08-20,2.0,0.0,0.0,171131
2018-07-29,2018,7,30,201831,Fortaleza,64.0,64,64,64,14,0.0,0.0,2.3821824,0.16423784,0.847676,1,0,1,0,2686612,24.2857142857143,26.7075571428571,29.7142857142857,59.8326907142857,75.8115922857143,90.3381388571429,True,0,230440020183119589,2023-08-20,16.0,0.0,0.0,171131
2018-08-05,2018,8,31,201832,Fortaleza,61.0,61,61,61,14,0.0,0.0,2.2705176,0.11593947,0.81462467,1,0,1,0,2686612,24.8571428571429,26.9761908571429,30.2857142857143,57.1699405714286,76.1118057142857,88.062454,True,0,230440020183219589,2023-08-20,12.0,0.0,0.0,171131
2018-08-12,2018,8,32,201833,Fortaleza,51.0,51,51,51,13,0.0,0.0,1.8983016,0.060607687,0.7521755,1,0,0,0,2686612,24.7142857142857,26.1953462857143,27.5714285714286,71.3302734285714,78.288488,83.7381025714286,True,0,230440020183319589,2023-08-20,0.0,0.0,0.0,171131
2018-08-19,2018,8,33,201834,Fortaleza,43.0,43,43,43,13,0.0,0.0,1.6005288,0.051795073,0.72432613,1,0,0,0,2686612,24.2857142857143,25.7402597142857,26.4285714285714,70.0787257142857,76.3708935714286,80.7507791428571,True,0,230440020183419589,2023-08-20,0.0,0.0,0.0,171131
2018-08-26,2018,8,34,201835,Fortaleza,35.0,35,35,35,8,0.0,0.0,1.3027561,0.038993314,0.6830778,1,0,0,0,2686612,24.4285714285714,25.6753245714286,26.2857142857143,71.4295112857143,77.2358607142857,82.1402537142857,True,0,230440020183519589,2023-08-20,0.0,0.0,0.0,171131
2018-09-02,2018,9,35,201836,Fortaleza,28.0,28,28,28,10,0.0,0.0,1.0422049,0.035574056,0.6501922,1,0,0,0,2686612,24.4285714285714,25.7012985714286,26.2857142857143,74.0643911428571,79.5728057142857,83.607808,True,0,230440020183619589,2023-08-20,1.0,0.0,0.0,171131
2018-09-09,2018,9,36,201837,Fortaleza,36.0,36,36,36,12,0.0,0.0,1.3399776,0.49437046,0.99670124,1,0,0,0,2686612,24.7142857142857,25.7922077142857,26.2857142857143,70.3404347142857,75.7097314285714,79.3627337142857,True,0,230440020183719589,2023-08-20,0.0,0.0,0.0,171131
2018-09-16,2018,9,37,201838,Fortaleza,41.0,41,41,41,9,0.0,0.0,1.5260856,0.82157135,1.2379291,1,0,0,0,2686612,24.7142857142857,25.8311685714286,26.8571428571429,72.7333235714286,78.2934764285714,83.6253545714286,True,0,230440020183819589,2023-08-20,0.0,0.0,0.0,171131
2018-09-23,2018,9,38,201839,Fortaleza,30.0,30,30,30,3,0.0,0.0,1.1166481,0.2755283,0.8629418,1,0,0,0,2686612,25.8571428571429,26.1688314285714,27.0,74.2303002857143,79.9652822857143,83.630608,True,0,230440020183919589,2023-08-20,0.0,0.0,0.0,171131
2018-09-30,2018,9,39,201840,Fortaleza,40.0,40,40,40,5,0.0,0.0,1.4888641,0.67098796,1.1062243,1,0,0,0,2686612,25.7142857142857,26.8436151428571,28.5714285714286,62.9915542857143,73.3105974285714,80.1747551428571,True,0,230440020184019589,2023-08-20,0.0,0.0,0.0,171131
2018-10-07,2018,10,40,201841,Fortaleza,35.0,35,35,35,8,0.0,0.0,1.3027561,0.47468624,0.98508036,1,0,0,0,2686612,25.8571428571429,27.7976191428571,31.1428571428571,52.6046757142857,70.3565807142857,82.9470894285714,True,0,230440020184119589,2023-08-20,0.0,0.0,0.0,171131
2018-10-14,2018,10,41,201842,Fortaleza,32.0,32,32,32,6,0.0,0.0,1.1910912,0.32156062,0.8940926,1,0,0,0,2686612,25.4285714285714,27.400974,30.2857142857143,59.2719064285714,74.2359354285714,85.960054,True,0,230440020184219589,2023-08-20,0.0,0.0,0.0,171131
2018-10-21,2018,10,42,201843,Fortaleza,36.0,36,36,36,13,0.0,0.0,1.3399776,0.5410911,1.024624,1,0,0,0,2686612,26.2857142857143,26.792208,27.7142857142857,72.980304,78.1360542857143,81.5106114285714,True,0,230440020184319589,2023-08-20,0.0,0.0,0.0,171131
2018-10-28,2018,10,43,201844,Fortaleza,30.0,30,30,30,4,0.0,0.0,1.1166481,0.3131896,0.8858981,1,0,0,0,2686612,26.1428571428571,26.7792208571429,28.0,72.3891725714286,77.974152,81.5104534285714,True,0,230440020184419589,2023-08-20,0.0,0.0,0.0,171131
2018-11-04,2018,11,44,201845,Fortaleza,37.0,37,37,37,12,0.0,0.0,1.3771993,0.6655538,1.1066974,1,0,0,0,2686612,26.2857142857143,26.9,27.1428571428571,73.5084,76.7884257142857,80.1477531428571,True,0,230440020184519589,2023-08-20,0.0,0.0,0.0,171131
2018-11-11,2018,11,45,201846,Fortaleza,36.0,36,36,36,8,0.0,0.0,1.3399776,0.62025166,1.075782,1,0,0,0,2686612,26.4285714285714,26.9142857142857,27.1428571428571,74.1717537142857,77.2017387142857,79.5003437142857,True,0,230440020184619589,2023-08-20,0.0,0.0,0.0,171131
2018-11-18,2018,11,46,201847,Fortaleza,48.0,48,48,48,11,0.0,0.0,1.7866368,0.9174055,1.3554446,1,0,0,0,2686612,26.5714285714286,27.1428571428571,27.8571428571429,75.5183967142857,78.1022628571429,83.0040294285714,True,0,230440020184719589,2023-08-20,0.0,0.0,0.0,171131
2018-11-25,2018,11,47,201848,Fortaleza,27.0,27,27,27,4,0.0,0.0,1.0049832,0.0813293,0.707347,1,0,0,0,2686612,26.1428571428571,27.1142857142857,27.8571428571429,74.8889448571429,80.2075378571429,85.2899632857143,True,0,230440020184819589,2023-08-20,0.0,0.0,0.0,171131
2018-12-02,2018,12,48,201849,Fortaleza,56.0,56,56,56,13,0.0,0.0,2.0844097,0.95489293,1.4158444,1,0,1,0,2686612,26.2857142857143,26.9523808571429,27.7142857142857,79.9783667142857,86.7295642857143,100.768192285714,True,0,230440020184919589,2023-08-20,0.0,0.0,0.0,171131
2018-12-09,2018,12,49,201850,Fortaleza,50.0,50,50,50,15,0.0,0.0,1.86108,0.83561546,1.2270641,1,0,1,0,2686612,25.4285714285714,27.9761902857143,30.8571428571429,58.9706897142857,74.7957387142857,87.4798615714286,True,0,230440020185019589,2023-08-20,0.0,0.0,0.0,171131
2018-12-16,2018,12,50,201851,Fortaleza,40.0,40,40,40,13,0.0,0.0,1.4888641,0.26150584,0.87168264,2,0,1,0,2686612,25.4285714285714,27.714286,30.1428571428571,59.932876,75.3117978571428,88.0496217142857,True,0,230440020185119589,2023-08-20,0.0,0.0,0.0,171131
2018-12-23,2018,12,51,201852,Fortaleza,43.0,43,43,43,16,0.0,0.0,1.6005288,0.32939044,0.9115331,2,0,1,0,2686612,24.7142857142857,26.2880951428571,28.4285714285714,72.7401298571429,81.9691814285714,89.6747637142857,True,0,230440020185219589,2023-08-20,0.0,0.0,0.0,171131
2018-12-30,2018,12,52,201901,Fortaleza,85.0,85,85,85,32,0.0,0.0,3.163836,0.9996916,1.8398335,2,0,1,0,2686612,26.4285714285714,27.1142857142857,27.5714285714286,78.2169311428571,81.7558828571429,87.3579152857143,True,0,230440020190119589,2023-08-20,4.0,0.0,0.0,171131
2019-01-06,2019,1,1,201902,Fortaleza,87.0,87,87,87,17,0.0,0.0,3.2382793,0.99653655,1.5803962,2,0,1,0,2686612,25.4285714285714,26.5428571428571,27.4285714285714,80.2792105714286,86.2655357142857,91.9400314285714,True,0,230440020190219589,2023-08-20,4.0,0.0,0.0,171131
2019-01-13,2019,1,2,201903,Fortaleza,104.0,104,104,104,30,0.0,0.0,3.8710465,0.98958755,1.4174708,2,0,1,0,2686612,24.4285714285714,26.5142857142857,28.2857142857143,76.599186,88.1783135714286,100.0,True,0,230440020190319589,2023-08-20,12.0,0.0,0.0,171131
2019-01-20,2019,1,3,201904,Fortaleza,141.0,141,141,141,23,0.0,0.0,5.2482457,0.9995723,1.5569988,2,0,1,0,2686612,25.2857142857143,27.8392857142857,30.5714285714286,62.0197532857143,78.7605608571429,92.0247931428571,True,0,230440020190419589,2023-08-20,10.0,0.0,0.0,171131
2019-01-27,2019,1,4,201905,Fortaleza,120.0,120,120,120,31,0.0,0.0,4.4665923,0.7886008,1.111899,2,0,1,0,2686612,25.4285714285714,28.0773811428571,30.7142857142857,62.6068408571429,79.5143537142857,93.6654765714286,True,0,230440020190519589,2023-08-20,21.0,0.0,0.0,171131
2019-02-03,2019,2,5,201906,Fortaleza,110.0,110,110,110,33,0.0,0.0,4.094376,0.22497869,0.9055656,2,0,1,0,2686612,25.5714285714286,27.2446341428571,29.1428571428571,74.3841644285714,87.0050777142857,95.93968,True,0,230440020190619589,2023-08-20,5.0,0.0,0.0,171131
2019-02-10,2019,2,6,201907,Fortaleza,103.0,103,103,103,28,0.0,0.0,3.8338249,0.12450144,0.8570416,2,0,1,0,2686612,25.5714285714286,26.9428571428571,28.1428571428571,83.8136111428571,88.293488,94.3561485714286,True,0,230440020190719589,2023-08-20,12.0,0.0,0.0,171131
2019-02-17,2019,2,7,201908,Fortaleza,119.0,119,119,119,30,0.0,0.0,4.4293704,0.6692324,1.0591575,2,0,1,0,2686612,26.0,26.9480517142857,27.5714285714286,82.3688204285714,86.3973084285714,91.9146207142857,True,0,230440020190819589,2023-08-20,25.0,0.0,0.0,171131
2019-02-24,2019,2,8,201909,Fortaleza,157.0,157,157,157,35,0.0,0.0,5.8437915,0.9970022,1.4005754,2,0,1,0,2686612,24.2857142857143,25.5194805714286,26.7142857142857,81.6179184285714,88.3497662857143,92.7645608571429,True,0,230440020190919589,2023-08-20,29.0,0.0,0.0,171131
2019-03-03,2019,3,9,201910,Fortaleza,187.0,187,187,187,73,0.0,0.0,6.960439,0.9996664,1.4727577,2,1,1,1,2686612,23.5714285714286,25.1298702857143,26.7142857142857,82.2898204285714,89.4032471428571,95.0268535714286,True,0,230440020191019589,2023-08-20,9.0,0.0,0.0,171131
2019-03-10,2019,3,10,201911,Fortaleza,269.0,269,269,269,102,0.0,0.0,10.01261,1.0,1.7104844,3,1,1,1,2686612,24.4285714285714,25.2987011428571,26.2857142857143,85.8444838571429,91.5132008571429,95.8626971428571,True,0,230440020191119589,2023-08-20,59.0,0.0,0.0,171131
2019-03-17,2019,3,11,201912,Fortaleza,285.0,285,285,285,92,0.0,0.0,10.608156,0.99994665,1.4252461,3,1,1,1,2686612,24.5714285714286,25.7012988571429,26.8571428571429,78.3531917142857,89.6657664285714,95.0978478571429,True,0,230440020191219589,2023-08-20,36.0,0.0,0.0,171131
2019-03-24,2019,3,12,201913,Fortaleza,436.0,436,436,436,153,0.0,0.0,16.228619,1.0,1.7159704,3,1,1,1,2686612,24.1428571428571,25.3116885714286,26.7142857142857,82.3342392857143,91.4643008571429,95.8626971428571,True,0,230440020191319589,2023-08-20,18.0,0.0,0.0,171131
2019-03-31,2019,3,13,201914,Fortaleza,670.0,670,670,670,198,0.0,0.0,24.938473,1.0,2.022519,3,1,1,1,2686612,24.4285714285714,25.5454545714286,26.7142857142857,83.0516362857143,88.9292605714286,93.4088835714286,True,0,230440020191419589,2023-08-20,16.0,0.0,0.0,171131
2019-04-07,2019,4,14,201915,Fortaleza,601.0,601,601,601,172,0.0,0.0,22.370182,0.9999976,1.3271708,3,1,1,1,2686612,25.2857142857143,26.5405845714286,27.8571428571429,76.3405052857143,84.3175451428571,91.868855,True,0,230440020191519589,2023-08-20,13.0,0.0,0.0,171131
2019-04-14,2019,4,15,201916,Fortaleza,426.0,426,426,426,106,0.0,0.0,15.856402,1.2724798e-05,0.76368725,2,1,1,0,2686612,24.8571428571429,25.8766237142857,27.5714285714286,79.9326622857143,88.7475751428571,95.0866885714286,True,0,230440020191619589,2023-08-20,46.0,0.0,0.0,171131
2019-04-21,2019,4,16,201917,Fortaleza,436.0,436,436,436,162,0.0,0.0,16.228619,9.3247065e-05,0.78793705,2,1,1,0,2686612,24.8571428571429,25.9267164285714,27.4285714285714,80.4971084285714,87.754886,94.2628207142857,True,0,230440020191719589,2023-08-20,30.0,0.0,0.0,171131
2019-04-28,2019,4,17,201918,Fortaleza,392.0,392,392,392,141,0.0,0.0,14.590868,0.0013953276,0.81635666,2,1,1,0,2686612,24.8571428571429,26.1323054285714,27.8571428571429,79.0354148571429,87.6260634285714,92.6621928571429,True,0,230440020191819589,2023-08-20,40.0,0.0,0.0,171131
2019-05-05,2019,5,18,201919,Fortaleza,328.0,328,328,328,121,0.0,0.0,12.208685,0.00019727371,0.77166194,2,1,1,0,2686612,25.4285714285714,26.6233765714286,27.8571428571429,78.9565661428571,83.2660872857143,88.837671,True,0,230440020191919589,2023-08-20,12.0,0.0,0.0,171131
2019-05-12,2019,5,19,201920,Fortaleza,371.0,371,371,371,166,0.0,0.0,13.809214,0.28002408,0.958568,2,1,1,0,2686612,25.7142857142857,26.7142857142857,27.5714285714286,80.9030314285714,84.2559085714286,88.75895,True,0,230440020192019589,2023-08-20,14.0,0.0,0.0,171131
2019-05-19,2019,5,20,201921,Fortaleza,322.0,322,322,322,134,0.0,0.0,11.985355,0.08142017,0.8985095,2,1,1,0,2686612,25.0,26.0389605714286,27.1428571428571,80.2696794285714,86.4307684285714,91.142973,True,0,230440020192119589,2023-08-20,47.0,0.0,0.0,171131
2019-05-26,2019,5,21,201922,Fortaleza,288.0,288,288,288,101,0.0,0.0,10.719821,0.012866591,0.8372273,2,1,1,0,2686612,25.2857142857143,26.4415582857143,27.7142857142857,75.5685558571429,82.7090534285714,88.7249257142857,True,0,230440020192219589,2023-08-20,20.0,0.0,0.0,171131
2019-06-02,2019,6,22,201923,Fortaleza,260.0,260,260,260,115,0.0,0.0,9.677616,0.005339307,0.8088071,1,1,0,0,2686612,25.1428571428571,26.7142854285714,27.8571428571429,74.882325,80.1411992857143,85.8428625714286,True,0,230440020192319589,2023-08-20,20.0,0.0,0.0,171131
2019-06-09,2019,6,23,201924,Fortaleza,227.0,227,227,227,108,0.0,0.0,8.449304,0.002922639,0.78406805,1,1,1,0,2686612,24.4285714285714,25.8593074285714,27.2857142857143,77.0020908571429,82.4755114285714,87.4455748571429,True,0,230440020192419589,2023-08-20,11.0,0.0,0.0,171131
2019-06-16,2019,6,24,201925,Fortaleza,197.0,197,197,197,122,0.0,0.0,7.3326554,0.002059691,0.76341814,1,1,1,0,2686612,24.1428571428571,25.4935062857143,27.1428571428571,77.3024665714286,83.6120064285714,88.900726,True,0,230440020192519589,2023-08-20,13.0,0.0,0.0,171131
2019-06-23,2019,6,25,201926,Fortaleza,176.0,176,176,176,101,0.0,0.0,6.5510015,0.0049699154,0.7730503,1,1,0,0,2686612,24.5714285714286,25.948052,27.0,70.8795187142857,78.3933014285714,83.5202988571429,True,0,230440020192619589,2023-08-20,13.0,0.0,0.0,171131
2019-06-30,2019,6,26,201927,Fortaleza,210.0,210,210,210,117,0.0,0.0,7.8165364,0.63857853,1.0354948,1,1,0,0,2686612,24.2857142857143,25.5454545714286,26.7142857142857,75.3924194285714,80.6301064285714,86.5154685714286,True,0,230440020192719589,2023-08-20,13.0,0.0,0.0,171131
2019-07-07,2019,7,27,201928,Fortaleza,229.0,229,229,229,129,0.0,0.0,8.5237465,0.9533929,1.1773348,1,1,0,1,2686612,24.4285714285714,25.8571428571429,27.0,72.8319571428571,78.5928091428571,84.9619802857143,True,0,230440020192819589,2023-08-20,3.0,0.0,0.0,171131
2019-07-14,2019,7,28,201929,Fortaleza,193.0,193,193,193,99,0.0,0.0,7.183769,0.29238424,0.9466643,1,1,0,0,2686612,24.7142857142857,25.9480522857143,26.8571428571429,74.564742,79.2423234285714,85.6973865714286,True,0,230440020192919589,2023-08-20,17.0,0.0,0.0,171131
2019-07-21,2019,7,29,201930,Fortaleza,212.0,212,212,212,100,0.0,0.0,7.8909793,0.5247612,1.0060538,1,1,0,0,2686612,23.5714285714286,25.103896,26.1428571428571,73.5501858571429,78.7698105714286,85.7722814285714,True,0,230440020193019589,2023-08-20,26.0,0.0,0.0,171131
2019-07-28,2019,7,30,201931,Fortaleza,211.0,211,211,211,113,0.0,0.0,7.853758,0.57297295,1.0181341,1,1,0,0,2686612,24.4285714285714,25.8181817142857,27.0,72.0532207142857,77.8664314285714,83.4798608571429,True,0,230440020193119589,2023-08-20,3.0,0.0,0.0,171131
2019-08-04,2019,8,31,201932,Fortaleza,189.0,189,189,189,90,0.0,0.0,7.0348825,0.19787575,0.9181233,1,1,0,0,2686612,23.2857142857143,25.1428568571429,26.2857142857143,67.7115678571429,73.846807,80.194283,True,0,230440020193219589,2023-08-20,19.0,0.0,0.0,171131
2019-08-11,2019,8,32,201933,Fortaleza,183.0,183,183,183,68,0.0,0.0,6.811553,0.15938516,0.9034764,1,1,0,0,2686612,24.2857142857143,25.7922077142857,26.7142857142857,71.9920878571429,76.0383414285714,80.7464288571429,True,0,230440020193319589,2023-08-20,12.0,0.0,0.0,171131
2019-08-18,2019,8,33,201934,Fortaleza,153.0,153,153,153,67,0.0,0.0,5.694905,0.019213954,0.7996673,1,0,0,0,2686612,24.1428571428571,25.7272725714286,26.7142857142857,68.357,73.541842,78.028914,True,0,230440020193419589,2023-08-20,4.0,0.0,0.0,171131
2019-08-25,2019,8,34,201935,Fortaleza,155.0,155,155,155,74,0.0,0.0,5.769348,0.118591435,0.87825245,1,0,0,0,2686612,24.7142857142857,26.0000002857143,26.7142857142857,66.5246385714286,71.65144,76.1035414285714,True,0,230440020193519589,2023-08-20,5.0,0.0,0.0,171131
2019-09-01,2019,9,35,201936,Fortaleza,147.0,147,147,147,73,0.0,0.0,5.4715753,0.1974699,0.90780514,1,0,0,0,2686612,25.1428571428571,26.12987,26.8571428571429,69.7293978571429,74.9786577142857,80.8942828571429,True,0,230440020193619589,2023-08-20,33.0,0.0,0.0,171131
2019-09-08,2019,9,36,201937,Fortaleza,137.0,137,137,137,61,0.0,0.0,5.0993595,0.17968856,0.8979452,1,0,0,0,2686612,24.7142857142857,26.0896105714286,27.0,68.9744028571429,74.0754547142857,79.368024,True,0,230440020193719589,2023-08-20,7.0,0.0,0.0,171131
2019-09-15,2019,9,37,201938,Fortaleza,156.0,156,156,156,63,0.0,0.0,5.8065696,0.7013587,1.062527,1,0,0,0,2686612,25.1428571428571,26.1428568571429,26.8571428571429,70.89141,74.5623177142857,79.3922097142857,True,0,230440020193819589,2023-08-20,4.0,0.0,0.0,171131
2019-09-22,2019,9,38,201939,Fortaleza,154.0,154,154,154,61,0.0,0.0,5.7321267,0.6915313,1.0594512,1,0,0,0,2686612,25.5714285714286,26.1558442857143,26.8571428571429,69.6607142857143,74.3944857142857,79.3640031428571,True,0,230440020193919589,2023-08-20,12.0,0.0,0.0,171131
2019-09-29,2019,9,39,201940,Fortaleza,122.0,122,122,122,57,0.0,0.0,4.541035,0.057168297,0.82499474,1,0,0,0,2686612,24.8571428571429,25.896104,26.7142857142857,70.2446765714286,74.7745022857143,78.7320617142857,True,0,230440020194019589,2023-08-20,3.0,0.0,0.0,171131
2019-10-06,2019,10,40,201941,Fortaleza,76.0,76,76,76,29,0.0,0.0,2.8288417,4.3293385e-06,0.5394758,1,0,0,0,2686612,25.2857142857143,26.2077922857143,27.0,68.4300185714286,72.8850032857143,78.0855371428571,True,0,230440020194119589,2023-08-20,3.0,0.0,0.0,171131
2019-10-13,2019,10,41,201942,Fortaleza,81.0,81,81,81,33,0.0,0.0,3.0149498,0.004400724,0.6879147,1,0,0,0,2686612,25.4285714285714,26.3636362857143,27.1428571428571,69.855716,75.4330621428571,80.9456451428571,True,0,230440020194219589,2023-08-20,47.0,0.0,0.0,171131
2019-10-20,2019,10,42,201943,Fortaleza,104.0,104,104,104,36,0.0,0.0,3.8710465,0.7600705,1.1054509,1,0,0,0,2686612,25.7142857142857,26.3896102857143,27.4285714285714,69.3273471428571,76.2652302857143,80.1115694285714,True,0,230440020194319589,2023-08-20,32.0,0.0,0.0,171131
2019-10-27,2019,10,43,201944,Fortaleza,110.0,110,110,110,37,0.0,0.0,4.094376,0.93133193,1.234588,1,0,0,0,2686612,25.7142857142857,26.4025974285714,27.2857142857143,67.479576,72.3448022857143,76.1178902857143,True,0,230440020194419589,2023-08-20,11.0,0.0,0.0,171131
2019-11-03,2019,11,44,201945,Fortaleza,110.0,110,110,110,52,0.0,0.0,4.094376,0.7915387,1.1189067,1,0,0,0,2686612,25.8571428571429,26.6428571428571,27.0,74.0658357142857,75.6306508571429,79.4441531428571,True,0,230440020194519589,2023-08-20,15.0,0.0,0.0,171131
2019-11-10,2019,11,45,201946,Fortaleza,86.0,86,86,86,41,0.0,0.0,3.2010577,0.08358083,0.81877273,1,0,0,0,2686612,26.0,26.7285714285714,27.0,71.5980785714286,74.85394,78.7606345714286,True,0,230440020194619589,2023-08-20,26.0,0.0,0.0,171131
2019-11-17,2019,11,46,201947,Fortaleza,88.0,88,88,88,47,0.0,0.0,3.2755008,0.15349597,0.8623603,1,0,0,0,2686612,26.1428571428571,26.9,27.2857142857143,72.9140737142857,76.1249691428571,79.5551131428571,True,0,230440020194719589,2023-08-20,9.0,0.0,0.0,171131
2019-11-24,2019,11,47,201948,Fortaleza,82.0,82,82,82,44,0.0,0.0,3.0521712,0.20101638,0.8811768,1,0,0,0,2686612,26.5714285714286,27.0285714285714,27.5714285714286,74.2457142857143,77.7600048571429,80.1636974285714,True,0,230440020194819589,2023-08-20,6.0,0.0,0.0,171131
2019-12-01,2019,12,48,201949,Fortaleza,111.0,111,111,111,53,0.0,0.0,4.1315975,0.9475181,1.258624,1,0,0,0,2686612,26.4285714285714,26.9428571428571,27.2857142857143,73.4845985714286,75.9322564285714,78.1173622857143,True,0,230440020194919589,2023-08-20,12.0,0.0,0.0,171131
2019-12-08,2019,12,49,201950,Fortaleza,91.0,91,91,91,34,0.0,0.0,3.3871658,0.5022465,1.0008334,1,0,0,0,2686612,26.5714285714286,27.2,27.5714285714286,71.1359208571429,74.3997465714286,78.9407677142857,True,0,230440020195019589,2023-08-20,7.0,0.0,0.0,171131
2019-12-15,2019,12,50,201951,Fortaleza,89.0,89,89,89,37,0.0,0.0,3.3127224,0.30055308,0.9261576,1,0,0,0,2686612,26.4285714285714,27.3,27.8571428571429,70.4713337142857,74.8462812857143,80.1713834285714,True,0,230440020195119589,2023-08-20,6.0,0.0,0.0,171131
2019-12-22,2019,12,51,201952,Fortaleza,66.0,66,66,66,19,0.0,0.0,2.4566257,0.01543508,0.70898956,1,0,0,0,2686612,27.0,27.4428571428571,28.0,70.5632217142857,73.9821612857143,76.9551738571429,True,0,230440020195219589,2023-08-20,2.0,0.0,0.0,171131
2019-12-29,2019,12,52,202001,Fortaleza,72.0,72,72,72,43,0.0,0.0,2.6799552,0.17244242,0.8596919,1,0,1,0,2686612,25.6666666666667,27.3944443333333,29.1666666666667,68.5742188333333,78.2967196666667,87.2293603333333,True,0,230440020200119589,2023-08-20,4.0,0.0,0.0,171131
2020-01-05,2020,1,1,202002,Fortaleza,167.0,167,167,167,72,0.0,0.0,6.216007,1.0,2.094827,1,0,0,0,2686612,25.8571428571429,27.7238097142857,29.8571428571429,64.6823847142857,76.5129394285714,86.6527782857143,True,0,230440020200219589,2023-08-20,15.0,0.0,0.0,171131
2020-01-12,2020,1,2,202003,Fortaleza,235.0,235,235,235,102,0.0,0.0,8.747076,1.0,2.281235,1,1,0,1,2686612,25.8571428571429,28.1071431428571,30.7142857142857,63.0497965714286,76.1617985714286,86.5696111428571,True,0,230440020200319589,2023-08-20,14.0,0.0,0.0,171131
2020-01-19,2020,1,3,202004,Fortaleza,258.0,258,258,258,110,0.0,0.0,9.603173,0.99999946,1.624601,3,1,0,1,2686612,27.2857142857143,29.029762,31.7142857142857,57.4438875714286,70.985105,80.2671802857143,True,0,230440020200419589,2023-08-20,4.0,0.0,0.0,171131
2020-01-26,2020,1,4,202005,Fortaleza,313.0,313,313,313,119,0.0,0.0,11.650361,0.99998355,1.43789,3,1,1,1,2686612,24.8571428571429,27.5833334285714,30.2857142857143,63.8746062857143,79.0628127142857,91.0972014285714,True,0,230440020200519589,2023-08-20,48.0,0.0,0.0,171131
2020-02-02,2020,2,5,202006,Fortaleza,405.0,405,405,405,208,0.0,0.0,15.074748,0.99999994,1.518344,3,1,1,1,2686612,24.8571428571429,26.6154762857143,28.5714285714286,72.5088541428571,82.8587435714286,91.0688171428571,True,0,230440020200619589,2023-08-20,25.0,0.0,0.0,171131
2020-02-09,2020,2,6,202007,Fortaleza,552.0,552,552,552,317,0.0,0.0,20.546324,1.0,1.6801798,3,1,1,1,2686612,26.1428571428571,26.9428571428571,27.5714285714286,75.831264,81.8140114285714,87.3645307142857,True,0,230440020200719589,2023-08-20,13.0,0.0,0.0,171131
2020-02-16,2020,2,7,202008,Fortaleza,587.0,587,587,587,343,0.0,0.0,21.84908,0.99999994,1.4057772,3,1,1,1,2686612,24.8571428571429,26.0649348571429,27.2857142857143,80.1834454285714,85.6782,90.2996257142857,True,0,230440020200819589,2023-08-20,25.0,0.0,0.0,171131
2020-02-23,2020,2,8,202009,Fortaleza,834.0,834,834,834,516,0.0,0.0,31.042816,1.0,1.5935681,3,1,1,1,2686612,25.5714285714286,27.1677488571429,28.7142857142857,75.5460208571428,82.913632,88.8755172857143,True,0,230440020200919589,2023-08-20,70.0,0.0,0.0,171131
2020-03-01,2020,3,9,202010,Fortaleza,736.0,736,736,736,453,0.0,0.0,27.395098,0.9974278,1.163496,3,1,1,1,2686612,25.4285714285714,27.5497834285714,30.0,67.2822325714286,80.336565,90.3273628571429,True,0,230440020201019589,2023-08-20,38.0,0.0,0.0,171131
2020-03-08,2020,3,10,202011,Fortaleza,779.0,779,779,779,534,0.0,0.0,28.995626,0.9118789,1.072199,2,1,1,0,2686612,24.5714285714286,26.5000002857143,28.1428571428571,76.0979267142857,84.1875334285714,91.0928464285714,True,0,230440020201119589,2023-08-20,109.0,0.0,0.0,171131
2020-03-15,2020,3,11,202012,Fortaleza,421.0,421,421,421,343,0.0,0.0,15.670294,0.0,0.5682706,2,1,1,0,2686612,25.1428571428571,27.6704542857143,30.8571428571429,64.4315948571429,79.3096294285714,91.0982,True,0,230440020201219589,2023-08-20,171.0,0.0,0.0,171131
2020-03-22,2020,3,12,202013,Fortaleza,296.0,296,296,296,222,0.0,0.0,11.017594,0.0,0.45230758,2,1,1,0,2686612,25.7142857142857,28.6249997142857,31.7142857142857,59.003325,74.3693592857143,88.8200665714286,True,0,230440020201319589,2023-08-20,137.0,0.0,0.0,171131
2020-03-29,2020,3,13,202014,Fortaleza,403.0,403,403,403,282,0.0,0.0,15.000305,0.00125725,0.81687343,2,1,1,0,2686612,25.4285714285714,27.8273811428571,30.5714285714286,67.9016035714286,81.4924021428571,91.9086328571429,True,0,230440020201419589,2023-08-20,95.0,0.0,0.0,171131
2020-04-05,2020,4,14,202015,Fortaleza,415.0,415,415,415,311,0.0,0.0,15.446964,0.8531759,1.0770539,2,1,1,0,2686612,25.7142857142857,28.5357145714286,31.5714285714286,63.8336071428571,78.9544014285714,91.1879494285714,True,0,230440020201519589,2023-08-20,131.0,0.0,0.0,171131
2020-04-12,2020,4,15,202016,Fortaleza,535.0,535,535,535,385,0.0,0.0,19.913557,0.9999994,1.3789284,2,1,1,1,2686612,24.7142857142857,27.4345234285714,31.0,62.1213945714286,80.3588565714286,91.0928464285714,True,0,230440020201619589,2023-08-20,100.0,0.0,0.0,171131
2020-04-19,2020,4,16,202017,Fortaleza,599.0,599,599,599,434,0.0,0.0,22.295738,0.9999994,1.3526859,3,1,1,1,2686612,24.2857142857143,26.779762,30.2857142857143,64.841107,82.53169,93.4150014285714,True,0,230440020201719589,2023-08-20,47.0,0.0,0.0,171131
2020-04-26,2020,4,17,202018,Fortaleza,591.0,591,591,591,405,0.0,0.0,21.997967,0.9899247,1.1501886,3,1,1,1,2686612,24.4285714285714,27.2023808571429,30.5714285714286,63.3815905714286,80.5717865714286,92.6155457142857,True,0,230440020201819589,2023-08-20,46.0,0.0,0.0,171131
2020-05-03,2020,5,18,202019,Fortaleza,477.0,477,477,477,340,0.0,0.0,17.754704,0.004370814,0.8496439,2,1,1,0,2686612,25.2857142857143,28.1785714285714,31.7142857142857,56.9601151428571,74.742315,88.73615,True,0,230440020201919589,2023-08-20,94.0,0.0,0.0,171131
2020-05-10,2020,5,19,202020,Fortaleza,357.0,357,357,357,223,0.0,0.0,13.288112,1.2951218e-10,0.65362,2,1,1,0,2686612,24.7142857142857,27.0916668571429,30.0,63.197789,79.1828251428571,90.3049551428571,True,0,230440020202019589,2023-08-20,39.0,0.0,0.0,171131
2020-05-17,2020,5,20,202021,Fortaleza,334.0,334,334,334,222,0.0,0.0,12.432014,5.0135134e-07,0.70690155,2,1,1,0,2686612,24.7142857142857,27.4166665714286,31.0,61.3805272857143,80.1446165714286,92.6501521428571,True,0,230440020202119589,2023-08-20,89.0,0.0,0.0,171131
2020-05-24,2020,5,21,202022,Fortaleza,297.0,297,297,297,209,0.0,0.0,11.054815,0.00020629962,0.762846,2,1,1,0,2686612,24.8571428571429,27.8035714285714,31.0,59.8892222857143,76.2673428571429,89.5576822857143,True,0,230440020202219589,2023-08-20,45.0,0.0,0.0,171131
2020-05-31,2020,5,22,202023,Fortaleza,371.0,371,371,371,249,0.0,0.0,13.809214,0.8778327,1.0912403,2,1,1,0,2686612,24.8571428571429,27.3630954285714,30.8571428571429,59.990658,78.1014481428571,90.326188,True,0,230440020202319589,2023-08-20,20.0,0.0,0.0,171131
2020-06-07,2020,6,23,202024,Fortaleza,388.0,388,388,388,254,0.0,0.0,14.441981,0.9825261,1.170464,2,1,1,1,2686612,24.1428571428571,26.2946428571429,29.0,66.4349541428571,80.8362777142857,91.8108014285714,True,0,230440020202419589,2023-08-20,51.0,0.0,0.0,171131
2020-06-14,2020,6,24,202025,Fortaleza,436.0,436,436,436,284,0.0,0.0,16.228619,0.9975231,1.2213656,3,1,1,1,2686612,24.1428571428571,26.858884,29.8571428571429,61.9303574285714,76.9440584285714,90.2813908571429,True,0,230440020202519589,2023-08-20,69.0,0.0,0.0,171131
2020-06-21,2020,6,25,202026,Fortaleza,490.0,490,490,490,300,0.0,0.0,18.238585,0.9993826,1.2434037,3,1,0,1,2686612,24.2857142857143,26.8116342857143,29.7142857142857,54.5505834285714,72.4030328571429,85.7207354285714,True,0,230440020202619589,2023-08-20,149.0,0.0,0.0,171131
2020-06-28,2020,6,26,202027,Fortaleza,506.0,506,506,506,293,0.0,0.0,18.83413,0.98964554,1.1629492,3,1,0,1,2686612,25.0,27.133206,30.0,56.6283315714286,74.1313557142857,85.788016,True,0,230440020202719589,2023-08-20,17.0,0.0,0.0,171131
2020-07-05,2020,7,27,202028,Fortaleza,437.0,437,437,437,245,0.0,0.0,16.26584,0.13900681,0.9304898,1,1,1,0,2686612,23.8571428571429,26.2134837142857,28.8571428571429,62.7120222857143,77.2885484285714,88.7457302857143,True,0,230440020202819589,2023-08-20,24.0,0.0,0.0,171131
2020-07-12,2020,7,28,202029,Fortaleza,416.0,416,416,416,237,0.0,0.0,15.484186,0.025955595,0.8777453,1,1,0,0,2686612,24.0,26.9565217142857,30.2857142857143,52.0041548571429,70.596325,84.288414,True,0,230440020202919589,2023-08-20,126.0,0.0,0.0,171131
2020-07-19,2020,7,29,202030,Fortaleza,338.0,338,338,338,195,0.0,0.0,12.580901,7.159612e-05,0.7610486,1,1,0,0,2686612,23.7142857142857,26.917117,30.4285714285714,50.3342498571429,69.7477744285714,85.8212525714286,True,0,230440020203019589,2023-08-20,48.0,0.0,0.0,171131
2020-07-26,2020,7,30,202031,Fortaleza,328.0,328,328,328,210,0.0,0.0,12.208685,0.0034818982,0.8184729,1,1,0,0,2686612,23.5714285714286,26.8447202857143,30.4285714285714,48.7139904285714,66.5433028571429,79.9780325714286,True,0,230440020203119589,2023-08-20,23.0,0.0,0.0,171131
2020-08-02,2020,8,31,202032,Fortaleza,276.0,276,276,276,184,0.0,0.0,10.273162,0.00074563624,0.77599365,1,1,0,0,2686612,23.2857142857143,26.8783645714286,31.2857142857143,44.5857278571429,66.600461,82.7802711428571,True,0,230440020203219589,2023-08-20,22.0,0.0,0.0,171131
2020-08-09,2020,8,32,202033,Fortaleza,272.0,272,272,272,153,0.0,0.0,10.124275,0.027502093,0.85380465,1,1,0,0,2686612,24.1428571428571,27.0313148571429,30.2857142857143,50.0781227142857,68.5901448571429,81.3896905714286,True,0,230440020203319589,2023-08-20,32.0,0.0,0.0,171131
2020-08-16,2020,8,33,202034,Fortaleza,293.0,293,293,293,159,0.0,0.0,10.90593,0.52868587,1.0059682,1,1,0,0,2686612,24.5714285714286,27.2349894285714,30.7142857142857,50.7447318571429,70.3536644285714,84.2417531428571,True,0,230440020203419589,2023-08-20,20.0,0.0,0.0,171131
2020-08-23,2020,8,34,202035,Fortaleza,242.0,242,242,242,134,0.0,0.0,9.0076275,0.05449288,0.86886966,1,1,0,0,2686612,24.5714285714286,27.0608177142857,30.0,54.702031,71.519715,85.0487494285714,True,0,230440020203519589,2023-08-20,13.0,0.0,0.0,171131
2020-08-30,2020,8,35,202036,Fortaleza,182.0,182,182,182,97,0.0,0.0,6.7743316,2.5777917e-05,0.6803982,1,1,0,0,2686612,24.2857142857143,27.2530481428571,30.7142857142857,49.6800337142857,69.256835,82.864964,True,0,230440020203619589,2023-08-20,7.0,0.0,0.0,171131
2020-09-06,2020,9,36,202037,Fortaleza,160.0,160,160,160,84,0.0,0.0,5.9554563,6.191724e-05,0.6777599,1,0,0,0,2686612,24.4285714285714,27.3330748571429,31.1428571428571,50.392795,69.6530522857143,84.3114497142857,True,0,230440020203719589,2023-08-20,14.0,0.0,0.0,171131
2020-09-13,2020,9,37,202038,Fortaleza,162.0,162,162,162,80,0.0,0.0,6.0298996,0.037157096,0.8278463,1,0,0,0,2686612,24.5714285714286,27.21765,30.5714285714286,51.972187,70.1810085714286,82.1404157142857,True,0,230440020203819589,2023-08-20,15.0,0.0,0.0,171131
2020-09-20,2020,9,38,202039,Fortaleza,124.0,124,124,124,59,0.0,0.0,4.6154785,0.004763984,0.7373722,1,0,0,0,2686612,25.2857142857143,27.3216874285714,30.1428571428571,56.1041608571429,71.4728571428571,84.3470745714286,True,0,230440020203919589,2023-08-20,11.0,0.0,0.0,171131
2020-09-27,2020,9,39,202040,Fortaleza,140.0,140,140,140,58,0.0,0.0,5.2110243,0.24369097,0.92198944,1,0,0,0,2686612,25.4285714285714,27.652353,31.2857142857143,49.9618948571429,69.910616,82.2245291428571,True,0,230440020204019589,2023-08-20,19.0,0.0,0.0,171131
2020-10-04,2020,10,40,202041,Fortaleza,115.0,115,115,115,50,0.0,0.0,4.280484,0.0716938,0.8319411,1,0,0,0,2686612,25.5714285714286,27.6920288571429,30.7142857142857,56.2640225714286,72.3586948571429,83.6009708571429,True,0,230440020204119589,2023-08-20,14.0,0.0,0.0,171131
2020-10-11,2020,10,41,202042,Fortaleza,116.0,116,116,116,55,0.0,0.0,4.3177056,0.19525366,0.8962635,1,0,0,0,2686612,25.7142857142857,27.8276397142857,31.1428571428571,55.3699808571429,71.7536211428571,83.655334,True,0,230440020204219589,2023-08-20,8.0,0.0,0.0,171131
2020-10-18,2020,10,42,202043,Fortaleza,93.0,93,93,93,46,0.0,0.0,3.461609,0.030457083,0.77320516,1,0,0,0,2686612,25.7142857142857,27.8470497142857,31.0,57.0808157142857,74.138898,86.6475418571429,True,0,230440020204319589,2023-08-20,15.0,0.0,0.0,171131
2020-10-25,2020,10,43,202044,Fortaleza,78.0,78,78,78,31,0.0,0.0,2.9032848,0.011487717,0.7159332,1,0,0,0,2686612,26.0,27.9997411428571,31.1428571428571,57.9005812857143,73.0525657142857,82.9296602857143,True,0,230440020204419589,2023-08-20,12.0,0.0,0.0,171131
2020-11-01,2020,11,44,202045,Fortaleza,124.0,124,124,124,50,0.0,0.0,4.6154785,0.962461,1.2706859,1,0,0,0,2686612,26.4285714285714,28.1580524285714,31.0,60.3900897142857,74.6376985714286,86.6034011428571,True,0,230440020204519589,2023-08-20,18.0,0.0,0.0,171131
2020-11-08,2020,11,45,202046,Fortaleza,107.0,107,107,107,54,0.0,0.0,3.9827113,0.77632153,1.1123388,1,0,0,0,2686612,25.8571428571429,28.1332817142857,31.4285714285714,56.4480862857143,74.0881464285714,85.2254355714286,True,0,230440020204619589,2023-08-20,21.0,0.0,0.0,171131
2020-11-15,2020,11,46,202047,Fortaleza,122.0,122,122,122,64,0.0,0.0,4.541035,0.85001564,1.1469272,1,0,0,0,2686612,26.5714285714286,28.3217447142857,31.1428571428571,61.9671715714286,74.8971568571429,85.1289542857143,True,0,230440020204719589,2023-08-20,9.0,0.0,0.0,171131
2020-11-22,2020,11,47,202048,Fortaleza,100.0,100,100,100,39,0.0,0.0,3.72216,0.19969293,0.8908696,1,0,0,0,2686612,26.1666666666667,28.1449276666667,31.0,58.2593918333333,72.7590541666667,83.8382038333333,True,0,230440020204819589,2023-08-20,0.0,0.0,0.0,171131
2020-11-29,2020,11,48,202049,Fortaleza,112.0,112,112,112,32,0.0,0.0,4.1688194,0.5037647,1.0012599,1,0,0,0,2686612,,,,,,83.8059542666667,True,0,230440020204919589,2023-08-20,0.0,0.0,0.0,171131
2020-12-06,2020,12,49,202050,Fortaleza,105.0,105,105,105,47,0.0,0.0,3.9082682,0.40459275,0.9675494,1,0,0,0,2686612,,,,,,83.7737047,True,0,230440020205019589,2023-08-20,0.0,0.0,0.0,171131
2020-12-13,2020,12,50,202051,Fortaleza,79.0,79,79,79,40,0.0,0.0,2.9405065,0.024554748,0.7479032,1,0,0,0,2686612,,,,,,83.7414551333333,True,0,230440020205119589,2023-08-20,0.0,0.0,0.0,171131
2020-12-20,2020,12,51,202052,Fortaleza,89.0,89,89,89,30,0.0,0.0,3.3127224,0.23530343,0.900219,1,0,0,0,2686612,,,,,,83.7092055666667,True,0,230440020205219589,2023-08-20,0.0,0.0,0.0,171131
2020-12-27,2020,12,52,202053,Fortaleza,54.0,54,54,54,10,0.0,0.0,2.0099664,0.0020731161,0.61446774,1,0,0,0,2686612,27.0,28.565217,31.5,53.9766265,72.161975,83.676956,True,0,230440020205319589,2023-08-20,2.0,0.0,0.0,171131
2021-01-03,2021,1,53,202101,Fortaleza,123.0,123,123,123,44,0.0,0.0,4.578257,0.9999456,1.7637106,1,0,0,0,2686612,26.5714285714286,28.3371211428571,31.0,60.8252875714286,74.5683437142857,84.6298292857143,True,0,230440020210119684,2023-11-23,26.0,0.0,0.0,171131
2021-01-10,2021,1,1,202102,Fortaleza,116.0,116,116,116,42,0.0,0.0,4.3177056,0.9998031,1.6990631,1,0,0,0,2686612,26.4285714285714,28.1252068571429,31.0,58.3665465714286,73.1414255714286,82.2660772857143,True,0,230440020210219684,2023-11-23,22.0,0.0,0.0,171131
2021-01-17,2021,1,2,202103,Fortaleza,130.0,130,130,130,45,0.0,0.0,4.838808,0.9930141,1.3916805,1,0,1,0,2686612,25.2857142857143,27.3325334285714,29.8571428571429,66.4700267142857,78.456925,89.5675737142857,True,0,230440020210319684,2023-11-23,17.0,0.0,0.0,171131
2021-01-24,2021,1,3,202104,Fortaleza,127.0,127,127,127,54,0.0,0.0,4.7271433,0.76614887,1.0975944,1,0,1,0,2686612,26.0,27.7063492857143,30.0,65.7199437142857,78.7506565714286,88.0941845714286,True,0,230440020210419684,2023-11-23,18.0,0.0,0.0,171131
2021-01-31,2021,1,4,202105,Fortaleza,164.0,164,164,164,90,0.0,0.0,6.1043425,0.9868679,1.2990313,1,0,0,0,2686612,26.0,27.869824,30.2857142857143,64.2077832857143,75.2607862857143,83.7027428571429,True,0,230440020210519684,2023-11-23,42.0,0.0,0.0,171131
2021-02-07,2021,2,5,202106,Fortaleza,184.0,184,184,184,68,0.0,0.0,6.8487744,0.9944286,1.3280404,1,1,0,1,2686612,26.7142857142857,28.5000002857143,30.7142857142857,65.4602558571429,76.8858871428571,85.2248875714286,True,0,230440020210619684,2023-11-23,29.0,0.0,0.0,171131
2021-02-14,2021,2,6,202107,Fortaleza,220.0,220,220,220,88,0.0,0.0,8.188752,0.9989714,1.3740823,3,1,1,1,2686612,25.5714285714286,27.3300397142857,29.4285714285714,70.0592861428571,80.2768022857143,88.9029254285714,True,0,230440020210719684,2023-11-23,46.0,0.0,0.0,171131
2021-02-21,2021,2,7,202108,Fortaleza,217.0,217,217,217,99,0.0,0.0,8.077087,0.9421657,1.1698941,1,1,1,0,2686612,25.4285714285714,27.8530741428571,30.1428571428571,66.4832097142857,78.6291172857143,89.5675737142857,True,0,230440020210819684,2023-11-23,30.0,0.0,0.0,171131
2021-02-28,2021,2,8,202109,Fortaleza,244.0,244,244,244,119,0.0,0.0,9.08207,0.9577269,1.1764349,2,1,1,1,2686612,25.5714285714286,27.5221611428571,29.4285714285714,70.0745932857143,80.1226664285714,90.3109021428571,True,0,230440020210919684,2023-11-23,29.0,0.0,0.0,171131
2021-03-07,2021,3,9,202110,Fortaleza,272.0,272,272,272,149,0.0,0.0,10.124275,0.9841793,1.2131549,3,1,1,1,2686612,25.2857142857143,27.5119048571429,29.7142857142857,70.4667002857143,80.3506921428571,88.9493972857143,True,0,230440020211019684,2023-11-23,120.0,0.0,0.0,171131
2021-03-14,2021,3,10,202111,Fortaleza,235.0,235,235,235,112,0.0,0.0,8.747076,0.39035136,0.97482425,2,1,1,0,2686612,24.8571428571429,27.0327637142857,29.1428571428571,68.8306548571429,80.9446585714286,90.3549237142857,True,0,230440020211119684,2023-11-23,18.0,0.0,0.0,171131
2021-03-21,2021,3,11,202112,Fortaleza,251.0,251,251,251,149,0.0,0.0,9.342622,0.5056342,1.0012609,2,1,1,0,2686612,23.5714285714286,25.7415537142857,28.1428571428571,74.6044431428571,86.6171035714286,96.6623542857143,True,0,230440020211219684,2023-11-23,31.0,0.0,0.0,171131
2021-03-28,2021,3,12,202113,Fortaleza,258.0,258,258,258,148,0.0,0.0,9.603173,0.6653473,1.0386598,2,1,1,0,2686612,24.8571428571429,27.7257268571429,30.8571428571429,65.1020408571429,80.7540744285714,93.4746542857143,True,0,230440020211319684,2023-11-23,43.0,0.0,0.0,171131
2021-04-04,2021,4,13,202114,Fortaleza,453.0,453,453,453,272,0.0,0.0,16.861385,1.0,1.744453,2,1,1,1,2686612,25.8571428571429,28.6023808571429,32.0,58.9930575714286,75.0043657142857,88.9484194285714,True,0,230440020211419684,2023-11-23,22.0,0.0,0.0,171131
2021-04-11,2021,4,14,202115,Fortaleza,496.0,496,496,496,299,0.0,0.0,18.461914,1.0,1.5797168,3,1,1,1,2686612,25.1428571428571,27.5767541428571,30.7142857142857,65.9661621428571,82.0400485714286,93.4447491428571,True,0,230440020211519684,2023-11-23,41.0,0.0,0.0,171131
2021-04-18,2021,4,15,202116,Fortaleza,574.0,574,574,574,329,0.0,0.0,21.365198,0.99999994,1.4041523,3,1,1,1,2686612,24.7142857142857,26.9997167142857,29.8571428571429,69.2196618571429,83.0847401428571,93.463495,True,0,230440020211619684,2023-11-23,17.0,0.0,0.0,171131
2021-04-25,2021,4,16,202117,Fortaleza,751.0,751,751,751,453,0.0,0.0,27.953423,1.0,1.4960146,3,1,1,1,2686612,24.7142857142857,27.7505174285714,30.7142857142857,63.0793147142857,78.3224435714286,92.7083185714286,True,0,230440020211719684,2023-11-23,28.0,0.0,0.0,171131
2021-05-02,2021,5,17,202118,Fortaleza,1037.0,1037,1037,1037,639,0.0,0.0,38.5988,1.0,1.6934642,3,1,1,1,2686612,23.7142857142857,26.1547617142857,29.1428571428571,69.6911125714286,85.6279542857143,97.5164207142857,True,0,230440020211819684,2023-11-23,34.0,0.0,0.0,171131
2021-05-09,2021,5,18,202119,Fortaleza,1368.0,1368,1368,1368,811,0.0,0.0,50.91915,1.0,1.72705,3,2,1,1,2686612,24.0,26.5357142857143,29.4285714285714,68.674674,84.3814028571429,95.8386157142857,True,0,230440020211919684,2023-11-23,54.0,0.0,0.0,171131
2021-05-16,2021,5,19,202120,Fortaleza,1303.0,1303,1303,1303,797,0.0,0.0,48.499744,1.0,1.2650002,4,2,1,1,2686612,25.1428571428571,27.5059522857143,30.2857142857143,63.0475821428571,78.9875415714286,91.9167142857143,True,0,230440020212019684,2023-11-23,40.0,0.0,0.0,171131
2021-05-23,2021,5,20,202121,Fortaleza,1414.0,1414,1414,1414,795,0.0,0.0,52.631344,0.999808,1.1482251,4,2,1,1,2686612,24.7142857142857,27.8928568571429,31.1428571428571,55.973911,73.7002034285714,87.2521051428571,True,0,230440020212119684,2023-11-23,65.0,0.0,0.0,171131
2021-05-30,2021,5,21,202122,Fortaleza,1944.0,1944,1944,1944,915,0.0,0.0,72.358795,1.0,1.4322158,4,2,1,1,2686612,25.0,27.7242497142857,30.8571428571429,55.4920805714286,73.8479134285714,88.062138,True,0,230440020212219684,2023-11-23,71.0,0.0,0.0,171131
2021-06-06,2021,6,22,202123,Fortaleza,2084.0,2084,2084,2084,1044,0.0,0.0,77.56982,1.0,1.3524938,4,2,1,1,2686612,25.2857142857143,27.6643774285714,30.7142857142857,60.8503667142857,76.5573941428571,88.8429074285714,True,0,230440020212319684,2023-11-23,136.0,0.0,0.0,171131
2021-06-13,2021,6,23,202124,Fortaleza,1752.0,1752,1752,1752,889,0.0,0.0,65.21224,0.24496706,0.9770775,4,2,1,0,2686612,25.2857142857143,27.2637162857143,29.7142857142857,64.0312094285714,80.4177544285714,93.578693,True,0,230440020212419684,2023-11-23,30.0,0.0,0.0,171131
2021-06-20,2021,6,24,202125,Fortaleza,1697.0,1697,1697,1697,796,0.0,0.0,63.16506,0.0003620678,0.8933249,4,2,0,0,2686612,25.0,27.5465842857143,30.4285714285714,56.2608948571429,72.5751,85.7361308571429,True,0,230440020212519684,2023-11-23,26.0,0.0,0.0,171131
2021-06-27,2021,6,25,202126,Fortaleza,1457.0,1457,1457,1457,725,0.0,0.0,54.231873,5.954732e-10,0.8076924,4,2,1,0,2686612,25.0,27.2885377142857,30.7142857142857,54.3123661428571,75.912823,89.5562322857143,True,0,230440020212619684,2023-11-23,27.0,0.0,0.0,171131
2021-07-04,2021,7,26,202127,Fortaleza,1380.0,1380,1380,1380,696,0.0,0.0,51.36581,4.8618045e-07,0.8367082,4,2,1,0,2686612,24.8571428571429,27.2282608571429,30.2857142857143,57.6615234285714,74.8174065714286,87.2963368571429,True,0,230440020212719684,2023-11-23,45.0,0.0,0.0,171131
2021-07-11,2021,7,27,202128,Fortaleza,1370.0,1370,1370,1370,682,0.0,0.0,50.993595,0.0062478576,0.9109885,4,2,1,0,2686612,24.7142857142857,27.4684268571429,30.7142857142857,56.2636551428571,74.0630795714286,88.1193117142857,True,0,230440020212819684,2023-11-23,29.0,0.0,0.0,171131
2021-07-18,2021,7,28,202129,Fortaleza,1158.0,1158,1158,1158,514,0.0,0.0,43.102615,1.1315477e-06,0.8290484,1,1,0,0,2686612,24.5714285714286,27.4270182857143,30.5714285714286,50.0618392857143,71.6208527142857,86.5519834285714,True,0,230440020212919684,2023-11-23,40.0,0.0,0.0,171131
2021-07-25,2021,7,29,202130,Fortaleza,951.0,951,951,951,405,0.0,0.0,35.397743,1.0547119e-13,0.7324166,1,1,0,0,2686612,24.5714285714286,27.4192542857143,30.8571428571429,51.5276714285714,72.2577337142857,86.457048,True,0,230440020213019684,2023-11-23,38.0,0.0,0.0,171131
2021-08-01,2021,8,30,202131,Fortaleza,904.0,904,904,904,418,0.0,0.0,33.648327,1.7913134e-08,0.7836396,1,1,0,0,2686612,24.4285714285714,27.7032985714286,31.8571428571429,44.8876325714286,67.5381291428571,84.405942,True,0,230440020213119684,2023-11-23,21.0,0.0,0.0,171131
2021-08-08,2021,8,31,202132,Fortaleza,768.0,768,768,768,340,0.0,0.0,28.58619,1.6129947e-08,0.7679356,1,1,0,0,2686612,25.1428571428571,27.7305902857143,31.1428571428571,52.6860372857143,70.8023855714286,85.2033005714286,True,0,230440020213219684,2023-11-23,40.0,0.0,0.0,171131
2021-08-15,2021,8,32,202133,Fortaleza,722.0,722,722,722,259,0.0,0.0,26.873997,2.503416e-05,0.8164161,1,1,0,0,2686612,24.8571428571429,27.5905797142857,30.8571428571429,48.6227347142857,67.8211934285714,80.1115277142857,True,0,230440020213319684,2023-11-23,22.0,0.0,0.0,171131
2021-08-22,2021,8,33,202134,Fortaleza,545.0,545,545,545,180,0.0,0.0,20.285772,1.745748e-11,0.69345474,1,1,0,0,2686612,25.0,27.6526911428571,31.1428571428571,51.615178,69.2591542857143,80.8855177142857,True,0,230440020213419684,2023-11-23,24.0,0.0,0.0,171131
2021-08-29,2021,8,34,202135,Fortaleza,443.0,443,443,443,170,0.0,0.0,16.48917,3.5316194e-13,0.6487597,1,1,0,0,2686612,25.5714285714286,27.8747411428571,31.2857142857143,50.0450222857143,68.5390651428571,80.12763,True,0,230440020213519684,2023-11-23,13.0,0.0,0.0,171131
2021-09-05,2021,9,35,202136,Fortaleza,390.0,390,390,390,156,0.0,0.0,14.516424,5.6374083e-09,0.6890747,1,1,0,0,2686612,25.4285714285714,27.6990168571429,30.7142857142857,53.1146324285714,70.3256764285714,85.0849748571429,True,0,230440020213619684,2023-11-23,10.0,0.0,0.0,171131
2021-09-12,2021,9,36,202137,Fortaleza,401.0,401,401,401,132,0.0,0.0,14.925862,0.012330784,0.8584298,1,1,0,0,2686612,25.4285714285714,28.0701342857143,31.8571428571429,48.4985167142857,68.5991871428571,81.5305765714286,True,0,230440020213719684,2023-11-23,14.0,0.0,0.0,171131
2021-09-19,2021,9,37,202138,Fortaleza,369.0,369,369,369,133,0.0,0.0,13.734771,0.0598564,0.8946269,1,1,0,0,2686612,25.8571428571429,27.8690477142857,31.1428571428571,54.4347215714286,70.5195257142857,81.5619154285714,True,0,230440020213819684,2023-11-23,13.0,0.0,0.0,171131
2021-09-26,2021,9,38,202139,Fortaleza,336.0,336,336,336,117,0.0,0.0,12.506458,0.026079198,0.86552495,1,1,0,0,2686612,26.0,28.1666665714286,31.8571428571429,51.2865044285714,71.3335921428571,83.6762065714286,True,0,230440020213919684,2023-11-23,18.0,0.0,0.0,171131
2021-10-03,2021,10,39,202140,Fortaleza,236.0,236,236,236,66,0.0,0.0,8.784298,1.2849313e-07,0.65305614,1,1,0,0,2686612,25.8571428571429,28.095238,31.1428571428571,58.0193015714286,72.5558585714286,83.697982,True,0,230440020214019684,2023-11-23,29.0,0.0,0.0,171131
2021-10-10,2021,10,40,202141,Fortaleza,270.0,270,270,270,77,0.0,0.0,10.049832,0.0227521,0.8478479,1,1,0,0,2686612,26.0,28.2173914285714,31.1428571428571,55.8745051428571,70.4792377142857,82.2724904285714,True,0,230440020214119684,2023-11-23,25.0,0.0,0.0,171131
2021-10-17,2021,10,41,202142,Fortaleza,276.0,276,276,276,76,0.0,0.0,10.273162,0.475597,0.99481386,1,1,0,0,2686612,26.5714285714286,28.4940477142857,31.5714285714286,57.3986188571429,72.1072958571429,83.7234278571429,True,0,230440020214219684,2023-11-23,12.0,0.0,0.0,171131
2021-10-24,2021,10,42,202143,Fortaleza,221.0,221,221,221,82,0.0,0.0,8.225974,0.02693423,0.8391364,1,1,0,0,2686612,25.7142857142857,28.338768,31.2857142857143,52.7907497142857,69.259558,82.3228897142857,True,0,230440020214319684,2023-11-23,11.0,0.0,0.0,171131
2021-10-31,2021,10,43,202144,Fortaleza,252.0,252,252,252,81,0.0,0.0,9.379844,0.41563278,0.98129934,1,1,0,0,2686612,26.0,28.2093685714286,31.1428571428571,59.4237455714286,74.2117642857143,86.6150177142857,True,0,230440020214419684,2023-11-23,12.0,0.0,0.0,171131
2021-11-07,2021,11,44,202145,Fortaleza,195.0,195,195,195,53,0.0,0.0,7.258212,0.011964065,0.80537236,1,1,0,0,2686612,26.4285714285714,28.6407862857143,31.5714285714286,56.0058554285714,70.8869722857143,81.7812182857143,True,0,230440020214519684,2023-11-23,9.0,0.0,0.0,171131
2021-11-14,2021,11,45,202146,Fortaleza,191.0,191,191,191,42,0.0,0.0,7.109326,0.03644753,0.83905977,1,1,0,0,2686612,26.7142857142857,28.8069357142857,32.0,54.1964544285714,69.6920007142857,81.7113822857143,True,0,230440020214619684,2023-11-23,17.0,0.0,0.0,171131
2021-11-21,2021,11,46,202147,Fortaleza,198.0,198,198,198,60,0.0,0.0,7.369877,0.29480156,0.94796413,1,1,0,0,2686612,26.7142857142857,28.7884434285714,31.5714285714286,58.4156958571429,71.9569682857143,82.9615488571429,True,0,230440020214719684,2023-11-23,10.0,0.0,0.0,171131
2021-11-28,2021,11,47,202148,Fortaleza,191.0,191,191,191,59,0.0,0.0,7.109326,0.39514732,0.97336125,1,1,0,0,2686612,26.8571428571429,28.97412,32.0,57.0160092857143,72.2541341428571,82.3019571428571,True,0,230440020214819684,2023-11-23,11.0,0.0,0.0,171131
2021-12-05,2021,12,48,202149,Fortaleza,279.0,279,279,279,117,0.0,0.0,10.384827,0.99989754,1.4079396,1,1,0,1,2686612,26.2857142857143,28.7424948571429,31.8571428571429,57.5163881428571,72.8824901428572,85.9574225714286,True,0,230440020214919684,2023-11-23,17.0,0.0,0.0,171131
2021-12-12,2021,12,49,202150,Fortaleza,325.0,325,325,325,113,0.0,0.0,12.09702,0.99999654,1.4747548,3,1,0,1,2686612,26.8571428571429,29.0499482857143,31.8571428571429,58.4447698571429,70.8612062857143,83.1581538571429,True,0,230440020215019684,2023-11-23,158.0,0.0,0.0,171131
2021-12-19,2021,12,50,202151,Fortaleza,133.0,133,133,133,61,0.0,0.0,4.950473,2.0602331e-10,0.5217615,1,0,0,0,2686612,27.0,28.8289337142857,31.5714285714286,58.4685042857143,71.8688857142857,81.6184385714286,True,0,230440020215119684,2023-11-23,19.0,0.0,0.0,171131
2021-12-26,2021,12,51,202152,Fortaleza,19.0,19,19,19,15,0.0,0.0,0.7072104,0.0,0.07864576,1,0,1,0,2686612,26.4285714285714,28.3493791428571,30.5714285714286,65.1923567142857,77.3717134285714,87.4063068571429,True,0,230440020215219684,2023-11-23,21.0,0.0,0.0,171131
2022-01-02,2022,1,52,202201,Fortaleza,210.0,210,210,210,30,0.0,0.0,7.8165364,0.991978,1.2838376,1,1,1,1,2686612,25.0,27.3317805714286,29.8571428571429,67.0270498571429,80.3651507142857,91.9069408571429,True,0,230440020220119684,2023-11-23,77.0,0.0,0.0,171131
2022-01-09,2022,1,1,202202,Fortaleza,242.0,242,242,242,30,0.0,0.0,9.0076275,1.0,1.9762994,3,1,1,1,2686612,25.1428571428571,27.5416668571429,30.4285714285714,62.5360528571429,77.9770842857143,90.4648331428571,True,0,230440020220219684,2023-11-23,109.0,0.0,0.0,171131
2022-01-16,2022,1,2,202203,Fortaleza,169.0,169,169,169,31,0.0,0.0,6.2904506,0.59283143,1.0260116,2,0,1,0,2686612,25.5714285714286,27.477241,29.8571428571429,68.2217762857143,80.8500647142857,88.9226528571429,True,0,230440020220319684,2023-11-23,30.0,0.0,0.0,171131
2022-01-23,2022,1,3,202204,Fortaleza,115.0,115,115,115,24,0.0,0.0,4.280484,1.8104295e-06,0.58637846,2,0,1,0,2686612,24.2857142857143,26.6170635714286,29.0,69.8361392857143,80.0923502857143,88.9429611428571,True,0,230440020220419684,2023-11-23,19.0,0.0,0.0,171131
2022-01-30,2022,1,4,202205,Fortaleza,138.0,138,138,138,34,0.0,0.0,5.136581,0.024241414,0.7990914,2,0,1,0,2686612,25.2857142857143,28.0178574285714,30.7142857142857,64.2628032857143,78.4306784285714,91.1421565714286,True,0,230440020220519684,2023-11-23,14.0,0.0,0.0,171131
2022-02-06,2022,2,5,202206,Fortaleza,187.0,187,187,187,33,0.0,0.0,6.960439,0.9907287,1.2962803,1,1,0,1,2686612,26.5714285714286,28.2619048571429,30.5714285714286,63.0965094285714,74.2721975714286,81.7312088571429,True,0,230440020220619684,2023-11-23,21.0,0.0,0.0,171131
2022-02-13,2022,2,6,202207,Fortaleza,298.0,298,298,298,43,0.0,0.0,11.092037,1.0,1.9295068,3,1,1,1,2686612,25.2857142857143,27.9960317142857,30.2857142857143,64.1128785714286,76.1162858571429,91.3158715714286,True,0,230440020220719684,2023-11-23,17.0,0.0,0.0,171131
2022-02-20,2022,2,7,202208,Fortaleza,322.0,322,322,322,51,0.0,0.0,11.985355,0.9999999,1.5747479,3,1,1,1,2686612,25.7142857142857,28.1190477142857,30.7142857142857,63.1198384285714,76.8640301428571,89.6409652857143,True,0,230440020220819684,2023-11-23,35.0,0.0,0.0,171131
2022-02-27,2022,2,8,202209,Fortaleza,439.0,439,439,439,78,0.0,0.0,16.340282,1.0,1.6037507,3,1,1,1,2686612,26.0,28.1726194285714,30.7142857142857,64.1643,77.1288762857143,88.1099731428571,True,0,230440020220919684,2023-11-23,22.0,0.0,0.0,171131
2022-03-06,2022,3,9,202210,Fortaleza,490.0,490,490,490,90,0.0,0.0,18.238585,0.9999998,1.4245389,3,1,1,1,2686612,24.2857142857143,26.940476,29.8571428571429,69.1081985714286,82.9120492857143,96.686565,True,0,230440020221019684,2023-11-23,17.0,0.0,0.0,171131
2022-03-13,2022,3,10,202211,Fortaleza,687.0,687,687,687,158,0.0,0.0,25.57124,1.0,1.6140234,3,1,1,1,2686612,24.0,26.2566325714286,28.5714285714286,75.7044831428571,87.4729358571429,97.5164207142857,True,0,230440020221119684,2023-11-23,29.0,0.0,0.0,171131
2022-03-20,2022,3,11,202212,Fortaleza,780.0,780,780,780,222,0.0,0.0,29.032848,1.0,1.4750805,3,1,1,1,2686612,24.1428571428571,26.693877,29.7142857142857,70.9489978571429,85.248446,96.686565,True,0,230440020221219684,2023-11-23,11.0,0.0,0.0,171131
2022-03-27,2022,3,12,202213,Fortaleza,989.0,989,989,989,326,0.0,0.0,36.812164,1.0,1.4986155,3,1,1,1,2686612,23.5714285714286,26.0214171428571,28.8571428571429,73.6933582857143,88.2442544285714,99.1701442857143,True,0,230440020221319684,2023-11-23,29.0,0.0,0.0,171131
2022-04-03,2022,4,13,202214,Fortaleza,1320.0,1320,1320,1320,633,0.0,0.0,49.132515,1.0,1.6167938,3,2,1,1,2686612,24.4285714285714,26.3190474285714,29.0,74.53404,87.8782357142857,96.6985407142857,True,0,230440020221419684,2023-11-23,66.0,0.0,0.0,171131
2022-04-10,2022,4,14,202215,Fortaleza,1501.0,1501,1501,1501,676,0.0,0.0,55.86962,1.0,1.4671736,4,2,1,1,2686612,25.1428571428571,27.5392857142857,30.4285714285714,67.1763677142857,81.9017677142857,94.2568328571429,True,0,230440020221519684,2023-11-23,27.0,0.0,0.0,171131
2022-04-17,2022,4,15,202216,Fortaleza,1803.0,1803,1803,1803,800,0.0,0.0,67.11055,1.0,1.417809,4,2,1,1,2686612,24.5714285714286,27.1837474285714,30.0,71.2063958571429,84.2459612857143,95.88652,True,0,230440020221619684,2023-11-23,62.0,0.0,0.0,171131
2022-04-24,2022,4,16,202217,Fortaleza,1776.0,1776,1776,1776,776,0.0,0.0,66.10556,0.9999986,1.178249,4,2,1,1,2686612,24.4285714285714,27.2278142857143,30.4285714285714,65.4715802857143,81.29799,92.7144071428571,True,0,230440020221719684,2023-11-23,52.0,0.0,0.0,171131
2022-05-01,2022,5,17,202218,Fortaleza,2269.0,2269,2269,2269,997,0.0,0.0,84.45581,1.0,1.326518,4,2,1,1,2686612,24.7142857142857,27.195346,29.8571428571429,67.6607372857143,81.9068878571428,91.940758,True,0,230440020221819684,2023-11-23,59.0,0.0,0.0,171131
2022-05-08,2022,5,18,202219,Fortaleza,2604.0,2604,2604,2604,1173,0.0,0.0,96.92505,1.0,1.3552316,4,2,1,1,2686612,24.1428571428571,26.2358057142857,28.7142857142857,74.5844617142857,86.003804,95.0388292857143,True,0,230440020221919684,2023-11-23,78.0,0.0,0.0,171131
2022-05-15,2022,5,19,202220,Fortaleza,2620.0,2620,2620,2620,1292,0.0,0.0,97.52059,1.0,1.1851642,4,2,1,1,2686612,25.2857142857143,27.6428571428571,30.4285714285714,66.8579342857143,82.3192214285714,94.2269371428571,True,0,230440020222019684,2023-11-23,88.0,0.0,0.0,171131
2022-05-22,2022,5,20,202221,Fortaleza,1754.0,1754,1754,1754,981,0.0,0.0,65.28669,0.0,0.7246071,4,2,1,0,2686612,23.4285714285714,26.1179651428571,29.8571428571429,65.6281137142857,84.0637298571429,96.6745242857143,True,0,230440020222119684,2023-11-23,85.0,0.0,0.0,171131
2022-05-29,2022,5,21,202222,Fortaleza,2293.0,2293,2293,2293,1312,0.0,0.0,85.34913,0.1847957,0.9740211,4,2,1,0,2686612,23.8571428571429,26.062925,29.1428571428571,70.1319608571429,86.2912812857143,95.8567092857143,True,0,230440020222219684,2023-11-23,135.0,0.0,0.0,171131
2022-06-05,2022,6,22,202223,Fortaleza,2289.0,2289,2289,2289,1318,0.0,0.0,85.20024,0.9705125,1.0582422,4,2,1,1,2686612,23.7142857142857,25.6736392857143,28.1428571428571,73.5189848571429,86.3264035714286,94.2327514285714,True,0,230440020222319684,2023-11-23,98.0,0.0,0.0,171131
2022-06-12,2022,6,23,202224,Fortaleza,1849.0,1849,1849,1849,1218,0.0,0.0,68.82274,1.2721263e-06,0.8615248,4,2,1,0,2686612,24.5714285714286,26.7678568571429,29.7142857142857,61.453564,76.6857224285714,88.0238194285714,True,0,230440020222419684,2023-11-23,72.0,0.0,0.0,171131
2022-06-19,2022,6,24,202225,Fortaleza,1710.0,1710,1710,1710,961,0.0,0.0,63.648937,2.9498848e-11,0.8087364,4,2,1,0,2686612,24.0,26.1071431428571,28.7142857142857,66.0244368571429,80.5667957142857,92.5980342857143,True,0,230440020222519684,2023-11-23,80.0,0.0,0.0,171131
2022-06-26,2022,6,25,202226,Fortaleza,1538.0,1538,1538,1538,715,0.0,0.0,57.246822,3.818923e-11,0.8009363,4,2,1,0,2686612,24.4285714285714,26.8571428571429,30.1428571428571,60.8960234285714,78.6128784285714,93.4826185714286,True,0,230440020222619684,2023-11-23,75.0,0.0,0.0,171131
2022-07-03,2022,7,26,202227,Fortaleza,938.0,938,938,938,478,0.0,0.0,34.91386,0.0,0.5562224,2,1,1,0,2686612,22.8571428571429,25.5698054285714,28.5714285714286,65.0953854285714,80.60768,93.41572,True,0,230440020222719684,2023-11-23,98.0,0.0,0.0,171131
2022-07-10,2022,7,27,202228,Fortaleza,747.0,747,747,747,382,0.0,0.0,27.804537,0.0,0.5317005,2,1,1,0,2686612,24.5714285714286,26.5952382857143,29.2857142857143,61.162032,77.2674492857143,87.9260408571429,True,0,230440020222819684,2023-11-23,63.0,0.0,0.0,171131
2022-07-17,2022,7,28,202229,Fortaleza,816.0,816,816,816,433,0.0,0.0,30.372826,1.7956272e-09,0.7611966,2,1,1,0,2686612,24.1428571428571,26.5103175714286,29.2857142857143,62.2905298571429,76.401962,90.3184265714286,True,0,230440020222919684,2023-11-23,47.0,0.0,0.0,171131
2022-07-24,2022,7,29,202230,Fortaleza,735.0,735,735,735,449,0.0,0.0,27.357876,0.0015246652,0.8616876,1,1,0,0,2686612,24.4285714285714,26.9189775714286,30.2857142857143,54.6859028571429,73.802012,86.5652922857143,True,0,230440020223019684,2023-11-23,13.0,0.0,0.0,171131
2022-07-31,2022,7,30,202231,Fortaleza,859.0,859,859,859,515,0.0,0.0,31.973354,0.9595066,1.0898151,1,1,1,1,2686612,24.0,26.0837304285714,28.8571428571429,65.4887371428571,80.18555,90.3805802857143,True,0,230440020223119684,2023-11-23,25.0,0.0,0.0,171131
2022-08-07,2022,8,31,202232,Fortaleza,605.0,605,605,605,323,0.0,0.0,22.519068,2.053542e-06,0.77975494,1,1,1,0,2686612,24.2857142857143,26.9285714285714,30.0,58.164465,74.9370078571429,87.246134,True,0,230440020223219684,2023-11-23,23.0,0.0,0.0,171131
2022-08-14,2022,8,32,202233,Fortaleza,568.0,568,568,568,331,0.0,0.0,21.141869,4.885965e-07,0.7623198,1,1,0,0,2686612,23.2857142857143,26.3239011428571,29.5714285714286,50.9580555714286,70.1304648571429,82.7117668571429,True,0,230440020223319684,2023-11-23,24.0,0.0,0.0,171131
2022-08-21,2022,8,33,202234,Fortaleza,473.0,473,473,473,297,0.0,0.0,17.605818,2.5305837e-08,0.7214863,1,1,0,0,2686612,24.0,26.7069598571429,30.1428571428571,50.9563738571429,71.6180652857143,84.2740011428571,True,0,230440020223419684,2023-11-23,20.0,0.0,0.0,171131
2022-08-28,2022,8,34,202235,Fortaleza,442.0,442,442,442,228,0.0,0.0,16.451948,8.3248226e-05,0.7878035,1,1,0,0,2686612,24.1428571428571,26.5693725714286,29.4285714285714,55.802585,71.8595151428571,82.1782514285714,True,0,230440020223519684,2023-11-23,0.0,0.0,0.0,171131
2022-09-04,2022,9,35,202236,Fortaleza,451.0,451,451,451,192,0.0,0.0,16.786942,0.08075616,0.9129349,1,1,0,0,2686612,24.5714285714286,27.345238,31.1428571428571,44.8360584285714,65.8117125714286,80.8026988571429,True,0,230440020223619684,2023-11-23,5.0,0.0,0.0,171131
2022-09-11,2022,9,36,202237,Fortaleza,398.0,398,398,398,167,0.0,0.0,14.814198,0.025654575,0.8749829,1,1,0,0,2686612,25.0,26.6527777142857,28.5714285714286,64.4444011428571,75.6241244285714,85.856362,True,0,230440020223719684,2023-11-23,0.0,0.0,0.0,171131
2022-09-18,2022,9,37,202238,Fortaleza,360.0,360,360,360,161,0.0,0.0,13.399776,0.0058831996,0.83574694,1,1,0,0,2686612,25.4285714285714,27.0141774285714,29.4285714285714,61.2212342857143,74.8755998571429,84.2857822857143,True,0,230440020223819684,2023-11-23,0.0,0.0,0.0,171131
2022-09-25,2022,9,38,202239,Fortaleza,260.0,260,260,260,138,0.0,0.0,9.677616,5.7731373e-08,0.6580744,1,1,0,0,2686612,25.4285714285714,27.2115388571429,29.8571428571429,58.222506,72.4194042857143,82.2562502857143,True,0,230440020223919684,2023-11-23,0.0,0.0,0.0,171131
2022-10-02,2022,10,39,202240,Fortaleza,297.0,297,297,297,95,0.0,0.0,11.054815,0.028336681,0.8602606,1,1,0,0,2686612,25.2857142857143,27.4350645714286,30.4285714285714,56.107463,72.6827,85.8972531428571,True,0,230440020224019684,2023-11-23,0.0,0.0,0.0,171131
2022-10-09,2022,10,40,202241,Fortaleza,192.0,192,192,192,75,0.0,0.0,7.1465473,9.915135e-07,0.647308,1,1,0,0,2686612,25.8571428571429,27.9583334285714,31.2857142857143,52.618701,70.853955,80.8942994285714,True,0,230440020224119684,2023-11-23,0.0,0.0,0.0,171131
2022-10-16,2022,10,41,202242,Fortaleza,204.0,204,204,204,84,0.0,0.0,7.5932064,0.00451311,0.784216,1,1,0,0,2686612,25.4285714285714,27.6604557142857,30.5714285714286,54.146758,71.4639482857143,83.7179377142857,True,0,230440020224219684,2023-11-23,0.0,0.0,0.0,171131
2022-10-23,2022,10,42,202243,Fortaleza,160.0,160,160,160,64,0.0,0.0,5.9554563,0.00071179174,0.7202345,1,0,0,0,2686612,25.8571428571429,27.7103177142857,29.8571428571429,61.2658278571429,73.2093607142857,82.8818274285714,True,0,230440020224319684,2023-11-23,0.0,0.0,0.0,171131
2022-10-30,2022,10,43,202244,Fortaleza,159.0,159,159,159,60,0.0,0.0,5.9182343,0.037200764,0.82649416,1,0,0,0,2686612,25.2857142857143,27.8417917142857,30.8571428571429,57.4400791428571,73.2638652857143,85.8723248571429,True,0,230440020224419684,2023-11-23,0.0,0.0,0.0,171131
2022-11-06,2022,11,44,202245,Fortaleza,200.0,200,200,200,86,0.0,0.0,7.44432,0.90934026,1.148223,1,1,0,0,2686612,25.7142857142857,27.5487011428571,30.2857142857143,62.1810008571429,74.3288985714286,85.8298442857143,True,0,230440020224519684,2023-11-23,0.0,0.0,0.0,171131
2022-11-13,2022,11,45,202246,Fortaleza,254.0,254,254,254,81,0.0,0.0,9.454287,0.99991745,1.4418694,1,1,0,1,2686612,25.8571428571429,27.5571428571429,29.2857142857143,63.7348662857143,73.3746991428571,82.3532862857143,True,0,230440020224619684,2023-11-23,0.0,0.0,0.0,171131
2022-11-20,2022,11,46,202247,Fortaleza,176.0,176,176,176,59,0.0,0.0,6.5510015,0.119188264,0.8853405,1,0,0,0,2686612,26.1428571428571,27.700397,29.8571428571429,60.5606511428571,72.6957478571429,81.5417505714286,True,0,230440020224719684,2023-11-23,0.0,0.0,0.0,171131
2022-11-27,2022,11,47,202248,Fortaleza,173.0,173,173,173,61,0.0,0.0,6.439337,0.026091674,0.8200062,1,0,0,0,2686612,26.2857142857143,27.770238,30.2857142857143,59.4643968571429,72.4192072857143,81.5147902857143,True,0,230440020224819684,2023-11-23,0.0,0.0,0.0,171131
2022-12-04,2022,12,48,202249,Fortaleza,118.0,118,118,118,48,0.0,0.0,4.392149,4.037639e-05,0.63308525,1,0,0,0,2686612,25.7142857142857,27.8820348571429,31.0,57.8666952857143,73.16359,85.8540868571429,True,0,230440020224919708,2023-12-17,0.0,0.0,0.0,171131
2022-12-11,2022,12,49,202250,Fortaleza,102.0,102,102,102,38,0.0,0.0,3.7966032,0.0005744754,0.663512,1,0,0,0,2686612,26.3333333333333,28.017045,30.3333333333333,60.7857986666667,73.1809623333333,82.0990931666667,True,0,230440020225019718,2023-12-27,0.0,0.0,0.0,171131
2022-12-18,2022,12,50,202251,Fortaleza,98.0,98,98,98,28,0.0,0.0,3.647717,0.030448131,0.7780268,1,0,0,0,2686612,25.5,27.5625,30.5,58.690465,72.909875,81.173031,True,0,230440020225119718,2023-12-27,0.0,0.0,0.0,171131
2022-12-25,2022,12,51,202252,Fortaleza,140.0,140,140,140,39,0.0,0.0,5.2110243,0.9719169,1.2739125,1,0,0,0,2686612,25.3333333333333,26.8050506666667,28.0,68.9519556666667,75.6661633333333,83.490202,True,0,230440020225219733,2024-01-11,0.0,0.0,0.0,171131
2023-01-01,2023,1,52,202301,Fortaleza,263.0,263,263,263,90,0.0,0.0,9.789281,1.0,2.1988823,1,1,0,1,2686612,26.0,28.1190474285714,30.7142857142857,62.0516348571429,74.4659814285714,85.1160938571429,True,0,230440020230119740,2024-01-18,0.0,0.0,0.0,171131
2023-01-08,2023,1,1,202302,Fortaleza,187.0,187,187,187,57,0.0,0.0,6.960439,0.92944044,1.1713299,1,1,0,0,2686612,26.5714285714286,27.9583334285714,30.1428571428571,65.4517624285714,76.3165211428571,85.1289542857143,True,0,230440020230219747,2024-01-25,0.0,0.0,0.0,171131
2023-01-15,2023,1,2,202303,Fortaleza,255.0,255,255,255,94,0.0,0.0,9.4915085,0.99187714,1.2522616,1,1,0,1,2686612,26.7142857142857,26.7142857142857,26.7142857142857,82.3323757142857,82.3323757142857,82.3323757142857,True,0,230440020230319747,2024-01-25,0.0,0.0,0.0,171131
2023-01-22,2023,1,3,202304,Fortaleza,270.0,270,270,270,108,0.0,0.0,10.049832,0.98391706,1.2133083,3,1,0,1,2686612,26.7142857142857,26.7142857142857,26.7142857142857,83.075269,83.075269,83.075269,True,0,230440020230419752,2024-01-30,0.0,0.0,0.0,171131
2023-01-29,2023,1,4,202305,Fortaleza,265.0,265,265,265,116,0.0,0.0,9.863725,0.8525471,1.0975267,1,1,0,0,2686612,26.5714285714286,27.4464285714286,28.2857142857143,75.7676025714286,80.2642725714286,84.5405547142857,True,0,230440020230519759,2024-02-06,0.0,0.0,0.0,171131
2023-02-05,2023,2,5,202306,Fortaleza,312.0,312,312,312,122,0.0,0.0,12.017763,0.98232967,1.1923636,1,1,0,1,2596157,27.5714285714286,27.5714285714286,27.5714285714286,79.5996832857143,79.9473411428571,80.2949991428571,True,0,230440020230619768,2024-02-15,0.0,0.0,0.0,171131
2023-02-12,2023,2,6,202307,Fortaleza,350.0,350,350,350,141,0.0,0.0,13.481465,0.99736804,1.2496636,3,1,0,1,2596157,27.2,27.2,27.2,82.7817414,83.6242122,84.4666862,True,0,230440020230719773,2024-02-20,0.0,0.0,0.0,171131
2023-02-19,2023,2,7,202308,Fortaleza,506.0,506,506,506,208,0.0,0.0,19.490347,1.0,1.5995725,3,1,1,1,2596157,25.2916666666667,27.0225694166667,29.375,71.8143407916667,82.8142120416667,91.3647552083333,True,0,230440020230819780,2024-02-27,0.0,0.0,0.0,171131
2023-02-26,2023,2,8,202309,Fortaleza,713.0,713,713,713,242,0.0,0.0,27.46367,1.0,1.8207539,3,1,0,1,2596157,26.9130434782609,27.0289853913043,27.2608695652174,82.5229054782609,83.7531966956522,85.0126223478261,True,0,230440020230919786,2024-03-04,0.0,0.0,0.0,171131
2023-03-05,2023,3,9,202310,Fortaleza,760.0,760,760,760,268,0.0,0.0,29.274038,1.0,1.466703,3,1,0,1,2596157,27.7,27.85,28.0,80.3804283,81.3592934,82.33815965,True,0,230440020231019794,2024-03-12,0.0,0.0,0.0,171131
2023-03-12,2023,3,10,202311,Fortaleza,783.0,783,783,783,256,0.0,0.0,30.159964,0.9996783,1.1976687,3,1,1,1,2596157,26.1818181818182,26.3181818181818,26.4545454545455,87.0743696818182,88.4880111818182,89.9016550909091,True,0,230440020231119800,2024-03-18,0.0,0.0,0.0,171131
2023-03-19,2023,3,11,202312,Fortaleza,730.0,730,730,730,211,0.0,0.0,28.118484,0.4609233,0.994886,1,1,1,0,2596157,24.2307692307692,26.8653849230769,29.8461538461538,67.3970634615385,81.7898036153846,94.21723,True,0,230440020231219808,2024-03-26,0.0,0.0,0.0,171131
2023-03-26,2023,3,12,202313,Fortaleza,583.0,583,583,583,205,0.0,0.0,22.456268,4.132523e-06,0.78231484,2,1,1,0,2596157,25.4583333333333,26.2881945,27.375,80.2670434166667,86.9498855,91.7764849166667,True,0,230440020231319814,2024-04-01,0.0,0.0,0.0,171131
2023-04-02,2023,4,13,202314,Fortaleza,414.0,414,414,414,122,0.0,0.0,15.946648,0.0,0.6014139,2,1,1,0,2596157,24.1428571428571,26.2976191428571,29.5714285714286,69.7779632857143,87.0079291428571,96.6925528571429,True,0,230440020231419821,2024-04-08,0.0,0.0,0.0,171131
2023-04-09,2023,4,14,202315,Fortaleza,467.0,467,467,467,166,0.0,0.0,17.988127,0.00022630049,0.80468535,2,1,1,0,2596157,24.4285714285714,26.7797617142857,30.1428571428571,69.1412817142857,84.8817374285714,95.0448171428571,True,0,230440020231519827,2024-04-14,0.0,0.0,0.0,171131
2023-04-16,2023,4,15,202316,Fortaleza,458.0,458,458,458,153,0.0,0.0,17.64146,0.17306688,0.94055694,2,1,1,0,2596157,25.2857142857143,27.7678571428571,30.5714285714286,66.4866514285714,82.1057221428571,94.2747964285714,True,0,230440020231619835,2024-04-22,0.0,0.0,0.0,171131
2023-04-23,2023,4,16,202317,Fortaleza,391.0,391,391,391,114,0.0,0.0,15.060722,0.016021218,0.86269116,2,1,1,0,2596157,25.1428571428571,27.2559525714286,30.2857142857143,67.7129744285714,81.4073677142857,93.5346714285714,True,0,230440020231719841,2024-04-28,0.0,0.0,0.0,171131
2023-04-30,2023,4,17,202318,Fortaleza,447.0,447,447,447,187,0.0,0.0,17.217756,0.599547,1.0170758,1,1,0,0,2596157,27.1,27.2333332,27.3,85.5005954,85.6935366,86.5953904,True,0,230440020231819848,2024-05-05,0.0,0.0,0.0,171131
2023-05-07,2023,5,18,202319,Fortaleza,417.0,417,417,417,202,0.0,0.0,16.062202,0.39646262,0.98207337,1,1,0,0,2596157,27.4,28.0,29.0,74.7840691,80.4507546,84.7532768,True,0,230440020231919855,2024-05-12,0.0,0.0,0.0,171131
2023-05-14,2023,5,19,202320,Fortaleza,342.0,342,342,342,151,0.0,0.0,13.173317,0.002550095,0.81592095,1,1,1,0,2596157,26.76,27.94,29.12,74.66627164,82.12363944,88.68801024,True,0,230440020232019862,2024-05-19,0.0,0.0,0.0,171131
2023-05-21,2023,5,20,202321,Fortaleza,399.0,399,399,399,202,0.0,0.0,15.36887,0.45749497,0.9924889,1,1,1,0,2596157,25.5714285714286,27.5059522857143,29.5714285714286,72.0462855714286,82.9635585714286,91.8974085714286,True,0,230440020232119869,2024-05-26,0.0,0.0,0.0,171131
2023-05-28,2023,5,21,202322,Fortaleza,363.0,363,363,363,178,0.0,0.0,13.982205,0.27333152,0.9567388,1,1,0,0,2596157,27.4090909090909,27.4772727272727,27.5454545454545,82.4098184545455,83.4187548181818,84.7404584545455,True,0,230440020232219876,2024-06-02,0.0,0.0,0.0,171131
2023-06-04,2023,6,22,202323,Fortaleza,344.0,344,344,344,167,0.0,0.0,13.250354,0.14013372,0.9225278,2,1,1,0,2596157,25.5532142857143,27.2109714285714,29.3955,67.4700857142857,80.4054857142857,87.7083142857143,True,0,230440020232319884,2024-06-10,,0.0,0.0,171131
2023-06-11,2023,6,23,202324,Fortaleza,316.0,316,316,316,152,0.0,0.0,12.171837,0.03839012,0.87284416,2,1,1,0,2596157,25.0245857142857,26.8701142857143,29.0751714285714,66.7357571428571,80.5530428571429,89.0059857142857,True,0,230440020232419884,2024-06-10,,0.0,0.0,171131
2023-06-18,2023,6,24,202325,Fortaleza,309.0,309,309,309,143,0.0,0.0,11.902207,0.10223515,0.9052769,1,1,0,0,2596157,26.8421052631579,26.9122806315789,27.0526315789474,82.7415512105263,83.1661505789474,83.7576492105263,True,0,230440020232519898,2024-06-24,0.0,0.0,0.0,171131
2023-06-25,2023,6,25,202326,Fortaleza,252.0,252,252,252,99,0.0,0.0,9.706655,0.0024557181,0.7897414,1,1,0,0,2596157,26.2105263157895,26.4999998947368,26.7368421052632,80.0558203157895,81.7296067368421,83.4131688421053,True,0,230440020232619904,2024-06-30,0.0,0.0,0.0,171131
2023-07-02,2023,7,26,202327,Fortaleza,313.0,313,313,313,126,0.0,0.0,12.056282,0.73024046,1.0508741,1,1,0,0,2596157,26.35,26.675,27.0,79.5610931,83.0783313,86.2808227,True,0,230440020232719913,2024-07-09,0.0,0.0,0.0,171131
2023-07-09,2023,7,27,202328,Fortaleza,302.0,302,302,302,155,0.0,0.0,11.632579,0.7457579,1.0560201,2,1,1,0,2596157,24.8787857142857,26.7830142857143,29.3930571428571,61.6620142857143,77.6416142857143,87.07,True,0,230440020232819919,2024-07-15,,0.0,0.0,171131
2023-07-16,2023,7,28,202329,Fortaleza,244.0,244,244,244,118,0.0,0.0,9.398507,0.022602735,0.8407277,1,1,0,0,2596157,24.7280142857143,27.0278,29.7146428571429,52.9412285714286,70.5572571428571,81.8955428571429,True,0,230440020232919928,2024-07-24,,0.0,0.0,171131
2023-07-23,2023,7,29,202330,Fortaleza,203.0,203,203,203,103,0.0,0.0,7.8192496,0.00018107185,0.72181267,1,1,0,0,2596157,24.7261571428571,27.0679285714286,30.0413857142857,53.4169285714286,71.8198285714286,83.6826428571429,True,0,230440020233019933,2024-07-29,,0.0,0.0,171131
2023-07-30,2023,7,30,202331,Fortaleza,230.0,230,230,230,94,0.0,0.0,8.859248,0.18026046,0.91995263,1,1,0,0,2596157,24.9856428571429,27.0552,30.1329142857143,53.3074285714286,73.5450714285714,85.3847285714286,True,0,230440020233119941,2024-08-06,,0.0,0.0,171131
2023-08-06,2023,8,31,202332,Fortaleza,191.0,191,191,191,76,0.0,0.0,7.357028,0.053799525,0.8537522,1,1,0,0,2596157,24.7979714285714,26.9156571428571,29.7816571428571,54.8122285714286,73.7571857142857,84.3689714285714,True,0,230440020233219948,2024-08-13,,0.0,0.0,171131
2023-08-13,2023,8,32,202333,Fortaleza,179.0,179,179,179,85,0.0,0.0,6.8948064,0.05068797,0.84708846,1,1,0,0,2596157,24.6112428571429,26.8464,29.8522428571429,52.9888857142857,71.2544857142857,83.1656285714286,True,0,230440020233319955,2024-08-20,,0.0,0.0,171131
2023-08-20,2023,8,33,202334,Fortaleza,217.0,217,217,217,112,0.0,0.0,8.358508,0.81203735,1.090658,1,1,0,0,2596157,24.9757571428571,26.7451428571429,29.2044428571429,62.2910285714286,76.7486428571429,85.0800714285714,True,0,230440020233419962,2024-08-27,,0.0,0.0,171131
2023-08-27,2023,8,34,202335,Fortaleza,201.0,201,201,201,92,0.0,0.0,7.742213,0.6313534,1.0342826,1,1,0,0,2596157,25.2302857142857,26.9635571428571,29.5744428571429,60.7723714285714,76.5039142857143,86.596,True,0,230440020233519969,2024-09-03,,0.0,0.0,171131
2023-09-03,2023,9,35,202336,Fortaleza,208.0,208,208,208,79,0.0,0.0,8.011842,0.63347375,1.0342671,1,1,0,0,2596157,25.0007571428571,27.1385285714286,30.1451,50.8919142857143,71.6838571428571,82.2468142857143,True,0,230440020233619978,2024-09-12,,0.0,0.0,171131
2023-09-10,2023,9,36,202337,Fortaleza,168.0,168,168,168,66,0.0,0.0,6.471103,0.03573268,0.8290671,1,0,0,0,2596157,25.0784857142857,27.0606285714286,29.8577571428571,55.4258571428571,73.2693142857143,83.2024,True,0,230440020233719983,2024-09-17,,0.0,0.0,171131
2023-09-17,2023,9,37,202338,Fortaleza,169.0,169,169,169,38,0.0,0.0,6.5096216,0.095017225,0.87146235,1,0,0,0,2596157,25.3625857142857,27.2870428571429,30.2112285714286,55.4167428571429,73.1797285714286,83.6263857142857,True,0,230440020233819989,2024-09-23,,0.0,0.0,171131
2023-09-24,2023,9,38,202339,Fortaleza,146.0,146,146,146,43,0.0,0.0,5.623697,0.037560157,0.82038105,1,0,0,0,2596157,25.4567285714286,27.0865285714286,29.6576285714286,59.1700285714286,74.7017857142857,84.3451714285714,True,0,230440020233919997,2024-10-01,,0.0,0.0,171131
2023-10-01,2023,10,39,202340,Fortaleza,174.0,174,174,174,58,0.0,0.0,6.7022142,0.6888137,1.054899,1,1,0,0,2596157,25.8870857142857,27.3563714285714,29.8938142857143,57.8764,73.0123857142857,81.9650714285714,True,0,230440020234020004,2024-10-08,,0.0,0.0,171131
2023-10-08,2023,10,40,202341,Fortaleza,139.0,139,139,139,37,0.0,0.0,5.354068,0.12559131,0.87550336,1,0,0,0,2596157,25.8240714285714,27.3285428571429,29.7803571428571,61.2346857142857,75.4515,83.5840571428571,True,0,230440020234120011,2024-10-15,,0.0,0.0,171131
2023-10-15,2023,10,41,202342,Fortaleza,137.0,137,137,137,31,0.0,0.0,5.2770305,0.13712144,0.8800581,1,0,0,0,2596157,25.8523285714286,27.1875428571429,29.6830857142857,58.2523428571429,73.7511285714286,81.7476,True,0,230440020234220018,2024-10-22,,0.0,0.0,171131
2023-10-22,2023,10,42,202343,Fortaleza,118.0,118,118,118,36,0.0,0.0,4.54518,0.04345709,0.80970955,1,0,0,0,2596157,25.6086571428571,27.1238571428571,29.4365857142857,61.9777857142857,75.1556714285714,83.2198857142857,True,0,230440020234320026,2024-10-30,,0.0,0.0,171131
2023-10-29,2023,10,43,202344,Fortaleza,118.0,118,118,118,29,0.0,0.0,4.54518,0.16711347,0.8853751,1,0,0,0,2596157,26.0779,27.5715,29.9492857142857,60.4526142857143,74.7214285714286,83.7596142857143,True,0,230440020234420032,2024-11-05,,0.0,0.0,171131
2023-11-05,2023,11,44,202345,Fortaleza,108.0,108,108,108,25,0.0,0.0,4.159995,0.16281383,0.8787316,1,0,0,0,2596157,26.2291714285714,27.6618428571429,29.9072,59.2149,72.8426,80.8084285714286,True,0,230440020234520038,2024-11-11,,0.0,0.0,171131
2023-11-12,2023,11,45,202346,Fortaleza,87.0,87,87,87,27,0.0,0.0,3.3511071,0.02594922,0.7598646,1,0,0,0,2596157,26.2086857142857,27.7914857142857,30.1008428571429,61.0625714285714,73.6239714285714,81.7506571428572,True,0,230440020234620046,2024-11-19,,0.0,0.0,171131
2023-11-19,2023,11,46,202347,Fortaleza,120.0,120,120,120,31,0.0,0.0,4.6222167,0.82170916,1.1303092,1,0,0,0,2596157,26.0570428571429,28.0311714285714,31.3003571428571,53.6985142857143,70.9302285714286,83.1871714285714,True,0,230440020234720055,2024-11-28,,0.0,0.0,171131
2023-11-26,2023,11,47,202348,Fortaleza,99.0,99,99,99,31,0.0,0.0,3.8133287,0.41235006,0.9693068,1,0,0,0,2596157,25.3601571428571,27.1316142857143,30.0711428571429,58.9348285714286,74.7915142857143,85.3865857142857,True,0,230440020234820059,2024-12-02,,0.0,0.0,171131
2023-12-03,2023,12,48,202349,Fortaleza,96.0,96,96,96,35,0.0,0.0,3.6977732,0.27526376,0.919252,1,0,0,0,2596157,25.8696285714286,27.907,31.3259,54.4661285714286,72.8869285714286,84.6777857142857,True,0,230440020234920066,2024-12-09,,0.0,0.0,171131
2023-12-10,2023,12,49,202350,Fortaleza,72.0,72,72,72,26,0.0,0.0,2.77333,0.013755276,0.7140014,1,0,0,0,2596157,26.1220285714286,28.1662571428571,31.6457428571429,49.5906857142857,69.4611,81.8280714285714,True,0,230440020235020073,2024-12-16,,0.0,0.0,171131
2023-12-17,2023,12,50,202351,Fortaleza,27.0,27,27,27,13,0.0,0.0,1.0399988,2.2823754e-09,0.3067752,1,0,1,0,2596157,25.1881857142857,27.1429,29.7867714285714,65.7815,80.2200428571429,89.5862428571429,True,0,230440020235120080,2024-12-23,,0.0,0.0,171131
2023-12-24,2023,12,51,202352,Fortaleza,34.0,34,34,34,12,0.0,0.0,1.309628,0.00055594963,0.51351243,1,0,1,0,2596157,25.6526285714286,27.5230571428571,30.1725285714286,65.7411285714286,80.1219571428571,89.9080714285714,True,0,230440020235220087,2024-12-30,,0.0,0.0,171131
2023-12-31,2023,12,52,202401,Fortaleza,145.0,145,145,145,16,0.0,0.0,5.5851784,1.0,2.9065628,2,0,1,0,2596157,25.4375142857143,27.4476142857143,30.2493142857143,65.3315714285714,79.4173,89.6568857142857,True,0,230440020240120095,2025-01-07,,0.0,0.0,171131
2024-01-07,2024,1,1,202402,Fortaleza,137.0,137,137,137,17,0.0,0.0,5.2770305,0.99999964,2.047649,1,0,0,0,2596157,25.8815428571429,28.0134857142857,30.8672285714286,59.7838571428571,74.7278142857143,86.5428571428571,True,0,230440020240220102,2025-01-14,,0.0,0.0,171131
2024-01-14,2024,1,2,202403,Fortaleza,184.0,184,184,184,19,0.0,0.0,7.087399,0.99996257,1.5886705,1,1,0,1,2596157,25.8520285714286,28.0517857142857,31.2447571428571,55.1256714285714,73.5593857142857,85.9814857142857,True,0,230440020240320109,2025-01-21,,0.0,0.0,171131
2024-01-21,2024,1,3,202404,Fortaleza,211.0,211,211,211,44,0.0,0.0,8.127398,0.99931175,1.4030156,3,1,0,1,2596157,26.5559714285714,28.3332428571429,30.7940857142857,62.6598285714286,75.457,85.3966714285714,True,0,230440020240420116,2025-01-28,,0.0,0.0,171131
2024-01-28,2024,1,4,202405,Fortaleza,275.0,275,275,275,52,0.0,0.0,10.59258,0.99999505,1.518963,3,1,1,1,2596157,26.3641428571429,28.3619285714286,31.2040428571429,59.0376857142857,75.9815857142857,87.5147857142857,True,0,230440020240520122,2025-02-03,,0.0,0.0,171131
2024-02-04,2024,2,5,202406,Fortaleza,262.0,262,262,262,47,0.0,0.0,10.09184,0.97901434,1.2044095,3,1,1,1,2596157,25.7857142857143,27.8377714285714,30.4632,63.5530428571429,78.3011571428571,88.5176142857143,True,0,230440020240620130,2025-02-11,,0.0,0.0,171131
2024-02-11,2024,2,6,202407,Fortaleza,336.0,336,336,336,35,0.0,0.0,12.942206,0.99970233,1.3287274,3,1,1,1,2596157,24.9973428571429,27.0649571428571,29.3757857142857,72.6342571428571,83.7216428571429,92.0661571428572,True,0,230440020240720137,2025-02-18,,0.0,0.0,171131
2024-02-18,2024,2,7,202408,Fortaleza,449.0,449,449,449,64,0.0,0.0,17.294794,1.0,1.554519,3,1,1,1,2596157,24.6576428571429,26.1685571428571,28.0199,79.2990571428572,88.2222857142857,94.9126142857143,True,0,230440020240820145,2025-02-26,,0.0,0.0,171131
2024-02-25,2024,2,8,202409,Fortaleza,562.0,562,562,562,113,0.0,0.0,21.64738,1.0,1.5955204,3,1,1,1,2596157,24.7347142857143,26.6136571428571,28.794,76.0527714285714,85.5646,94.0105428571429,True,0,230440020240920153,2025-03-06,,0.0,0.0,171131
2024-03-03,2024,3,9,202410,Fortaleza,643.0,643,643,643,120,0.0,0.0,24.767378,1.0,1.4400126,3,1,1,1,2596157,24.9998,26.7316428571429,28.6962571428571,78.5725285714286,86.1271142857143,92.8041285714286,True,0,230440020241020157,2025-03-10,,0.0,0.0,171131
2024-03-10,2024,3,10,202411,Fortaleza,617.0,617,617,617,126,0.0,0.0,23.765898,0.98720104,1.1402925,3,1,1,1,2596157,25.5582857142857,27.3498857142857,29.6925714285714,75.9961714285714,85.6106428571429,92.6594714285714,True,0,230440020241120165,2025-03-18,,0.0,0.0,171131
2024-03-17,2024,3,11,202412,Fortaleza,597.0,597,597,597,157,0.0,0.0,22.995527,0.4677061,0.99532765,2,1,1,0,2596157,25.1074571428571,27.0112857142857,29.5342857142857,75.5940857142857,86.0844285714286,94.0290857142857,True,0,230440020241220171,2025-03-24,,0.0,0.0,171131
2024-03-24,2024,3,12,202413,Fortaleza,554.0,554,554,554,150,0.0,0.0,21.339233,0.054937597,0.910465,2,1,1,0,2596157,25.0155428571429,26.5588,28.7376142857143,76.5381714285714,86.8493428571429,93.7712285714286,True,0,230440020241320178,2025-03-31,,0.0,0.0,171131
2024-03-31,2024,3,13,202414,Fortaleza,786.0,786,786,786,255,0.0,0.0,30.275518,0.99999964,1.3073404,2,1,1,1,2596157,24.6702428571429,26.7441857142857,29.1712428571429,74.7174285714286,85.9439142857143,95.0402857142857,True,0,230440020241420188,2025-04-10,,0.0,0.0,171131
2024-04-07,2024,4,14,202415,Fortaleza,726.0,726,726,726,232,0.0,0.0,27.96441,0.9950323,1.1503816,3,1,1,1,2596157,24.8972857142857,26.7406857142857,29.3389285714286,75.0096571428572,87.0187,94.6578571428571,True,0,230440020241520192,2025-04-14,,0.0,0.0,171131
2024-04-14,2024,4,15,202416,Fortaleza,551.0,551,551,551,194,0.0,0.0,21.223679,4.8107795e-05,0.80076253,2,1,1,0,2596157,24.9911571428571,27.0058142857143,29.3946714285714,76.2026,86.5664428571429,94.5744142857143,True,0,230440020241620200,2025-04-22,,0.0,0.0,171131
2024-04-21,2024,4,16,202417,Fortaleza,455.0,455,455,455,170,0.0,0.0,17.525904,5.901113e-11,0.6787467,2,1,1,0,2596157,24.9913,26.8258428571429,29.2972285714286,71.3928571428571,84.9509,93.6127,True,0,230440020241720206,2025-04-28,,0.0,0.0,171131
2024-04-28,2024,4,17,202418,Fortaleza,366.0,366,366,366,142,0.0,0.0,14.09776,9.9187325e-12,0.64174694,2,1,1,0,2596157,25.0438285714286,26.9660571428571,29.1444857142857,72.0282714285714,84.0549428571429,93.8955,True,0,230440020241820213,2025-05-05,,0.0,0.0,171131
2024-05-05,2024,5,18,202419,Fortaleza,330.0,330,330,330,113,0.0,0.0,12.711096,9.2699054e-07,0.71123934,2,1,1,0,2596157,25.7903285714286,27.8499571428571,30.5740714285714,61.5792,78.6628285714286,90.3114857142857,True,0,230440020241920223,2025-05-15,,0.0,0.0,171131
2024-05-12,2024,5,19,202420,Fortaleza,292.0,292,292,292,111,0.0,0.0,11.247394,0.00017519097,0.7588401,2,1,1,0,2596157,25.1590571428571,26.9272714285714,29.1245,73.8932428571429,84.8350142857143,91.9954285714286,True,0,230440020242020227,2025-05-19,,0.0,0.0,171131
2024-05-19,2024,5,20,202421,Fortaleza,288.0,288,288,288,119,0.0,0.0,11.09332,0.033770125,0.863508,2,1,1,0,2596157,25.1647285714286,27.1240714285714,29.6903,64.7714428571429,79.9139571428571,89.4689428571428,True,0,230440020242120236,2025-05-28,,0.0,0.0,171131
2024-05-26,2024,5,21,202422,Fortaleza,191.0,191,191,191,76,0.0,0.0,7.357028,5.56722e-07,0.640524,2,1,1,0,2596157,24.5753857142857,26.1531714285714,28.4333,70.7874428571428,83.8715428571429,92.3084714285714,True,0,230440020242220241,2025-06-02,,0.0,0.0,171131
2024-06-02,2024,6,22,202423,Fortaleza,222.0,222,222,222,111,0.0,0.0,8.551101,0.030361736,0.84329194,2,1,1,0,2596157,24.8285428571429,26.6993428571429,28.8145285714286,69.4173285714286,81.3444,89.8402857142857,True,0,230440020242320248,2025-06-09,,0.0,0.0,171131
2024-06-09,2024,6,23,202424,Fortaleza,236.0,236,236,236,99,0.0,0.0,9.09036,0.6163176,1.0277741,2,1,1,0,2596157,24.4620142857143,26.6765142857143,29.3083142857143,64.1757857142857,78.4495428571429,87.8086857142857,True,0,230440020242420255,2025-06-16,,0.0,0.0,171131
2024-06-16,2024,6,24,202425,Fortaleza,169.0,169,169,169,77,0.0,0.0,6.5096216,0.006350492,0.7755874,2,0,1,0,2596157,23.9831285714286,26.1356857142857,28.7374142857143,63.1445857142857,78.2237428571429,87.6322571428571,True,0,230440020242520262,2025-06-23,,0.0,0.0,171131
2024-06-23,2024,6,25,202426,Fortaleza,170.0,170,170,170,69,0.0,0.0,6.54814,0.020924417,0.81119406,2,0,1,0,2596157,24.0490571428571,26.3165,29.4256142857143,60.3248428571429,78.9617285714286,89.457,True,0,230440020242620269,2025-06-30,,0.0,0.0,171131
2024-06-30,2024,6,26,202427,Fortaleza,165.0,165,165,165,89,0.0,0.0,6.355548,0.11561448,0.8802755,1,0,0,0,2596157,24.1752857142857,26.5189142857143,29.5842714285714,55.1181285714286,75.1258142857143,86.8245,True,0,230440020242720277,2025-07-08,,0.0,0.0,171131
2024-07-07,2024,7,27,202428,Fortaleza,155.0,155,155,155,61,0.0,0.0,5.970363,0.19094792,0.9077134,1,0,1,0,2596157,23.8170142857143,26.2311571428571,29.4699,56.9557857142857,75.2427,88.0937428571429,True,0,230440020242820283,2025-07-14,,0.0,0.0,171131
2024-07-14,2024,7,28,202429,Fortaleza,139.0,139,139,139,32,0.0,0.0,5.354068,0.09049807,0.85711944,1,0,0,0,2596157,23.3861142857143,26.7147571428571,30.7932285714286,43.6523857142857,64.8215857142857,79.0412142857143,True,0,230440020242920291,2025-07-22,,0.0,0.0,171131
2024-07-21,2024,7,29,202430,Fortaleza,127.0,127,127,127,25,0.0,0.0,4.8918457,0.0652562,0.8343661,1,0,0,0,2596157,23.2043857142857,26.6804,30.6822714285714,43.5033714285714,63.6158571428571,78.1195571428571,True,0,230440020243020298,2025-07-29,,0.0,0.0,171131
2024-07-28,2024,7,30,202431,Fortaleza,136.0,136,136,136,47,0.0,0.0,5.238512,0.38822064,0.96648306,1,0,0,0,2596157,24.1406571428571,26.9521285714286,30.8272714285714,45.4639428571429,67.3363714285714,82.8696,True,0,230440020243120305,2025-08-05,,0.0,0.0,171131
2024-08-04,2024,8,31,202432,Fortaleza,145.0,145,145,145,54,0.0,0.0,5.5851784,0.7421185,1.0808058,1,0,0,0,2596157,23.4599571428571,26.6737142857143,30.6335428571429,44.1747571428571,66.4034428571429,80.6795285714286,True,0,230440020243220312,2025-08-12,,0.0,0.0,171131
2024-08-11,2024,8,32,202433,Fortaleza,123.0,123,123,123,50,0.0,0.0,4.737772,0.22844185,0.91160345,1,0,0,0,2596157,24.0133142857143,26.7541428571429,30.674,44.4424714285714,67.6520714285714,81.7161857142857,True,0,230440020243320320,2025-08-20,,0.0,0.0,171131
2024-08-18,2024,8,33,202434,Fortaleza,117.0,117,117,117,41,0.0,0.0,4.5066614,0.13670066,0.8710032,1,0,0,0,2596157,23.9397714285714,26.7508571428571,30.6671571428571,46.1947428571429,68.0922,80.9456571428571,True,0,230440020243420327,2025-08-27,,0.0,0.0,171131
2024-08-25,2024,8,34,202435,Fortaleza,128.0,128,128,128,56,0.0,0.0,4.9303646,0.51746243,1.0054867,1,0,0,0,2596157,23.737,26.8920714285714,31.3461714285714,39.0932,64.8645285714286,80.2882285714286,True,0,230440020243520332,2025-09-01,,0.0,0.0,171131
2024-09-01,2024,9,35,202436,Fortaleza,96.0,96,96,96,36,0.0,0.0,3.6977732,0.044095155,0.7931088,1,0,0,0,2596157,23.7948,26.6989714285714,30.9275285714286,42.1317857142857,65.7765142857143,80.2367571428571,True,0,230440020243620339,2025-09-08,,0.0,0.0,171131
2024-09-08,2024,9,36,202437,Fortaleza,93.0,93,93,93,36,0.0,0.0,3.582218,0.063611895,0.80920625,1,0,0,0,2596157,24.0892142857143,26.9528428571429,31.1027428571429,42.2500714285714,66.0684714285714,80.3500285714286,True,0,230440020243720346,2025-09-15,,0.0,0.0,171131
2024-09-15,2024,9,37,202438,Fortaleza,96.0,96,96,96,35,0.0,0.0,3.6977732,0.28919443,0.92451,1,0,0,0,2596157,24.1729142857143,26.9936857142857,31.2788857142857,42.7895857142857,67.2945857142857,81.4109857142857,True,0,230440020243820353,2025-09-22,,0.0,0.0,171131
2024-09-22,2024,9,38,202439,Fortaleza,92.0,92,92,92,40,0.0,0.0,3.5436995,0.38573506,0.95860064,1,0,0,0,2596157,24.6138285714286,26.8899857142857,30.8406,47.8067,69.9068,81.8137714285714,True,0,230440020243920363,2025-10-02,,0.0,0.0,171131
2024-09-29,2024,9,39,202440,Fortaleza,67.0,67,67,67,29,0.0,0.0,2.5807376,0.021439813,0.724742,1,0,0,0,2596157,24.7784285714286,27.0434142857143,30.9573285714286,48.8298142857143,70.1453857142857,82.6834142857143,True,0,230440020244020367,2025-10-06,,0.0,0.0,171131
2024-10-06,2024,10,40,202441,Fortaleza,74.0,74,74,74,38,0.0,0.0,2.8503668,0.17845617,0.864454,1,0,0,0,2596157,24.7637714285714,26.9227285714286,30.6118857142857,50.9257428571429,71.5311428571429,84.6022,True,0,230440020244120375,2025-10-14,,0.0,0.0,171131
2024-10-13,2024,10,41,202442,Fortaleza,64.0,64,64,64,31,0.0,0.0,2.4651823,0.1551496,0.8425484,1,0,0,0,2596157,25.1879857142857,27.2172857142857,30.8099857142857,51.2530571428571,70.7104,82.7410857142857,True,0,230440020244220381,2025-10-20,,0.0,0.0,171131
2024-10-20,2024,10,42,202443,Fortaleza,89.0,89,89,89,34,0.0,0.0,3.428144,0.91806364,1.2459698,1,0,0,0,2596157,25.0575571428571,27.0171142857143,30.2330285714286,51.8372714285714,69.5292285714286,81.1263285714286,True,0,230440020244320389,2025-10-28,,0.0,0.0,171131
2024-10-27,2024,10,43,202444,Fortaleza,90.0,90,90,90,20,0.0,0.0,3.4666624,0.896924,1.2183429,1,0,0,0,2596157,24.9967714285714,27.0724571428571,30.4418571428571,53.3194428571429,71.6940142857143,83.9632285714286,True,0,230440020244420395,2025-11-03,,0.0,0.0,171131
2024-11-03,2024,11,44,202445,Fortaleza,92.0,92,92,92,30,0.0,0.0,3.5436995,0.77544546,1.1213871,1,0,0,0,2596157,25.1966,27.2497714285714,30.7582285714286,50.9969857142857,70.9280714285714,83.0970714285714,True,0,230440020244520403,2025-11-11,,0.0,0.0,171131
2024-11-10,2024,11,45,202446,Fortaleza,104.0,104,104,104,29,0.0,0.0,4.005921,0.858684,1.1671093,1,0,0,0,2596157,25.0917142857143,27.3629714285714,31.1868428571429,49.7486142857143,70.4898428571429,83.7115857142857,True,0,230440020244620410,2025-11-18,,0.0,0.0,171131
2024-11-17,2024,11,46,202447,Fortaleza,126.0,126,126,126,58,0.0,0.0,4.8533273,0.9799691,1.3187268,1,0,0,0,2596157,25.5240285714286,27.6488142857143,31.3945714285714,51.1991,72.0539571428571,85.1318142857143,True,0,230440020244720418,2025-11-26,,0.0,0.0,171131
2024-11-24,2024,11,47,202448,Fortaleza,99.0,99,99,99,34,0.0,0.0,3.8133287,0.34075865,0.9442329,1,0,0,0,2596157,25.5736,27.7476,31.3146285714286,49.9555,70.8234285714286,84.0748142857143,True,0,230440020244820424,2025-12-02,,0.0,0.0,171131
2024-12-01,2024,12,48,202449,Fortaleza,85.0,85,85,85,23,0.0,0.0,3.27407,0.03980073,0.77729166,1,0,1,0,2596157,25.1499714285714,27.1336,30.1841428571429,58.8761428571429,76.2119857142857,87.5680714285714,True,0,230440020244920431,2025-12-09,,0.0,0.0,171131
2024-12-08,2024,12,49,202450,Fortaleza,82.0,82,82,82,15,0.0,0.0,3.1585147,0.07517212,0.80854523,1,0,0,0,2596157,25.3624142857143,27.2722714285714,30.2812,59.0954571428571,75.8925714285714,85.7701428571429,True,0,230440020245020437,2025-12-15,,0.0,0.0,171131
2024-12-15,2024,12,50,202451,Fortaleza,65.0,65,65,65,27,0.0,0.0,2.5037007,0.027219633,0.732522,1,0,1,0,2596157,25.2209571428571,27.4643,30.6846285714286,61.2195857142857,78.2716285714286,89.8388714285714,True,0,230440020245120437,2025-12-15,,0.0,0.0,171131
2024-12-22,2024,12,51,202452,Fortaleza,42.0,42,42,42,5,0.0,0.0,1.6177758,0.00054948777,0.54370296,1,0,0,0,2596157,25.6462,27.7725428571429,31.0199285714286,57.0290571428571,75.0535285714286,86.9140285714286,True,0,230440020245220437,2025-12-15,,0.0,0.0,171131
