data_iniSE,SE,casos_est,casos_est_min,casos_est_max,casos,p_rt1,p_inc100k,Localidade_id,nivel,id,versao_modelo,municipio_nome,tweet,Rt,pop,tempmin,umidmax,receptivo,transmissao,nivel_inc,umidmed,umidmin,tempmed,tempmax,casprov,casprov_est,casprov_est_min,casprov_est_max,casconf,notif_accum_year,tipo_doenca
2025-12-28,202553,54.0,54,54,54,0.38630608,2.0799975,0,1,230440020255320599,2026-05-26,Fortaleza,,0.94681644,2596157,25.4262285714286,87.1037714285714,1,0,0,72.8921571428571,53.9217142857143,27.6303142857143,30.8853714285714,12.0,,,,,388082,dengue
2025-12-21,202552,46.0,46,46,46,0.02915176,1.7718498,0,1,230440020255220599,2026-05-26,Fortaleza,,0.6980209,2596157,25.4229714285714,83.9753857142857,0,0,0,72.9633714285714,56.6318571428571,27.4553428571429,30.4650857142857,13.0,,,,,388082,dengue
2025-12-14,202551,51.0,51,51,51,0.10003454,1.964442,0,1,230440020255120599,2026-05-26,Fortaleza,,0.7880364,2596157,25.57,82.4015285714286,0,0,0,71.7790857142857,54.8566285714286,27.4093714285714,30.4231,13.0,,,,,388082,dengue
2025-12-07,202550,76.0,76,76,76,0.964258,2.927404,0,1,230440020255020599,2026-05-26,Fortaleza,,1.3707504,2596157,25.5161428571429,83.7274285714286,0,0,0,72.8337,56.8962,27.4855428571429,30.5283857142857,29.0,,,,,388082,dengue
2025-11-30,202549,75.0,75,75,75,0.97752225,2.8888855,0,1,230440020254920599,2026-05-26,Fortaleza,,1.4287347,2596157,25.3668142857143,83.8088714285714,0,0,0,71.3769,53.1222285714286,27.4645857142857,30.9501428571429,21.0,,,,,388082,dengue
2025-11-23,202548,44.0,44,44,44,0.09763647,1.6948128,0,1,230440020254820599,2026-05-26,Fortaleza,,0.7727391,2596157,25.5295857142857,82.7635285714286,0,0,0,70.3356285714286,51.6161285714286,27.5414,30.8807,11.0,,,,,388082,dengue
2025-11-16,202547,51.0,51,51,51,0.22278678,1.964442,0,1,230440020254720599,2026-05-26,Fortaleza,,0.8649142,2596157,25.3037285714286,82.8495857142857,0,0,0,71.1626571428571,52.6908285714286,27.3385857142857,30.7339,8.0,,,,,388082,dengue
2025-11-09,202546,55.0,55,55,55,0.5165846,2.118516,0,1,230440020254620599,2026-05-26,Fortaleza,,1.0079466,2596157,25.1830285714286,83.3045571428571,0,0,0,70.2438142857143,47.9833714285714,27.3344571428571,31.0836857142857,7.0,,,,,388082,dengue
2025-11-02,202545,73.0,73,73,73,0.94778264,2.8118484,0,1,230440020254520599,2026-05-26,Fortaleza,,1.3335787,2596157,24.9248142857143,82.4328571428571,0,0,0,70.1921714285714,52.0100285714286,27.0647142857143,30.5051428571429,8.0,,,,,388082,dengue
2025-10-26,202544,44.0,44,44,44,0.03299036,1.6948128,0,1,230440020254420599,2026-05-26,Fortaleza,,0.69970995,2596157,24.9391,81.3060428571429,0,0,0,68.4109428571429,46.0791285714286,27.3691857142857,31.5823,6.0,,,,,388082,dengue
2025-10-19,202543,53.0,53,53,53,0.042184375,2.041479,0,1,230440020254320599,2026-05-26,Fortaleza,,0.7339774,2596157,25.0809714285714,82.6925428571429,0,0,0,68.0769142857143,44.7721571428571,27.4826857142857,31.6833571428571,4.0,,,,,388082,dengue
2025-10-12,202542,59.0,59,59,59,0.10229373,2.27259,0,1,230440020254220599,2026-05-26,Fortaleza,,0.802238,2596157,24.7386,83.0631,0,0,0,69.4981,46.8257714285714,27.1626714285714,31.2629,5.0,,,,,388082,dengue
2025-10-05,202541,81.0,81,81,81,0.79018664,3.1199963,0,1,230440020254120599,2026-05-26,Fortaleza,,1.1395923,2596157,24.7394142857143,82.0377,0,0,0,67.4821714285714,44.3795714285714,27.2458285714286,31.4164285714286,11.0,,,,,388082,dengue
2025-09-28,202540,79.0,79,79,79,0.6478549,3.0429592,0,1,230440020254020599,2026-05-26,Fortaleza,,1.0630606,2596157,24.5689428571429,80.4422857142857,0,0,0,63.8175571428571,37.6582142857143,27.4285142857143,32.1487428571429,8.0,,,,,388082,dengue
2025-09-21,202539,61.0,61,61,61,0.056994293,2.3496268,0,1,230440020253920599,2026-05-26,Fortaleza,,0.7657384,2596157,24.6366428571429,81.4223571428571,0,0,0,66.9176285714286,43.4160857142857,27.2090142857143,31.4555285714286,15.0,,,,,388082,dengue
2025-09-14,202538,76.0,76,76,76,0.3252318,2.927404,0,1,230440020253820599,2026-05-26,Fortaleza,,0.9305277,2596157,24.4601142857143,82.1396857142857,0,0,0,67.5462142857143,42.2816285714286,27.1393428571429,31.4647571428571,18.0,,,,,388082,dengue
2025-09-07,202537,83.0,83,83,83,0.48292884,3.1970332,0,1,230440020253720599,2026-05-26,Fortaleza,,0.9934049,2596157,24.4773142857143,84.0600142857143,0,0,0,68.4338571428571,43.082,27.1730142857143,31.5063571428571,22.0,,,,,388082,dengue
2025-08-31,202536,84.0,84,84,84,0.37308952,3.2355516,0,1,230440020253620599,2026-05-26,Fortaleza,,0.9519763,2596157,24.1479285714286,81.5150857142857,0,0,0,67.3014142857143,44.3660714285714,26.9822714285714,31.0625285714286,21.0,,,,,388082,dengue
2025-08-24,202535,76.0,76,76,76,0.10645619,2.927404,0,1,230440020253520599,2026-05-26,Fortaleza,,0.82521725,2596157,24.2827571428571,81.7339142857143,0,0,0,67.2662428571429,42.9822428571429,27.0189857142857,31.1584571428571,6.0,,,,,388082,dengue
2025-08-17,202534,96.0,96,96,96,0.47677088,3.6977732,0,1,230440020253420599,2026-05-26,Fortaleza,,0.9916616,2596157,23.7576142857143,79.8783,0,0,0,65.1384428571429,42.1910428571429,26.7370571428571,30.6530571428571,19.0,,,,,388082,dengue
2025-08-10,202533,88.0,88,88,88,0.15774874,3.3896255,0,1,230440020253320599,2026-05-26,Fortaleza,,0.8645104,2596157,24.2041714285714,86.2354714285714,0,0,0,74.0706714285714,55.8392,26.4712,29.6844714285714,12.0,,,,,388082,dengue
2025-08-03,202532,97.0,97,97,97,0.24864163,3.7362916,0,1,230440020253220599,2026-05-26,Fortaleza,,0.90938765,2596157,24.2776857142857,83.8095285714286,0,0,0,69.8913142857143,46.8053285714286,26.8144857142857,30.5323,25.0,,,,,388082,dengue
2025-07-27,202531,106.0,106,106,106,0.28693762,4.082958,0,1,230440020253120599,2026-05-26,Fortaleza,,0.9271364,2596157,24.1735,86.1962428571429,0,0,0,74.1699857142857,54.7863142857143,26.5119428571429,29.6741,31.0,,,,,388082,dengue
2025-07-20,202530,101.0,101,101,101,0.09339846,3.8903656,0,1,230440020253020599,2026-05-26,Fortaleza,,0.83746713,2596157,24.2259428571429,85.3610428571429,0,0,0,72.5301714285714,50.7208428571429,26.6089285714286,30.0074857142857,15.0,,,,,388082,dengue
2025-07-13,202529,116.0,116,116,116,0.39700326,4.4681425,0,1,230440020252920599,2026-05-26,Fortaleza,,0.9666334,2596157,24.0136571428571,85.5635,0,0,0,70.5184428571429,47.2348,26.4707571428571,30.1817142857143,13.0,,,,,388082,dengue
2025-07-06,202528,127.0,127,127,127,0.7890904,4.8918457,0,1,230440020252820599,2026-05-26,Fortaleza,,1.1087805,2596157,24.1868142857143,84.5859,0,0,0,72.6329142857143,54.4591714285714,26.3401,29.2862571428571,22.0,,,,,388082,dengue
2025-06-29,202527,123.0,123,123,123,0.81642723,4.737772,0,2,230440020252720599,2026-05-26,Fortaleza,,1.1255083,2596157,23.4166857142857,89.9067,1,0,0,79.8618428571429,63.7235714285714,25.4607,28.1359428571429,18.0,,,,,388082,dengue
2025-06-22,202526,114.0,114,114,114,0.60881025,4.3911057,0,2,230440020252620599,2026-05-26,Fortaleza,,1.0375438,2596157,23.9862142857143,90.5697714285714,1,0,0,81.8512285714286,67.7876714285714,25.8842142857143,28.5072142857143,15.0,,,,,388082,dengue
2025-06-15,202525,109.0,109,109,109,0.13658646,4.1985135,0,2,230440020252520599,2026-05-26,Fortaleza,,0.86678374,2596157,24.3216,87.6256857142857,1,0,0,78.1048571428571,62.5900714285714,26.167,28.7658,14.0,,,,,388082,dengue
2025-06-08,202524,103.0,103,103,103,0.0005612844,3.9674027,0,2,230440020252420599,2026-05-26,Fortaleza,,0.6642115,2596157,24.6633,88.3179142857143,1,0,0,77.7523142857143,61.8520571428571,26.7118857142857,29.4034285714286,10.0,,,,,388082,dengue
2025-06-01,202523,109.0,109,109,109,3.124332e-05,4.1985135,0,2,230440020252320599,2026-05-26,Fortaleza,,0.61866355,2596157,24.7630857142857,88.5716857142857,1,0,0,79.5713571428571,65.6135428571429,26.5759142857143,28.9717142857143,5.0,,,,,388082,dengue
2025-05-25,202522,167.0,167,167,167,0.27592796,6.432585,0,2,230440020252220599,2026-05-26,Fortaleza,,0.9380041,2596157,24.5717428571429,88.5464428571429,1,0,1,78.3024142857143,62.0284142857143,26.7466285714286,29.5961571428571,11.0,,,,,388082,dengue
2025-05-18,202521,189.0,189,189,189,0.8301169,7.279991,0,2,230440020252120599,2026-05-26,Fortaleza,,1.1058182,2596157,24.5420428571429,91.4410714285714,1,0,1,81.6717857142857,67.1348857142857,26.5914857142857,29.1634571428571,10.0,,,,,388082,dengue
2025-05-11,202520,186.0,186,186,186,0.85684234,7.164436,0,2,230440020252020599,2026-05-26,Fortaleza,,1.1203202,2596157,25.1677571428571,88.7213571428571,1,0,1,77.9768142857143,61.9530142857143,26.9673,29.3785857142857,14.0,,,,,388082,dengue
2025-05-04,202519,161.0,161,161,161,0.54396373,6.2014737,0,2,230440020251920592,2026-05-19,Fortaleza,,1.0124058,2596157,25.1058428571429,89.8908428571429,1,0,0,81.8006428571429,69.1143142857143,26.8154857142857,29.0172714285714,14.0,,,,,388082,dengue
2025-04-27,202518,174.0,174,174,174,0.90147865,6.7022142,0,2,230440020251820586,2026-05-13,Fortaleza,,1.1539148,2596157,24.6181857142857,92.1422285714286,1,0,1,83.3977285714286,71.2142428571428,26.5715,28.9318571428571,10.0,,,,,388082,dengue
2025-04-20,202517,161.0,161,161,161,0.61193717,6.2014737,0,2,230440020251720578,2026-05-05,Fortaleza,,1.0324211,2596157,24.6913714285714,93.5357285714286,1,0,0,85.8520285714286,76.0714714285714,26.4617285714286,28.5259571428571,15.0,,,,,388082,dengue
2025-04-13,202516,149.0,149,149,149,0.029407743,5.739252,0,2,230440020251620571,2026-04-28,Fortaleza,,0.81254286,2596157,24.8609714285714,92.6333,1,0,0,81.7340714285714,66.8530714285714,27.0512285714286,29.7353,16.0,,,,,388082,dengue
2025-04-06,202515,131.0,131,131,131,1.3347728e-06,5.04592,0,2,230440020251520566,2026-04-23,Fortaleza,,0.600493,2596157,24.8629,92.5547,1,0,0,83.7516714285714,71.5438571428571,26.8125285714286,29.1577571428571,13.0,,,,,388082,dengue
2025-03-30,202514,191.0,191,191,191,0.015066239,7.357028,0,2,230440020251420556,2026-04-13,Fortaleza,,0.8103307,2596157,24.6738571428571,92.5006714285714,1,0,1,84.3811857142857,72.2356857142857,26.5518714285714,28.8403714285714,16.0,,,,,388082,dengue
2025-03-23,202513,212.0,212,212,212,0.41139385,8.165916,0,2,230440020251320552,2026-04-09,Fortaleza,,0.9786172,2596157,24.5622285714286,92.3172428571429,1,0,1,83.7562428571429,72.2318857142857,26.5742571428571,28.9718,22.0,,,,,388082,dengue
2025-03-16,202512,281.0,281,281,281,0.9999989,10.82369,0,3,230440020251220543,2026-03-31,Fortaleza,,1.5634108,2596157,24.2044428571429,94.6275285714286,1,1,1,85.3958571428571,71.3622142857143,26.1368714285714,28.6982,27.0,,,,,388082,dengue
2025-03-09,202511,212.0,212,212,212,0.9987907,8.165916,0,3,230440020251120535,2026-03-23,Fortaleza,,1.3753252,2596157,24.3842714285714,94.3493857142857,1,1,1,86.8174285714286,75.5446428571429,25.9903,28.2812142857143,16.0,,,,,388082,dengue
2025-03-02,202510,188.0,188,188,188,0.95959675,7.2414727,0,2,230440020251020529,2026-03-17,Fortaleza,,1.2074991,2596157,24.7183857142857,92.0000857142857,1,1,1,82.542,68.2877714285714,26.6763285714286,29.2628428571429,14.0,,,,,388082,dengue
2025-02-23,202509,118.0,118,118,118,0.006324994,4.54518,0,2,230440020250920521,2026-03-09,Fortaleza,,0.7403295,2596157,24.2273714285714,93.9962714285714,1,0,0,86.9331285714286,77.4180857142857,25.9801571428571,27.9032714285714,16.0,,,,,388082,dengue
2025-02-16,202508,165.0,165,165,165,0.8185411,6.355548,0,2,230440020250820516,2026-03-04,Fortaleza,,1.1080866,2596157,24.6047857142857,92.4888285714286,1,0,1,83.8198714285714,71.6880142857143,26.5140428571429,28.9231428571429,8.0,,,,,388082,dengue
2025-02-09,202507,177.0,177,177,177,0.9915337,6.8177695,0,2,230440020250720507,2026-02-23,Fortaleza,,1.3116808,2596157,25.0448,89.3682714285714,1,1,1,81.0408,68.3595714285714,26.8757428571429,29.2717428571429,8.0,,,,,388082,dengue
2025-02-02,202506,143.0,143,143,143,0.91831905,5.5081415,0,2,230440020250620503,2026-02-19,Fortaleza,,1.1874425,2596157,24.8048428571429,91.8714571428571,1,0,0,82.4994428571429,69.5453428571429,26.5396571428571,29.0274,7.0,,,,,388082,dengue
2025-01-26,202505,135.0,135,135,135,0.97809356,5.1999936,0,2,230440020250520495,2026-02-11,Fortaleza,,1.2988511,2596157,24.5664714285714,91.9733142857143,1,0,0,82.4953285714286,69.8162142857143,26.6459714285714,29.2515571428571,10.0,,,,,388082,dengue
2025-01-19,202504,130.0,130,130,130,0.99715865,5.0074015,0,2,230440020250420491,2026-02-07,Fortaleza,,1.4566146,2596157,24.1229142857143,92.7445,1,0,0,85.4731285714286,76.4800428571429,25.9086714285714,28.1162857142857,10.0,,,,,388082,dengue
2025-01-12,202503,93.0,93,93,93,0.9483489,3.582218,0,2,230440020250320486,2026-02-02,Fortaleza,,1.2890497,2596157,24.2960571428571,93.3607857142857,1,0,0,85.8919142857143,75.0171,26.0304857142857,28.1471571428571,9.0,,,,,388082,dengue
2025-01-05,202502,97.0,97,97,97,0.9985519,3.7362916,0,1,230440020250220459,2026-01-06,Fortaleza,,1.6177391,2596157,25.1682428571429,91.8055428571429,1,0,0,81.7342857142857,68.1968285714286,27.2370857142857,29.7638,5.0,,,,,388082,dengue
2024-12-29,202501,72.0,72,72,72,0.7294778,2.77333,0,1,230440020250120459,2026-01-06,Fortaleza,,1.109871,2596157,25.7805142857143,88.2900571428571,1,0,0,77.3304,61.7487428571429,27.8342714285714,30.6033285714286,3.0,,,,,388082,dengue
2024-12-22,202452,42.0,42,42,42,0.00054948777,1.6177758,0,1,230440020245220437,2025-12-15,Fortaleza,,0.54370296,2596157,25.6462,86.9140285714286,0,0,0,75.0535285714286,57.0290571428571,27.7725428571429,31.0199285714286,5.0,,,,,388082,dengue
2024-12-15,202451,65.0,65,65,65,0.027219633,2.5037007,0,1,230440020245120437,2025-12-15,Fortaleza,,0.732522,2596157,25.2209571428571,89.8388714285714,1,0,0,78.2716285714286,61.2195857142857,27.4643,30.6846285714286,27.0,,,,,388082,dengue
2024-12-08,202450,82.0,82,82,82,0.07517212,3.1585147,0,1,230440020245020437,2025-12-15,Fortaleza,,0.80854523,2596157,25.3624142857143,85.7701428571429,0,0,0,75.8925714285714,59.0954571428571,27.2722714285714,30.2812,15.0,,,,,388082,dengue
2024-12-01,202449,85.0,85,85,85,0.03980073,3.27407,0,1,230440020244920431,2025-12-09,Fortaleza,,0.77729166,2596157,25.1499714285714,87.5680714285714,1,0,0,76.2119857142857,58.8761428571429,27.1336,30.1841428571429,23.0,,,,,388082,dengue
2024-11-24,202448,99.0,99,99,99,0.34075865,3.8133287,0,1,230440020244820424,2025-12-02,Fortaleza,,0.9442329,2596157,25.5736,84.0748142857143,0,0,0,70.8234285714286,49.9555,27.7476,31.3146285714286,34.0,,,,,388082,dengue
2024-11-17,202447,126.0,126,126,126,0.9799691,4.8533273,0,1,230440020244720418,2025-11-26,Fortaleza,,1.3187268,2596157,25.5240285714286,85.1318142857143,0,0,0,72.0539571428571,51.1991,27.6488142857143,31.3945714285714,58.0,,,,,388082,dengue
2024-11-10,202446,104.0,104,104,104,0.858684,4.005921,0,1,230440020244620410,2025-11-18,Fortaleza,,1.1671093,2596157,25.0917142857143,83.7115857142857,0,0,0,70.4898428571429,49.7486142857143,27.3629714285714,31.1868428571429,29.0,,,,,388082,dengue
2024-11-03,202445,92.0,92,92,92,0.77544546,3.5436995,0,1,230440020244520403,2025-11-11,Fortaleza,,1.1213871,2596157,25.1966,83.0970714285714,0,0,0,70.9280714285714,50.9969857142857,27.2497714285714,30.7582285714286,30.0,,,,,388082,dengue
2024-10-27,202444,90.0,90,90,90,0.896924,3.4666624,0,1,230440020244420395,2025-11-03,Fortaleza,,1.2183429,2596157,24.9967714285714,83.9632285714286,0,0,0,71.6940142857143,53.3194428571429,27.0724571428571,30.4418571428571,20.0,,,,,388082,dengue
2024-10-20,202443,89.0,89,89,89,0.91806364,3.428144,0,1,230440020244320389,2025-10-28,Fortaleza,,1.2459698,2596157,25.0575571428571,81.1263285714286,0,0,0,69.5292285714286,51.8372714285714,27.0171142857143,30.2330285714286,34.0,,,,,388082,dengue
2024-10-13,202442,64.0,64,64,64,0.1551496,2.4651823,0,1,230440020244220381,2025-10-20,Fortaleza,,0.8425484,2596157,25.1879857142857,82.7410857142857,0,0,0,70.7104,51.2530571428571,27.2172857142857,30.8099857142857,31.0,,,,,388082,dengue
2024-10-06,202441,74.0,74,74,74,0.17845617,2.8503668,0,1,230440020244120375,2025-10-14,Fortaleza,,0.864454,2596157,24.7637714285714,84.6022,0,0,0,71.5311428571429,50.9257428571429,26.9227285714286,30.6118857142857,38.0,,,,,388082,dengue
2024-09-29,202440,67.0,67,67,67,0.021439813,2.5807376,0,1,230440020244020367,2025-10-06,Fortaleza,,0.724742,2596157,24.7784285714286,82.6834142857143,0,0,0,70.1453857142857,48.8298142857143,27.0434142857143,30.9573285714286,29.0,,,,,388082,dengue
2024-09-22,202439,92.0,92,92,92,0.38573506,3.5436995,0,1,230440020243920363,2025-10-02,Fortaleza,,0.95860064,2596157,24.6138285714286,81.8137714285714,0,0,0,69.9068,47.8067,26.8899857142857,30.8406,40.0,,,,,388082,dengue
2024-09-15,202438,96.0,96,96,96,0.28919443,3.6977732,0,1,230440020243820353,2025-09-22,Fortaleza,,0.92451,2596157,24.1729142857143,81.4109857142857,0,0,0,67.2945857142857,42.7895857142857,26.9936857142857,31.2788857142857,35.0,,,,,388082,dengue
2024-09-08,202437,93.0,93,93,93,0.063611895,3.582218,0,1,230440020243720346,2025-09-15,Fortaleza,,0.80920625,2596157,24.0892142857143,80.3500285714286,0,0,0,66.0684714285714,42.2500714285714,26.9528428571429,31.1027428571429,36.0,,,,,388082,dengue
2024-09-01,202436,96.0,96,96,96,0.044095155,3.6977732,0,1,230440020243620339,2025-09-08,Fortaleza,,0.7931088,2596157,23.7948,80.2367571428571,0,0,0,65.7765142857143,42.1317857142857,26.6989714285714,30.9275285714286,36.0,,,,,388082,dengue
2024-08-25,202435,128.0,128,128,128,0.51746243,4.9303646,0,1,230440020243520332,2025-09-01,Fortaleza,,1.0054867,2596157,23.737,80.2882285714286,0,0,0,64.8645285714286,39.0932,26.8920714285714,31.3461714285714,56.0,,,,,388082,dengue
2024-08-18,202434,117.0,117,117,117,0.13670066,4.5066614,0,1,230440020243420327,2025-08-27,Fortaleza,,0.8710032,2596157,23.9397714285714,80.9456571428571,0,0,0,68.0922,46.1947428571429,26.7508571428571,30.6671571428571,41.0,,,,,388082,dengue
2024-08-11,202433,123.0,123,123,123,0.22844185,4.737772,0,1,230440020243320320,2025-08-20,Fortaleza,,0.91160345,2596157,24.0133142857143,81.7161857142857,0,0,0,67.6520714285714,44.4424714285714,26.7541428571429,30.674,50.0,,,,,388082,dengue
2024-08-04,202432,145.0,145,145,145,0.7421185,5.5851784,0,1,230440020243220312,2025-08-12,Fortaleza,,1.0808058,2596157,23.4599571428571,80.6795285714286,0,0,0,66.4034428571429,44.1747571428571,26.6737142857143,30.6335428571429,54.0,,,,,388082,dengue
2024-07-28,202431,136.0,136,136,136,0.38822064,5.238512,0,1,230440020243120305,2025-08-05,Fortaleza,,0.96648306,2596157,24.1406571428571,82.8696,0,0,0,67.3363714285714,45.4639428571429,26.9521285714286,30.8272714285714,47.0,,,,,388082,dengue
2024-07-21,202430,127.0,127,127,127,0.0652562,4.8918457,0,1,230440020243020298,2025-07-29,Fortaleza,,0.8343661,2596157,23.2043857142857,78.1195571428571,0,0,0,63.6158571428571,43.5033714285714,26.6804,30.6822714285714,25.0,,,,,388082,dengue
2024-07-14,202429,139.0,139,139,139,0.09049807,5.354068,0,1,230440020242920291,2025-07-22,Fortaleza,,0.85711944,2596157,23.3861142857143,79.0412142857143,0,0,0,64.8215857142857,43.6523857142857,26.7147571428571,30.7932285714286,32.0,,,,,388082,dengue
2024-07-07,202428,155.0,155,155,155,0.19094792,5.970363,0,1,230440020242820283,2025-07-14,Fortaleza,,0.9077134,2596157,23.8170142857143,88.0937428571429,1,0,0,75.2427,56.9557857142857,26.2311571428571,29.4699,61.0,,,,,388082,dengue
2024-06-30,202427,165.0,165,165,165,0.11561448,6.355548,0,1,230440020242720277,2025-07-08,Fortaleza,,0.8802755,2596157,24.1752857142857,86.8245,0,0,0,75.1258142857143,55.1181285714286,26.5189142857143,29.5842714285714,89.0,,,,,388082,dengue
2024-06-23,202426,170.0,170,170,170,0.020924417,6.54814,0,2,230440020242620269,2025-06-30,Fortaleza,,0.81119406,2596157,24.0490571428571,89.457,1,0,0,78.9617285714286,60.3248428571429,26.3165,29.4256142857143,69.0,,,,,388082,dengue
2024-06-16,202425,169.0,169,169,169,0.006350492,6.5096216,0,2,230440020242520262,2025-06-23,Fortaleza,,0.7755874,2596157,23.9831285714286,87.6322571428571,1,0,0,78.2237428571429,63.1445857142857,26.1356857142857,28.7374142857143,77.0,,,,,388082,dengue
2024-06-09,202424,236.0,236,236,236,0.6163176,9.09036,0,2,230440020242420255,2025-06-16,Fortaleza,,1.0277741,2596157,24.4620142857143,87.8086857142857,1,0,1,78.4495428571429,64.1757857142857,26.6765142857143,29.3083142857143,99.0,,,,,388082,dengue
2024-06-02,202423,222.0,222,222,222,0.030361736,8.551101,0,2,230440020242320248,2025-06-09,Fortaleza,,0.84329194,2596157,24.8285428571429,89.8402857142857,1,0,1,81.3444,69.4173285714286,26.6993428571429,28.8145285714286,111.0,,,,,388082,dengue
2024-05-26,202422,191.0,191,191,191,5.56722e-07,7.357028,0,2,230440020242220241,2025-06-02,Fortaleza,,0.640524,2596157,24.5753857142857,92.3084714285714,1,0,1,83.8715428571429,70.7874428571428,26.1531714285714,28.4333,76.0,,,,,388082,dengue
2024-05-19,202421,288.0,288,288,288,0.033770125,11.09332,0,2,230440020242120236,2025-05-28,Fortaleza,,0.863508,2596157,25.1647285714286,89.4689428571428,1,0,1,79.9139571428571,64.7714428571429,27.1240714285714,29.6903,119.0,,,,,388082,dengue
2024-05-12,202420,292.0,292,292,292,0.00017519097,11.247394,0,2,230440020242020227,2025-05-19,Fortaleza,,0.7588401,2596157,25.1590571428571,91.9954285714286,1,0,1,84.8350142857143,73.8932428571429,26.9272714285714,29.1245,111.0,,,,,388082,dengue
2024-05-05,202419,330.0,330,330,330,9.2699054e-07,12.711096,0,2,230440020241920223,2025-05-15,Fortaleza,,0.71123934,2596157,25.7903285714286,90.3114857142857,1,0,1,78.6628285714286,61.5792,27.8499571428571,30.5740714285714,113.0,,,,,388082,dengue
2024-04-28,202418,366.0,366,366,366,9.9187325e-12,14.09776,0,2,230440020241820213,2025-05-05,Fortaleza,,0.64174694,2596157,25.0438285714286,93.8955,1,0,1,84.0549428571429,72.0282714285714,26.9660571428571,29.1444857142857,142.0,,,,,388082,dengue
2024-04-21,202417,455.0,455,455,455,5.901113e-11,17.525904,0,2,230440020241720206,2025-04-28,Fortaleza,,0.6787467,2596157,24.9913,93.6127,1,0,1,84.9509,71.3928571428571,26.8258428571429,29.2972285714286,170.0,,,,,388082,dengue
2024-04-14,202416,551.0,551,551,551,4.8107795e-05,21.223679,0,2,230440020241620200,2025-04-22,Fortaleza,,0.80076253,2596157,24.9911571428571,94.5744142857143,1,0,1,86.5664428571429,76.2026,27.0058142857143,29.3946714285714,194.0,,,,,388082,dengue
2024-04-07,202415,726.0,726,726,726,0.9950323,27.96441,0,3,230440020241520192,2025-04-14,Fortaleza,,1.1503816,2596157,24.8972857142857,94.6578571428571,1,1,1,87.0187,75.0096571428572,26.7406857142857,29.3389285714286,232.0,,,,,388082,dengue
2024-03-31,202414,786.0,786,786,786,0.99999964,30.275518,0,2,230440020241420188,2025-04-10,Fortaleza,,1.3073404,2596157,24.6702428571429,95.0402857142857,1,1,1,85.9439142857143,74.7174285714286,26.7441857142857,29.1712428571429,255.0,,,,,388082,dengue
2024-03-24,202413,554.0,554,554,554,0.054937597,21.339233,0,2,230440020241320178,2025-03-31,Fortaleza,,0.910465,2596157,25.0155428571429,93.7712285714286,1,0,1,86.8493428571429,76.5381714285714,26.5588,28.7376142857143,150.0,,,,,388082,dengue
2024-03-17,202412,597.0,597,597,597,0.4677061,22.995527,0,2,230440020241220171,2025-03-24,Fortaleza,,0.99532765,2596157,25.1074571428571,94.0290857142857,1,0,1,86.0844285714286,75.5940857142857,27.0112857142857,29.5342857142857,157.0,,,,,388082,dengue
2024-03-10,202411,617.0,617,617,617,0.98720104,23.765898,0,3,230440020241120165,2025-03-18,Fortaleza,,1.1402925,2596157,25.5582857142857,92.6594714285714,1,1,1,85.6106428571429,75.9961714285714,27.3498857142857,29.6925714285714,126.0,,,,,388082,dengue
2024-03-03,202410,643.0,643,643,643,1.0,24.767378,0,3,230440020241020157,2025-03-10,Fortaleza,,1.4400126,2596157,24.9998,92.8041285714286,1,1,1,86.1271142857143,78.5725285714286,26.7316428571429,28.6962571428571,120.0,,,,,388082,dengue
2024-02-25,202409,562.0,562,562,562,1.0,21.64738,0,3,230440020240920153,2025-03-06,Fortaleza,,1.5955204,2596157,24.7347142857143,94.0105428571429,1,1,1,85.5646,76.0527714285714,26.6136571428571,28.794,113.0,,,,,388082,dengue
2024-02-18,202408,449.0,449,449,449,1.0,17.294794,0,3,230440020240820145,2025-02-26,Fortaleza,,1.554519,2596157,24.6576428571429,94.9126142857143,1,1,1,88.2222857142857,79.2990571428572,26.1685571428571,28.0199,64.0,,,,,388082,dengue
2024-02-11,202407,336.0,336,336,336,0.99970233,12.942206,0,3,230440020240720137,2025-02-18,Fortaleza,,1.3287274,2596157,24.9973428571429,92.0661571428572,1,1,1,83.7216428571429,72.6342571428571,27.0649571428571,29.3757857142857,35.0,,,,,388082,dengue
2024-02-04,202406,262.0,262,262,262,0.97901434,10.09184,0,3,230440020240620130,2025-02-11,Fortaleza,,1.2044095,2596157,25.7857142857143,88.5176142857143,1,1,1,78.3011571428571,63.5530428571429,27.8377714285714,30.4632,47.0,,,,,388082,dengue
2024-01-28,202405,275.0,275,275,275,0.99999505,10.59258,0,3,230440020240520122,2025-02-03,Fortaleza,,1.518963,2596157,26.3641428571429,87.5147857142857,1,1,1,75.9815857142857,59.0376857142857,28.3619285714286,31.2040428571429,52.0,,,,,388082,dengue
2024-01-21,202404,211.0,211,211,211,0.99931175,8.127398,0,3,230440020240420116,2025-01-28,Fortaleza,,1.4030156,2596157,26.5559714285714,85.3966714285714,0,1,1,75.457,62.6598285714286,28.3332428571429,30.7940857142857,44.0,,,,,388082,dengue
2024-01-14,202403,184.0,184,184,184,0.99996257,7.087399,0,1,230440020240320109,2025-01-21,Fortaleza,,1.5886705,2596157,25.8520285714286,85.9814857142857,0,1,1,73.5593857142857,55.1256714285714,28.0517857142857,31.2447571428571,19.0,,,,,388082,dengue
2024-01-07,202402,137.0,137,137,137,0.99999964,5.2770305,0,1,230440020240220102,2025-01-14,Fortaleza,,2.047649,2596157,25.8815428571429,86.5428571428571,0,0,0,74.7278142857143,59.7838571428571,28.0134857142857,30.8672285714286,17.0,,,,,388082,dengue
2023-12-31,202401,145.0,145,145,145,1.0,5.5851784,0,2,230440020240120095,2025-01-07,Fortaleza,,2.9065628,2596157,25.4375142857143,89.6568857142857,1,0,0,79.4173,65.3315714285714,27.4476142857143,30.2493142857143,16.0,,,,,388082,dengue
2023-12-24,202352,34.0,34,34,34,0.00055594963,1.309628,0,1,230440020235220087,2024-12-30,Fortaleza,,0.51351243,2596157,25.6526285714286,89.9080714285714,1,0,0,80.1219571428571,65.7411285714286,27.5230571428571,30.1725285714286,12.0,,,,,388082,dengue
2023-12-17,202351,27.0,27,27,27,2.2823754e-09,1.0399988,0,1,230440020235120080,2024-12-23,Fortaleza,,0.3067752,2596157,25.1881857142857,89.5862428571429,1,0,0,80.2200428571429,65.7815,27.1429,29.7867714285714,13.0,,,,,388082,dengue
2023-12-10,202350,72.0,72,72,72,0.013755276,2.77333,0,1,230440020235020073,2024-12-16,Fortaleza,,0.7140014,2596157,26.1220285714286,81.8280714285714,0,0,0,69.4611,49.5906857142857,28.1662571428571,31.6457428571429,26.0,,,,,388082,dengue
2023-12-03,202349,96.0,96,96,96,0.27526376,3.6977732,0,1,230440020234920066,2024-12-09,Fortaleza,,0.919252,2596157,25.8696285714286,84.6777857142857,0,0,0,72.8869285714286,54.4661285714286,27.907,31.3259,35.0,,,,,388082,dengue
2023-11-26,202348,99.0,99,99,99,0.41235006,3.8133287,0,1,230440020234820059,2024-12-02,Fortaleza,,0.9693068,2596157,25.3601571428571,85.3865857142857,0,0,0,74.7915142857143,58.9348285714286,27.1316142857143,30.0711428571429,31.0,,,,,388082,dengue
2023-11-19,202347,120.0,120,120,120,0.82170916,4.6222167,0,1,230440020234720055,2024-11-28,Fortaleza,,1.1303092,2596157,26.0570428571429,83.1871714285714,0,0,0,70.9302285714286,53.6985142857143,28.0311714285714,31.3003571428571,31.0,,,,,388082,dengue
2023-11-12,202346,87.0,87,87,87,0.02594922,3.3511071,0,1,230440020234620046,2024-11-19,Fortaleza,,0.7598646,2596157,26.2086857142857,81.7506571428572,0,0,0,73.6239714285714,61.0625714285714,27.7914857142857,30.1008428571429,27.0,,,,,388082,dengue
2023-11-05,202345,108.0,108,108,108,0.16281383,4.159995,0,1,230440020234520038,2024-11-11,Fortaleza,,0.8787316,2596157,26.2291714285714,80.8084285714286,0,0,0,72.8426,59.2149,27.6618428571429,29.9072,25.0,,,,,388082,dengue
2023-10-29,202344,118.0,118,118,118,0.16711347,4.54518,0,1,230440020234420032,2024-11-05,Fortaleza,,0.8853751,2596157,26.0779,83.7596142857143,0,0,0,74.7214285714286,60.4526142857143,27.5715,29.9492857142857,29.0,,,,,388082,dengue
2023-10-22,202343,118.0,118,118,118,0.04345709,4.54518,0,1,230440020234320026,2024-10-30,Fortaleza,,0.80970955,2596157,25.6086571428571,83.2198857142857,0,0,0,75.1556714285714,61.9777857142857,27.1238571428571,29.4365857142857,36.0,,,,,388082,dengue
2023-10-15,202342,137.0,137,137,137,0.13712144,5.2770305,0,1,230440020234220018,2024-10-22,Fortaleza,,0.8800581,2596157,25.8523285714286,81.7476,0,0,0,73.7511285714286,58.2523428571429,27.1875428571429,29.6830857142857,31.0,,,,,388082,dengue
2023-10-08,202341,139.0,139,139,139,0.12559131,5.354068,0,1,230440020234120011,2024-10-15,Fortaleza,,0.87550336,2596157,25.8240714285714,83.5840571428571,0,0,0,75.4515,61.2346857142857,27.3285428571429,29.7803571428571,37.0,,,,,388082,dengue
2023-10-01,202340,174.0,174,174,174,0.6888137,6.7022142,0,1,230440020234020004,2024-10-08,Fortaleza,,1.054899,2596157,25.8870857142857,81.9650714285714,0,0,1,73.0123857142857,57.8764,27.3563714285714,29.8938142857143,58.0,,,,,388082,dengue
2023-09-24,202339,146.0,146,146,146,0.037560157,5.623697,0,1,230440020233919997,2024-10-01,Fortaleza,,0.82038105,2596157,25.4567285714286,84.3451714285714,0,0,0,74.7017857142857,59.1700285714286,27.0865285714286,29.6576285714286,43.0,,,,,388082,dengue
2023-09-17,202338,169.0,169,169,169,0.095017225,6.5096216,0,1,230440020233819989,2024-09-23,Fortaleza,,0.87146235,2596157,25.3625857142857,83.6263857142857,0,0,0,73.1797285714286,55.4167428571429,27.2870428571429,30.2112285714286,38.0,,,,,388082,dengue
2023-09-10,202337,168.0,168,168,168,0.03573268,6.471103,0,1,230440020233719983,2024-09-17,Fortaleza,,0.8290671,2596157,25.0784857142857,83.2024,0,0,0,73.2693142857143,55.4258571428571,27.0606285714286,29.8577571428571,66.0,,,,,388082,dengue
2023-09-03,202336,208.0,208,208,208,0.63347375,8.011842,0,1,230440020233619978,2024-09-12,Fortaleza,,1.0342671,2596157,25.0007571428571,82.2468142857143,0,0,1,71.6838571428571,50.8919142857143,27.1385285714286,30.1451,79.0,,,,,388082,dengue
2023-08-27,202335,201.0,201,201,201,0.6313534,7.742213,0,1,230440020233519969,2024-09-03,Fortaleza,,1.0342826,2596157,25.2302857142857,86.596,0,0,1,76.5039142857143,60.7723714285714,26.9635571428571,29.5744428571429,92.0,,,,,388082,dengue
2023-08-20,202334,217.0,217,217,217,0.81203735,8.358508,0,1,230440020233419962,2024-08-27,Fortaleza,,1.090658,2596157,24.9757571428571,85.0800714285714,0,0,1,76.7486428571429,62.2910285714286,26.7451428571429,29.2044428571429,112.0,,,,,388082,dengue
2023-08-13,202333,179.0,179,179,179,0.05068797,6.8948064,0,1,230440020233319955,2024-08-20,Fortaleza,,0.84708846,2596157,24.6112428571429,83.1656285714286,0,0,1,71.2544857142857,52.9888857142857,26.8464,29.8522428571429,85.0,,,,,388082,dengue
2023-08-06,202332,191.0,191,191,191,0.053799525,7.357028,0,1,230440020233219948,2024-08-13,Fortaleza,,0.8537522,2596157,24.7979714285714,84.3689714285714,0,0,1,73.7571857142857,54.8122285714286,26.9156571428571,29.7816571428571,76.0,,,,,388082,dengue
2023-07-30,202331,230.0,230,230,230,0.18026046,8.859248,0,1,230440020233119941,2024-08-06,Fortaleza,,0.91995263,2596157,24.9856428571429,85.3847285714286,0,0,1,73.5450714285714,53.3074285714286,27.0552,30.1329142857143,94.0,,,,,388082,dengue
2023-07-23,202330,203.0,203,203,203,0.00018107185,7.8192496,0,1,230440020233019933,2024-07-29,Fortaleza,,0.72181267,2596157,24.7261571428571,83.6826428571429,0,0,1,71.8198285714286,53.4169285714286,27.0679285714286,30.0413857142857,103.0,,,,,388082,dengue
2023-07-16,202329,244.0,244,244,244,0.022602735,9.398507,0,1,230440020232919928,2024-07-24,Fortaleza,,0.8407277,2596157,24.7280142857143,81.8955428571429,0,0,1,70.5572571428571,52.9412285714286,27.0278,29.7146428571429,118.0,,,,,388082,dengue
2023-07-09,202328,302.0,302,302,302,0.7457579,11.632579,0,2,230440020232819919,2024-07-15,Fortaleza,,1.0560201,2596157,24.8787857142857,87.07,1,0,1,77.6416142857143,61.6620142857143,26.7830142857143,29.3930571428571,155.0,,,,,388082,dengue
2023-07-02,202327,313.0,313,313,313,0.73024046,12.056282,0,1,230440020232719913,2024-07-09,Fortaleza,0.0,1.0508741,2596157,26.35,86.2808227,0,0,1,83.0783313,79.5610931,26.675,27.0,126.0,,,,,388082,dengue
2023-06-25,202326,252.0,252,252,252,0.0024557181,9.706655,0,1,230440020232619904,2024-06-30,Fortaleza,0.0,0.7897414,2596157,26.2105263157895,83.4131688421053,0,0,1,81.7296067368421,80.0558203157895,26.4999998947368,26.7368421052632,99.0,,,,,388082,dengue
2023-06-18,202325,309.0,309,309,309,0.10223515,11.902207,0,1,230440020232519898,2024-06-24,Fortaleza,0.0,0.9052769,2596157,26.8421052631579,83.7576492105263,0,0,1,83.1661505789474,82.7415512105263,26.9122806315789,27.0526315789474,143.0,,,,,388082,dengue
2023-06-11,202324,316.0,316,316,316,0.03839012,12.171837,0,2,230440020232419884,2024-06-10,Fortaleza,,0.87284416,2596157,25.0245857142857,89.0059857142857,1,0,1,80.5530428571429,66.7357571428571,26.8701142857143,29.0751714285714,152.0,,,,,388082,dengue
2023-06-04,202323,344.0,344,344,344,0.14013372,13.250354,0,2,230440020232319884,2024-06-10,Fortaleza,,0.9225278,2596157,25.5532142857143,87.7083142857143,1,0,1,80.4054857142857,67.4700857142857,27.2109714285714,29.3955,167.0,,,,,388082,dengue
2023-05-28,202322,363.0,363,363,363,0.27333152,13.982205,0,1,230440020232219876,2024-06-02,Fortaleza,0.0,0.9567388,2596157,27.4090909090909,84.7404584545455,0,0,1,83.4187548181818,82.4098184545455,27.4772727272727,27.5454545454545,178.0,,,,,388082,dengue
2023-05-21,202321,399.0,399,399,399,0.45749497,15.36887,0,1,230440020232119869,2024-05-26,Fortaleza,0.0,0.9924889,2596157,25.5714285714286,91.8974085714286,1,0,1,82.9635585714286,72.0462855714286,27.5059522857143,29.5714285714286,202.0,,,,,388082,dengue
2023-05-14,202320,342.0,342,342,342,0.002550095,13.173317,0,1,230440020232019862,2024-05-19,Fortaleza,0.0,0.81592095,2596157,26.76,88.68801024,1,0,1,82.12363944,74.66627164,27.94,29.12,151.0,,,,,388082,dengue
2023-05-07,202319,417.0,417,417,417,0.39646262,16.062202,0,1,230440020231919855,2024-05-12,Fortaleza,0.0,0.98207337,2596157,27.4,84.7532768,0,0,1,80.4507546,74.7840691,28.0,29.0,202.0,,,,,388082,dengue
2023-04-30,202318,447.0,447,447,447,0.599547,17.217756,0,1,230440020231819848,2024-05-05,Fortaleza,0.0,1.0170758,2596157,27.1,86.5953904,0,0,1,85.6935366,85.5005954,27.2333332,27.3,187.0,,,,,388082,dengue
2023-04-23,202317,391.0,391,391,391,0.016021218,15.060722,0,2,230440020231719841,2024-04-28,Fortaleza,0.0,0.86269116,2596157,25.1428571428571,93.5346714285714,1,0,1,81.4073677142857,67.7129744285714,27.2559525714286,30.2857142857143,114.0,,,,,388082,dengue
2023-04-16,202316,458.0,458,458,458,0.17306688,17.64146,0,2,230440020231619835,2024-04-22,Fortaleza,0.0,0.94055694,2596157,25.2857142857143,94.2747964285714,1,0,1,82.1057221428571,66.4866514285714,27.7678571428571,30.5714285714286,153.0,,,,,388082,dengue
2023-04-09,202315,467.0,467,467,467,0.00022630049,17.988127,0,2,230440020231519827,2024-04-14,Fortaleza,0.0,0.80468535,2596157,24.4285714285714,95.0448171428571,1,0,1,84.8817374285714,69.1412817142857,26.7797617142857,30.1428571428571,166.0,,,,,388082,dengue
2023-04-02,202314,414.0,414,414,414,0.0,15.946648,0,2,230440020231419821,2024-04-08,Fortaleza,0.0,0.6014139,2596157,24.1428571428571,96.6925528571429,1,0,1,87.0079291428571,69.7779632857143,26.2976191428571,29.5714285714286,122.0,,,,,388082,dengue
2023-03-26,202313,583.0,583,583,583,4.132523e-06,22.456268,0,2,230440020231319814,2024-04-01,Fortaleza,0.0,0.78231484,2596157,25.4583333333333,91.7764849166667,1,0,1,86.9498855,80.2670434166667,26.2881945,27.375,205.0,,,,,388082,dengue
2023-03-19,202312,730.0,730,730,730,0.4609233,28.118484,0,1,230440020231219808,2024-03-26,Fortaleza,0.0,0.994886,2596157,24.2307692307692,94.21723,1,0,1,81.7898036153846,67.3970634615385,26.8653849230769,29.8461538461538,211.0,,,,,388082,dengue
2023-03-12,202311,783.0,783,783,783,0.9996783,30.159964,0,3,230440020231119800,2024-03-18,Fortaleza,0.0,1.1976687,2596157,26.1818181818182,89.9016550909091,1,1,1,88.4880111818182,87.0743696818182,26.3181818181818,26.4545454545455,256.0,,,,,388082,dengue
2023-03-05,202310,760.0,760,760,760,1.0,29.274038,0,3,230440020231019794,2024-03-12,Fortaleza,0.0,1.466703,2596157,27.7,82.33815965,0,1,1,81.3592934,80.3804283,27.85,28.0,268.0,,,,,388082,dengue
2023-02-26,202309,713.0,713,713,713,1.0,27.46367,0,3,230440020230919786,2024-03-04,Fortaleza,0.0,1.8207539,2596157,26.9130434782609,85.0126223478261,0,1,1,83.7531966956522,82.5229054782609,27.0289853913043,27.2608695652174,242.0,,,,,388082,dengue
2023-02-19,202308,506.0,506,506,506,1.0,19.490347,0,3,230440020230819780,2024-02-27,Fortaleza,0.0,1.5995725,2596157,25.2916666666667,91.3647552083333,1,1,1,82.8142120416667,71.8143407916667,27.0225694166667,29.375,208.0,,,,,388082,dengue
2023-02-12,202307,350.0,350,350,350,0.99736804,13.481465,0,3,230440020230719773,2024-02-20,Fortaleza,0.0,1.2496636,2596157,27.2,84.4666862,0,1,1,83.6242122,82.7817414,27.2,27.2,141.0,,,,,388082,dengue
2023-02-05,202306,312.0,312,312,312,0.98232967,12.017763,0,1,230440020230619768,2024-02-15,Fortaleza,0.0,1.1923636,2596157,27.5714285714286,80.2949991428571,0,1,1,79.9473411428571,79.5996832857143,27.5714285714286,27.5714285714286,122.0,,,,,388082,dengue
2023-01-29,202305,265.0,265,265,265,0.8525471,9.863725,0,1,230440020230519759,2024-02-06,Fortaleza,0.0,1.0975267,2686612,26.5714285714286,84.5405547142857,0,0,1,80.2642725714286,75.7676025714286,27.4464285714286,28.2857142857143,116.0,,,,,388082,dengue
2023-01-22,202304,270.0,270,270,270,0.98391706,10.049832,0,3,230440020230419752,2024-01-30,Fortaleza,0.0,1.2133083,2686612,26.7142857142857,83.075269,0,1,1,83.075269,83.075269,26.7142857142857,26.7142857142857,108.0,,,,,388082,dengue
2023-01-15,202303,255.0,255,255,255,0.99187714,9.4915085,0,1,230440020230319747,2024-01-25,Fortaleza,0.0,1.2522616,2686612,26.7142857142857,82.3323757142857,0,1,1,82.3323757142857,82.3323757142857,26.7142857142857,26.7142857142857,94.0,,,,,388082,dengue
2023-01-08,202302,187.0,187,187,187,0.92944044,6.960439,0,1,230440020230219747,2024-01-25,Fortaleza,0.0,1.1713299,2686612,26.5714285714286,85.1289542857143,0,0,1,76.3165211428571,65.4517624285714,27.9583334285714,30.1428571428571,57.0,,,,,388082,dengue
2023-01-01,202301,263.0,263,263,263,1.0,9.789281,0,1,230440020230119740,2024-01-18,Fortaleza,0.0,2.1988823,2686612,26.0,85.1160938571429,0,1,1,74.4659814285714,62.0516348571429,28.1190474285714,30.7142857142857,90.0,,,,,388082,dengue
2022-12-25,202252,140.0,140,140,140,0.9719169,5.2110243,0,1,230440020225219733,2024-01-11,Fortaleza,0.0,1.2739125,2686612,25.3333333333333,83.490202,0,0,0,75.6661633333333,68.9519556666667,26.8050506666667,28.0,39.0,,,,,388082,dengue
2022-12-18,202251,98.0,98,98,98,0.030448131,3.647717,0,1,230440020225119718,2023-12-27,Fortaleza,0.0,0.7780268,2686612,25.5,81.173031,0,0,0,72.909875,58.690465,27.5625,30.5,28.0,,,,,388082,dengue
2022-12-11,202250,102.0,102,102,102,0.0005744754,3.7966032,0,1,230440020225019718,2023-12-27,Fortaleza,0.0,0.663512,2686612,26.3333333333333,82.0990931666667,0,0,0,73.1809623333333,60.7857986666667,28.017045,30.3333333333333,38.0,,,,,388082,dengue
2022-12-04,202249,118.0,118,118,118,4.037639e-05,4.392149,0,1,230440020224919708,2023-12-17,Fortaleza,0.0,0.63308525,2686612,25.7142857142857,85.8540868571429,0,0,0,73.16359,57.8666952857143,27.8820348571429,31.0,48.0,,,,,388082,dengue
2022-11-27,202248,173.0,173,173,173,0.026091674,6.439337,0,1,230440020224819684,2023-11-23,Fortaleza,0.0,0.8200062,2686612,26.2857142857143,81.5147902857143,0,0,0,72.4192072857143,59.4643968571429,27.770238,30.2857142857143,61.0,,,,,388082,dengue
2022-11-20,202247,176.0,176,176,176,0.119188264,6.5510015,0,1,230440020224719684,2023-11-23,Fortaleza,0.0,0.8853405,2686612,26.1428571428571,81.5417505714286,0,0,0,72.6957478571429,60.5606511428571,27.700397,29.8571428571429,59.0,,,,,388082,dengue
2022-11-13,202246,254.0,254,254,254,0.99991745,9.454287,0,1,230440020224619684,2023-11-23,Fortaleza,0.0,1.4418694,2686612,25.8571428571429,82.3532862857143,0,1,1,73.3746991428571,63.7348662857143,27.5571428571429,29.2857142857143,81.0,,,,,388082,dengue
2022-11-06,202245,200.0,200,200,200,0.90934026,7.44432,0,1,230440020224519684,2023-11-23,Fortaleza,0.0,1.148223,2686612,25.7142857142857,85.8298442857143,0,0,1,74.3288985714286,62.1810008571429,27.5487011428571,30.2857142857143,86.0,,,,,388082,dengue
2022-10-30,202244,159.0,159,159,159,0.037200764,5.9182343,0,1,230440020224419684,2023-11-23,Fortaleza,0.0,0.82649416,2686612,25.2857142857143,85.8723248571429,0,0,0,73.2638652857143,57.4400791428571,27.8417917142857,30.8571428571429,60.0,,,,,388082,dengue
2022-10-23,202243,160.0,160,160,160,0.00071179174,5.9554563,0,1,230440020224319684,2023-11-23,Fortaleza,0.0,0.7202345,2686612,25.8571428571429,82.8818274285714,0,0,0,73.2093607142857,61.2658278571429,27.7103177142857,29.8571428571429,64.0,,,,,388082,dengue
2022-10-16,202242,204.0,204,204,204,0.00451311,7.5932064,0,1,230440020224219684,2023-11-23,Fortaleza,0.0,0.784216,2686612,25.4285714285714,83.7179377142857,0,0,1,71.4639482857143,54.146758,27.6604557142857,30.5714285714286,84.0,,,,,388082,dengue
2022-10-09,202241,192.0,192,192,192,9.915135e-07,7.1465473,0,1,230440020224119684,2023-11-23,Fortaleza,0.0,0.647308,2686612,25.8571428571429,80.8942994285714,0,0,1,70.853955,52.618701,27.9583334285714,31.2857142857143,75.0,,,,,388082,dengue
2022-10-02,202240,297.0,297,297,297,0.028336681,11.054815,0,1,230440020224019684,2023-11-23,Fortaleza,0.0,0.8602606,2686612,25.2857142857143,85.8972531428571,0,0,1,72.6827,56.107463,27.4350645714286,30.4285714285714,95.0,,,,,388082,dengue
2022-09-25,202239,260.0,260,260,260,5.7731373e-08,9.677616,0,1,230440020223919684,2023-11-23,Fortaleza,0.0,0.6580744,2686612,25.4285714285714,82.2562502857143,0,0,1,72.4194042857143,58.222506,27.2115388571429,29.8571428571429,138.0,,,,,388082,dengue
2022-09-18,202238,360.0,360,360,360,0.0058831996,13.399776,0,1,230440020223819684,2023-11-23,Fortaleza,0.0,0.83574694,2686612,25.4285714285714,84.2857822857143,0,0,1,74.8755998571429,61.2212342857143,27.0141774285714,29.4285714285714,161.0,,,,,388082,dengue
2022-09-11,202237,398.0,398,398,398,0.025654575,14.814198,0,1,230440020223719684,2023-11-23,Fortaleza,0.0,0.8749829,2686612,25.0,85.856362,0,0,1,75.6241244285714,64.4444011428571,26.6527777142857,28.5714285714286,167.0,,,,,388082,dengue
2022-09-04,202236,451.0,451,451,451,0.08075616,16.786942,0,1,230440020223619684,2023-11-23,Fortaleza,5.0,0.9129349,2686612,24.5714285714286,80.8026988571429,0,0,1,65.8117125714286,44.8360584285714,27.345238,31.1428571428571,192.0,,,,,388082,dengue
2022-08-28,202235,442.0,442,442,442,8.3248226e-05,16.451948,0,1,230440020223519684,2023-11-23,Fortaleza,0.0,0.7878035,2686612,24.1428571428571,82.1782514285714,0,0,1,71.8595151428571,55.802585,26.5693725714286,29.4285714285714,228.0,,,,,388082,dengue
2022-08-21,202234,473.0,473,473,473,2.5305837e-08,17.605818,0,1,230440020223419684,2023-11-23,Fortaleza,20.0,0.7214863,2686612,24.0,84.2740011428571,0,0,1,71.6180652857143,50.9563738571429,26.7069598571429,30.1428571428571,297.0,,,,,388082,dengue
2022-08-14,202233,568.0,568,568,568,4.885965e-07,21.141869,0,1,230440020223319684,2023-11-23,Fortaleza,24.0,0.7623198,2686612,23.2857142857143,82.7117668571429,0,0,1,70.1304648571429,50.9580555714286,26.3239011428571,29.5714285714286,331.0,,,,,388082,dengue
2022-08-07,202232,605.0,605,605,605,2.053542e-06,22.519068,0,1,230440020223219684,2023-11-23,Fortaleza,23.0,0.77975494,2686612,24.2857142857143,87.246134,1,0,1,74.9370078571429,58.164465,26.9285714285714,30.0,323.0,,,,,388082,dengue
2022-07-31,202231,859.0,859,859,859,0.9595066,31.973354,0,1,230440020223119684,2023-11-23,Fortaleza,25.0,1.0898151,2686612,24.0,90.3805802857143,1,1,1,80.18555,65.4887371428571,26.0837304285714,28.8571428571429,515.0,,,,,388082,dengue
2022-07-24,202230,735.0,735,735,735,0.0015246652,27.357876,0,1,230440020223019684,2023-11-23,Fortaleza,13.0,0.8616876,2686612,24.4285714285714,86.5652922857143,0,0,1,73.802012,54.6859028571429,26.9189775714286,30.2857142857143,449.0,,,,,388082,dengue
2022-07-17,202229,816.0,816,816,816,1.7956272e-09,30.372826,0,2,230440020222919684,2023-11-23,Fortaleza,47.0,0.7611966,2686612,24.1428571428571,90.3184265714286,1,0,1,76.401962,62.2905298571429,26.5103175714286,29.2857142857143,433.0,,,,,388082,dengue
2022-07-10,202228,747.0,747,747,747,0.0,27.804537,0,2,230440020222819684,2023-11-23,Fortaleza,63.0,0.5317005,2686612,24.5714285714286,87.9260408571429,1,0,1,77.2674492857143,61.162032,26.5952382857143,29.2857142857143,382.0,,,,,388082,dengue
2022-07-03,202227,938.0,938,938,938,0.0,34.91386,0,2,230440020222719684,2023-11-23,Fortaleza,98.0,0.5562224,2686612,22.8571428571429,93.41572,1,0,1,80.60768,65.0953854285714,25.5698054285714,28.5714285714286,478.0,,,,,388082,dengue
2022-06-26,202226,1538.0,1538,1538,1538,3.818923e-11,57.246822,0,4,230440020222619684,2023-11-23,Fortaleza,75.0,0.8009363,2686612,24.4285714285714,93.4826185714286,1,0,2,78.6128784285714,60.8960234285714,26.8571428571429,30.1428571428571,715.0,,,,,388082,dengue
2022-06-19,202225,1710.0,1710,1710,1710,2.9498848e-11,63.648937,0,4,230440020222519684,2023-11-23,Fortaleza,80.0,0.8087364,2686612,24.0,92.5980342857143,1,0,2,80.5667957142857,66.0244368571429,26.1071431428571,28.7142857142857,961.0,,,,,388082,dengue
2022-06-12,202224,1849.0,1849,1849,1849,1.2721263e-06,68.82274,0,4,230440020222419684,2023-11-23,Fortaleza,72.0,0.8615248,2686612,24.5714285714286,88.0238194285714,1,0,2,76.6857224285714,61.453564,26.7678568571429,29.7142857142857,1218.0,,,,,388082,dengue
2022-06-05,202223,2289.0,2289,2289,2289,0.9705125,85.20024,0,4,230440020222319684,2023-11-23,Fortaleza,98.0,1.0582422,2686612,23.7142857142857,94.2327514285714,1,1,2,86.3264035714286,73.5189848571429,25.6736392857143,28.1428571428571,1318.0,,,,,388082,dengue
2022-05-29,202222,2293.0,2293,2293,2293,0.1847957,85.34913,0,4,230440020222219684,2023-11-23,Fortaleza,135.0,0.9740211,2686612,23.8571428571429,95.8567092857143,1,0,2,86.2912812857143,70.1319608571429,26.062925,29.1428571428571,1312.0,,,,,388082,dengue
2022-05-22,202221,1754.0,1754,1754,1754,0.0,65.28669,0,4,230440020222119684,2023-11-23,Fortaleza,85.0,0.7246071,2686612,23.4285714285714,96.6745242857143,1,0,2,84.0637298571429,65.6281137142857,26.1179651428571,29.8571428571429,981.0,,,,,388082,dengue
2022-05-15,202220,2620.0,2620,2620,2620,1.0,97.52059,0,4,230440020222019684,2023-11-23,Fortaleza,88.0,1.1851642,2686612,25.2857142857143,94.2269371428571,1,1,2,82.3192214285714,66.8579342857143,27.6428571428571,30.4285714285714,1292.0,,,,,388082,dengue
2022-05-08,202219,2604.0,2604,2604,2604,1.0,96.92505,0,4,230440020221919684,2023-11-23,Fortaleza,78.0,1.3552316,2686612,24.1428571428571,95.0388292857143,1,1,2,86.003804,74.5844617142857,26.2358057142857,28.7142857142857,1173.0,,,,,388082,dengue
2022-05-01,202218,2269.0,2269,2269,2269,1.0,84.45581,0,4,230440020221819684,2023-11-23,Fortaleza,59.0,1.326518,2686612,24.7142857142857,91.940758,1,1,2,81.9068878571428,67.6607372857143,27.195346,29.8571428571429,997.0,,,,,388082,dengue
2022-04-24,202217,1776.0,1776,1776,1776,0.9999986,66.10556,0,4,230440020221719684,2023-11-23,Fortaleza,52.0,1.178249,2686612,24.4285714285714,92.7144071428571,1,1,2,81.29799,65.4715802857143,27.2278142857143,30.4285714285714,776.0,,,,,388082,dengue
2022-04-17,202216,1803.0,1803,1803,1803,1.0,67.11055,0,4,230440020221619684,2023-11-23,Fortaleza,62.0,1.417809,2686612,24.5714285714286,95.88652,1,1,2,84.2459612857143,71.2063958571429,27.1837474285714,30.0,800.0,,,,,388082,dengue
2022-04-10,202215,1501.0,1501,1501,1501,1.0,55.86962,0,4,230440020221519684,2023-11-23,Fortaleza,27.0,1.4671736,2686612,25.1428571428571,94.2568328571429,1,1,2,81.9017677142857,67.1763677142857,27.5392857142857,30.4285714285714,676.0,,,,,388082,dengue
2022-04-03,202214,1320.0,1320,1320,1320,1.0,49.132515,0,3,230440020221419684,2023-11-23,Fortaleza,66.0,1.6167938,2686612,24.4285714285714,96.6985407142857,1,1,2,87.8782357142857,74.53404,26.3190474285714,29.0,633.0,,,,,388082,dengue
2022-03-27,202213,989.0,989,989,989,1.0,36.812164,0,3,230440020221319684,2023-11-23,Fortaleza,29.0,1.4986155,2686612,23.5714285714286,99.1701442857143,1,1,1,88.2442544285714,73.6933582857143,26.0214171428571,28.8571428571429,326.0,,,,,388082,dengue
2022-03-20,202212,780.0,780,780,780,1.0,29.032848,0,3,230440020221219684,2023-11-23,Fortaleza,11.0,1.4750805,2686612,24.1428571428571,96.686565,1,1,1,85.248446,70.9489978571429,26.693877,29.7142857142857,222.0,,,,,388082,dengue
2022-03-13,202211,687.0,687,687,687,1.0,25.57124,0,3,230440020221119684,2023-11-23,Fortaleza,29.0,1.6140234,2686612,24.0,97.5164207142857,1,1,1,87.4729358571429,75.7044831428571,26.2566325714286,28.5714285714286,158.0,,,,,388082,dengue
2022-03-06,202210,490.0,490,490,490,0.9999998,18.238585,0,3,230440020221019684,2023-11-23,Fortaleza,17.0,1.4245389,2686612,24.2857142857143,96.686565,1,1,1,82.9120492857143,69.1081985714286,26.940476,29.8571428571429,90.0,,,,,388082,dengue
2022-02-27,202209,439.0,439,439,439,1.0,16.340282,0,3,230440020220919684,2023-11-23,Fortaleza,22.0,1.6037507,2686612,26.0,88.1099731428571,1,1,1,77.1288762857143,64.1643,28.1726194285714,30.7142857142857,78.0,,,,,388082,dengue
2022-02-20,202208,322.0,322,322,322,0.9999999,11.985355,0,3,230440020220819684,2023-11-23,Fortaleza,35.0,1.5747479,2686612,25.7142857142857,89.6409652857143,1,1,1,76.8640301428571,63.1198384285714,28.1190477142857,30.7142857142857,51.0,,,,,388082,dengue
2022-02-13,202207,298.0,298,298,298,1.0,11.092037,0,3,230440020220719684,2023-11-23,Fortaleza,17.0,1.9295068,2686612,25.2857142857143,91.3158715714286,1,1,1,76.1162858571429,64.1128785714286,27.9960317142857,30.2857142857143,43.0,,,,,388082,dengue
2022-02-06,202206,187.0,187,187,187,0.9907287,6.960439,0,1,230440020220619684,2023-11-23,Fortaleza,21.0,1.2962803,2686612,26.5714285714286,81.7312088571429,0,1,1,74.2721975714286,63.0965094285714,28.2619048571429,30.5714285714286,33.0,,,,,388082,dengue
2022-01-30,202205,138.0,138,138,138,0.024241414,5.136581,0,2,230440020220519684,2023-11-23,Fortaleza,14.0,0.7990914,2686612,25.2857142857143,91.1421565714286,1,0,0,78.4306784285714,64.2628032857143,28.0178574285714,30.7142857142857,34.0,,,,,388082,dengue
2022-01-23,202204,115.0,115,115,115,1.8104295e-06,4.280484,0,2,230440020220419684,2023-11-23,Fortaleza,19.0,0.58637846,2686612,24.2857142857143,88.9429611428571,1,0,0,80.0923502857143,69.8361392857143,26.6170635714286,29.0,24.0,,,,,388082,dengue
2022-01-16,202203,169.0,169,169,169,0.59283143,6.2904506,0,2,230440020220319684,2023-11-23,Fortaleza,30.0,1.0260116,2686612,25.5714285714286,88.9226528571429,1,0,0,80.8500647142857,68.2217762857143,27.477241,29.8571428571429,31.0,,,,,388082,dengue
2022-01-09,202202,242.0,242,242,242,1.0,9.0076275,0,3,230440020220219684,2023-11-23,Fortaleza,109.0,1.9762994,2686612,25.1428571428571,90.4648331428571,1,1,1,77.9770842857143,62.5360528571429,27.5416668571429,30.4285714285714,30.0,,,,,388082,dengue
2022-01-02,202201,210.0,210,210,210,0.991978,7.8165364,0,1,230440020220119684,2023-11-23,Fortaleza,77.0,1.2838376,2686612,25.0,91.9069408571429,1,1,1,80.3651507142857,67.0270498571429,27.3317805714286,29.8571428571429,30.0,,,,,388082,dengue
2021-12-26,202152,19.0,19,19,19,0.0,0.7072104,0,1,230440020215219684,2023-11-23,Fortaleza,21.0,0.07864576,2686612,26.4285714285714,87.4063068571429,1,0,0,77.3717134285714,65.1923567142857,28.3493791428571,30.5714285714286,15.0,,,,,388082,dengue
2021-12-19,202151,133.0,133,133,133,2.0602331e-10,4.950473,0,1,230440020215119684,2023-11-23,Fortaleza,19.0,0.5217615,2686612,27.0,81.6184385714286,0,0,0,71.8688857142857,58.4685042857143,28.8289337142857,31.5714285714286,61.0,,,,,388082,dengue
2021-12-12,202150,325.0,325,325,325,0.99999654,12.09702,0,3,230440020215019684,2023-11-23,Fortaleza,158.0,1.4747548,2686612,26.8571428571429,83.1581538571429,0,1,1,70.8612062857143,58.4447698571429,29.0499482857143,31.8571428571429,113.0,,,,,388082,dengue
2021-12-05,202149,279.0,279,279,279,0.99989754,10.384827,0,1,230440020214919684,2023-11-23,Fortaleza,17.0,1.4079396,2686612,26.2857142857143,85.9574225714286,0,1,1,72.8824901428572,57.5163881428571,28.7424948571429,31.8571428571429,117.0,,,,,388082,dengue
2021-11-28,202148,191.0,191,191,191,0.39514732,7.109326,0,1,230440020214819684,2023-11-23,Fortaleza,11.0,0.97336125,2686612,26.8571428571429,82.3019571428571,0,0,1,72.2541341428571,57.0160092857143,28.97412,32.0,59.0,,,,,388082,dengue
2021-11-21,202147,198.0,198,198,198,0.29480156,7.369877,0,1,230440020214719684,2023-11-23,Fortaleza,10.0,0.94796413,2686612,26.7142857142857,82.9615488571429,0,0,1,71.9569682857143,58.4156958571429,28.7884434285714,31.5714285714286,60.0,,,,,388082,dengue
2021-11-14,202146,191.0,191,191,191,0.03644753,7.109326,0,1,230440020214619684,2023-11-23,Fortaleza,17.0,0.83905977,2686612,26.7142857142857,81.7113822857143,0,0,1,69.6920007142857,54.1964544285714,28.8069357142857,32.0,42.0,,,,,388082,dengue
2021-11-07,202145,195.0,195,195,195,0.011964065,7.258212,0,1,230440020214519684,2023-11-23,Fortaleza,9.0,0.80537236,2686612,26.4285714285714,81.7812182857143,0,0,1,70.8869722857143,56.0058554285714,28.6407862857143,31.5714285714286,53.0,,,,,388082,dengue
2021-10-31,202144,252.0,252,252,252,0.41563278,9.379844,0,1,230440020214419684,2023-11-23,Fortaleza,12.0,0.98129934,2686612,26.0,86.6150177142857,0,0,1,74.2117642857143,59.4237455714286,28.2093685714286,31.1428571428571,81.0,,,,,388082,dengue
2021-10-24,202143,221.0,221,221,221,0.02693423,8.225974,0,1,230440020214319684,2023-11-23,Fortaleza,11.0,0.8391364,2686612,25.7142857142857,82.3228897142857,0,0,1,69.259558,52.7907497142857,28.338768,31.2857142857143,82.0,,,,,388082,dengue
2021-10-17,202142,276.0,276,276,276,0.475597,10.273162,0,1,230440020214219684,2023-11-23,Fortaleza,12.0,0.99481386,2686612,26.5714285714286,83.7234278571429,0,0,1,72.1072958571429,57.3986188571429,28.4940477142857,31.5714285714286,76.0,,,,,388082,dengue
2021-10-10,202141,270.0,270,270,270,0.0227521,10.049832,0,1,230440020214119684,2023-11-23,Fortaleza,25.0,0.8478479,2686612,26.0,82.2724904285714,0,0,1,70.4792377142857,55.8745051428571,28.2173914285714,31.1428571428571,77.0,,,,,388082,dengue
2021-10-03,202140,236.0,236,236,236,1.2849313e-07,8.784298,0,1,230440020214019684,2023-11-23,Fortaleza,29.0,0.65305614,2686612,25.8571428571429,83.697982,0,0,1,72.5558585714286,58.0193015714286,28.095238,31.1428571428571,66.0,,,,,388082,dengue
2021-09-26,202139,336.0,336,336,336,0.026079198,12.506458,0,1,230440020213919684,2023-11-23,Fortaleza,18.0,0.86552495,2686612,26.0,83.6762065714286,0,0,1,71.3335921428571,51.2865044285714,28.1666665714286,31.8571428571429,117.0,,,,,388082,dengue
2021-09-19,202138,369.0,369,369,369,0.0598564,13.734771,0,1,230440020213819684,2023-11-23,Fortaleza,13.0,0.8946269,2686612,25.8571428571429,81.5619154285714,0,0,1,70.5195257142857,54.4347215714286,27.8690477142857,31.1428571428571,133.0,,,,,388082,dengue
2021-09-12,202137,401.0,401,401,401,0.012330784,14.925862,0,1,230440020213719684,2023-11-23,Fortaleza,14.0,0.8584298,2686612,25.4285714285714,81.5305765714286,0,0,1,68.5991871428571,48.4985167142857,28.0701342857143,31.8571428571429,132.0,,,,,388082,dengue
2021-09-05,202136,390.0,390,390,390,5.6374083e-09,14.516424,0,1,230440020213619684,2023-11-23,Fortaleza,10.0,0.6890747,2686612,25.4285714285714,85.0849748571429,0,0,1,70.3256764285714,53.1146324285714,27.6990168571429,30.7142857142857,156.0,,,,,388082,dengue
2021-08-29,202135,443.0,443,443,443,3.5316194e-13,16.48917,0,1,230440020213519684,2023-11-23,Fortaleza,13.0,0.6487597,2686612,25.5714285714286,80.12763,0,0,1,68.5390651428571,50.0450222857143,27.8747411428571,31.2857142857143,170.0,,,,,388082,dengue
2021-08-22,202134,545.0,545,545,545,1.745748e-11,20.285772,0,1,230440020213419684,2023-11-23,Fortaleza,24.0,0.69345474,2686612,25.0,80.8855177142857,0,0,1,69.2591542857143,51.615178,27.6526911428571,31.1428571428571,180.0,,,,,388082,dengue
2021-08-15,202133,722.0,722,722,722,2.503416e-05,26.873997,0,1,230440020213319684,2023-11-23,Fortaleza,22.0,0.8164161,2686612,24.8571428571429,80.1115277142857,0,0,1,67.8211934285714,48.6227347142857,27.5905797142857,30.8571428571429,259.0,,,,,388082,dengue
2021-08-08,202132,768.0,768,768,768,1.6129947e-08,28.58619,0,1,230440020213219684,2023-11-23,Fortaleza,40.0,0.7679356,2686612,25.1428571428571,85.2033005714286,0,0,1,70.8023855714286,52.6860372857143,27.7305902857143,31.1428571428571,340.0,,,,,388082,dengue
2021-08-01,202131,904.0,904,904,904,1.7913134e-08,33.648327,0,1,230440020213119684,2023-11-23,Fortaleza,21.0,0.7836396,2686612,24.4285714285714,84.405942,0,0,1,67.5381291428571,44.8876325714286,27.7032985714286,31.8571428571429,418.0,,,,,388082,dengue
2021-07-25,202130,951.0,951,951,951,1.0547119e-13,35.397743,0,1,230440020213019684,2023-11-23,Fortaleza,38.0,0.7324166,2686612,24.5714285714286,86.457048,0,0,1,72.2577337142857,51.5276714285714,27.4192542857143,30.8571428571429,405.0,,,,,388082,dengue
2021-07-18,202129,1158.0,1158,1158,1158,1.1315477e-06,43.102615,0,1,230440020212919684,2023-11-23,Fortaleza,40.0,0.8290484,2686612,24.5714285714286,86.5519834285714,0,0,1,71.6208527142857,50.0618392857143,27.4270182857143,30.5714285714286,514.0,,,,,388082,dengue
2021-07-11,202128,1370.0,1370,1370,1370,0.0062478576,50.993595,0,4,230440020212819684,2023-11-23,Fortaleza,29.0,0.9109885,2686612,24.7142857142857,88.1193117142857,1,0,2,74.0630795714286,56.2636551428571,27.4684268571429,30.7142857142857,682.0,,,,,388082,dengue
2021-07-04,202127,1380.0,1380,1380,1380,4.8618045e-07,51.36581,0,4,230440020212719684,2023-11-23,Fortaleza,45.0,0.8367082,2686612,24.8571428571429,87.2963368571429,1,0,2,74.8174065714286,57.6615234285714,27.2282608571429,30.2857142857143,696.0,,,,,388082,dengue
2021-06-27,202126,1457.0,1457,1457,1457,5.954732e-10,54.231873,0,4,230440020212619684,2023-11-23,Fortaleza,27.0,0.8076924,2686612,25.0,89.5562322857143,1,0,2,75.912823,54.3123661428571,27.2885377142857,30.7142857142857,725.0,,,,,388082,dengue
2021-06-20,202125,1697.0,1697,1697,1697,0.0003620678,63.16506,0,4,230440020212519684,2023-11-23,Fortaleza,26.0,0.8933249,2686612,25.0,85.7361308571429,0,0,2,72.5751,56.2608948571429,27.5465842857143,30.4285714285714,796.0,,,,,388082,dengue
2021-06-13,202124,1752.0,1752,1752,1752,0.24496706,65.21224,0,4,230440020212419684,2023-11-23,Fortaleza,30.0,0.9770775,2686612,25.2857142857143,93.578693,1,0,2,80.4177544285714,64.0312094285714,27.2637162857143,29.7142857142857,889.0,,,,,388082,dengue
2021-06-06,202123,2084.0,2084,2084,2084,1.0,77.56982,0,4,230440020212319684,2023-11-23,Fortaleza,136.0,1.3524938,2686612,25.2857142857143,88.8429074285714,1,1,2,76.5573941428571,60.8503667142857,27.6643774285714,30.7142857142857,1044.0,,,,,388082,dengue
2021-05-30,202122,1944.0,1944,1944,1944,1.0,72.358795,0,4,230440020212219684,2023-11-23,Fortaleza,71.0,1.4322158,2686612,25.0,88.062138,1,1,2,73.8479134285714,55.4920805714286,27.7242497142857,30.8571428571429,915.0,,,,,388082,dengue
2021-05-23,202121,1414.0,1414,1414,1414,0.999808,52.631344,0,4,230440020212119684,2023-11-23,Fortaleza,65.0,1.1482251,2686612,24.7142857142857,87.2521051428571,1,1,2,73.7002034285714,55.973911,27.8928568571429,31.1428571428571,795.0,,,,,388082,dengue
2021-05-16,202120,1303.0,1303,1303,1303,1.0,48.499744,0,4,230440020212019684,2023-11-23,Fortaleza,40.0,1.2650002,2686612,25.1428571428571,91.9167142857143,1,1,2,78.9875415714286,63.0475821428571,27.5059522857143,30.2857142857143,797.0,,,,,388082,dengue
2021-05-09,202119,1368.0,1368,1368,1368,1.0,50.91915,0,3,230440020211919684,2023-11-23,Fortaleza,54.0,1.72705,2686612,24.0,95.8386157142857,1,1,2,84.3814028571429,68.674674,26.5357142857143,29.4285714285714,811.0,,,,,388082,dengue
2021-05-02,202118,1037.0,1037,1037,1037,1.0,38.5988,0,3,230440020211819684,2023-11-23,Fortaleza,34.0,1.6934642,2686612,23.7142857142857,97.5164207142857,1,1,1,85.6279542857143,69.6911125714286,26.1547617142857,29.1428571428571,639.0,,,,,388082,dengue
2021-04-25,202117,751.0,751,751,751,1.0,27.953423,0,3,230440020211719684,2023-11-23,Fortaleza,28.0,1.4960146,2686612,24.7142857142857,92.7083185714286,1,1,1,78.3224435714286,63.0793147142857,27.7505174285714,30.7142857142857,453.0,,,,,388082,dengue
2021-04-18,202116,574.0,574,574,574,0.99999994,21.365198,0,3,230440020211619684,2023-11-23,Fortaleza,17.0,1.4041523,2686612,24.7142857142857,93.463495,1,1,1,83.0847401428571,69.2196618571429,26.9997167142857,29.8571428571429,329.0,,,,,388082,dengue
2021-04-11,202115,496.0,496,496,496,1.0,18.461914,0,3,230440020211519684,2023-11-23,Fortaleza,41.0,1.5797168,2686612,25.1428571428571,93.4447491428571,1,1,1,82.0400485714286,65.9661621428571,27.5767541428571,30.7142857142857,299.0,,,,,388082,dengue
2021-04-04,202114,453.0,453,453,453,1.0,16.861385,0,2,230440020211419684,2023-11-23,Fortaleza,22.0,1.744453,2686612,25.8571428571429,88.9484194285714,1,1,1,75.0043657142857,58.9930575714286,28.6023808571429,32.0,272.0,,,,,388082,dengue
2021-03-28,202113,258.0,258,258,258,0.6653473,9.603173,0,2,230440020211319684,2023-11-23,Fortaleza,43.0,1.0386598,2686612,24.8571428571429,93.4746542857143,1,0,1,80.7540744285714,65.1020408571429,27.7257268571429,30.8571428571429,148.0,,,,,388082,dengue
2021-03-21,202112,251.0,251,251,251,0.5056342,9.342622,0,2,230440020211219684,2023-11-23,Fortaleza,31.0,1.0012609,2686612,23.5714285714286,96.6623542857143,1,0,1,86.6171035714286,74.6044431428571,25.7415537142857,28.1428571428571,149.0,,,,,388082,dengue
2021-03-14,202111,235.0,235,235,235,0.39035136,8.747076,0,2,230440020211119684,2023-11-23,Fortaleza,18.0,0.97482425,2686612,24.8571428571429,90.3549237142857,1,0,1,80.9446585714286,68.8306548571429,27.0327637142857,29.1428571428571,112.0,,,,,388082,dengue
2021-03-07,202110,272.0,272,272,272,0.9841793,10.124275,0,3,230440020211019684,2023-11-23,Fortaleza,120.0,1.2131549,2686612,25.2857142857143,88.9493972857143,1,1,1,80.3506921428571,70.4667002857143,27.5119048571429,29.7142857142857,149.0,,,,,388082,dengue
2021-02-28,202109,244.0,244,244,244,0.9577269,9.08207,0,2,230440020210919684,2023-11-23,Fortaleza,29.0,1.1764349,2686612,25.5714285714286,90.3109021428571,1,1,1,80.1226664285714,70.0745932857143,27.5221611428571,29.4285714285714,119.0,,,,,388082,dengue
2021-02-21,202108,217.0,217,217,217,0.9421657,8.077087,0,1,230440020210819684,2023-11-23,Fortaleza,30.0,1.1698941,2686612,25.4285714285714,89.5675737142857,1,0,1,78.6291172857143,66.4832097142857,27.8530741428571,30.1428571428571,99.0,,,,,388082,dengue
2021-02-14,202107,220.0,220,220,220,0.9989714,8.188752,0,3,230440020210719684,2023-11-23,Fortaleza,46.0,1.3740823,2686612,25.5714285714286,88.9029254285714,1,1,1,80.2768022857143,70.0592861428571,27.3300397142857,29.4285714285714,88.0,,,,,388082,dengue
2021-02-07,202106,184.0,184,184,184,0.9944286,6.8487744,0,1,230440020210619684,2023-11-23,Fortaleza,29.0,1.3280404,2686612,26.7142857142857,85.2248875714286,0,1,1,76.8858871428571,65.4602558571429,28.5000002857143,30.7142857142857,68.0,,,,,388082,dengue
2021-01-31,202105,164.0,164,164,164,0.9868679,6.1043425,0,1,230440020210519684,2023-11-23,Fortaleza,42.0,1.2990313,2686612,26.0,83.7027428571429,0,0,0,75.2607862857143,64.2077832857143,27.869824,30.2857142857143,90.0,,,,,388082,dengue
2021-01-24,202104,127.0,127,127,127,0.76614887,4.7271433,0,1,230440020210419684,2023-11-23,Fortaleza,18.0,1.0975944,2686612,26.0,88.0941845714286,1,0,0,78.7506565714286,65.7199437142857,27.7063492857143,30.0,54.0,,,,,388082,dengue
2021-01-17,202103,130.0,130,130,130,0.9930141,4.838808,0,1,230440020210319684,2023-11-23,Fortaleza,17.0,1.3916805,2686612,25.2857142857143,89.5675737142857,1,0,0,78.456925,66.4700267142857,27.3325334285714,29.8571428571429,45.0,,,,,388082,dengue
2021-01-10,202102,116.0,116,116,116,0.9998031,4.3177056,0,1,230440020210219684,2023-11-23,Fortaleza,22.0,1.6990631,2686612,26.4285714285714,82.2660772857143,0,0,0,73.1414255714286,58.3665465714286,28.1252068571429,31.0,42.0,,,,,388082,dengue
2021-01-03,202101,123.0,123,123,123,0.9999456,4.578257,0,1,230440020210119684,2023-11-23,Fortaleza,26.0,1.7637106,2686612,26.5714285714286,84.6298292857143,0,0,0,74.5683437142857,60.8252875714286,28.3371211428571,31.0,44.0,,,,,388082,dengue
2020-12-27,202053,54.0,54,54,54,0.0020731161,2.0099664,0,1,230440020205319589,2023-08-20,Fortaleza,2.0,0.61446774,2686612,27.0,83.676956,0,0,0,72.161975,53.9766265,28.565217,31.5,10.0,,,,,388082,dengue
2020-12-20,202052,89.0,89,89,89,0.23530343,3.3127224,0,1,230440020205219589,2023-08-20,Fortaleza,0.0,0.900219,2686612,,83.7092055666667,0,0,0,,,,,30.0,,,,,388082,dengue
2020-12-13,202051,79.0,79,79,79,0.024554748,2.9405065,0,1,230440020205119589,2023-08-20,Fortaleza,0.0,0.7479032,2686612,,83.7414551333333,0,0,0,,,,,40.0,,,,,388082,dengue
2020-12-06,202050,105.0,105,105,105,0.40459275,3.9082682,0,1,230440020205019589,2023-08-20,Fortaleza,0.0,0.9675494,2686612,,83.7737047,0,0,0,,,,,47.0,,,,,388082,dengue
2020-11-29,202049,112.0,112,112,112,0.5037647,4.1688194,0,1,230440020204919589,2023-08-20,Fortaleza,0.0,1.0012599,2686612,,83.8059542666667,0,0,0,,,,,32.0,,,,,388082,dengue
2020-11-22,202048,100.0,100,100,100,0.19969293,3.72216,0,1,230440020204819589,2023-08-20,Fortaleza,0.0,0.8908696,2686612,26.1666666666667,83.8382038333333,0,0,0,72.7590541666667,58.2593918333333,28.1449276666667,31.0,39.0,,,,,388082,dengue
2020-11-15,202047,122.0,122,122,122,0.85001564,4.541035,0,1,230440020204719589,2023-08-20,Fortaleza,9.0,1.1469272,2686612,26.5714285714286,85.1289542857143,0,0,0,74.8971568571429,61.9671715714286,28.3217447142857,31.1428571428571,64.0,,,,,388082,dengue
2020-11-08,202046,107.0,107,107,107,0.77632153,3.9827113,0,1,230440020204619589,2023-08-20,Fortaleza,21.0,1.1123388,2686612,25.8571428571429,85.2254355714286,0,0,0,74.0881464285714,56.4480862857143,28.1332817142857,31.4285714285714,54.0,,,,,388082,dengue
2020-11-01,202045,124.0,124,124,124,0.962461,4.6154785,0,1,230440020204519589,2023-08-20,Fortaleza,18.0,1.2706859,2686612,26.4285714285714,86.6034011428571,0,0,0,74.6376985714286,60.3900897142857,28.1580524285714,31.0,50.0,,,,,388082,dengue
2020-10-25,202044,78.0,78,78,78,0.011487717,2.9032848,0,1,230440020204419589,2023-08-20,Fortaleza,12.0,0.7159332,2686612,26.0,82.9296602857143,0,0,0,73.0525657142857,57.9005812857143,27.9997411428571,31.1428571428571,31.0,,,,,388082,dengue
2020-10-18,202043,93.0,93,93,93,0.030457083,3.461609,0,1,230440020204319589,2023-08-20,Fortaleza,15.0,0.77320516,2686612,25.7142857142857,86.6475418571429,0,0,0,74.138898,57.0808157142857,27.8470497142857,31.0,46.0,,,,,388082,dengue
2020-10-11,202042,116.0,116,116,116,0.19525366,4.3177056,0,1,230440020204219589,2023-08-20,Fortaleza,8.0,0.8962635,2686612,25.7142857142857,83.655334,0,0,0,71.7536211428571,55.3699808571429,27.8276397142857,31.1428571428571,55.0,,,,,388082,dengue
2020-10-04,202041,115.0,115,115,115,0.0716938,4.280484,0,1,230440020204119589,2023-08-20,Fortaleza,14.0,0.8319411,2686612,25.5714285714286,83.6009708571429,0,0,0,72.3586948571429,56.2640225714286,27.6920288571429,30.7142857142857,50.0,,,,,388082,dengue
2020-09-27,202040,140.0,140,140,140,0.24369097,5.2110243,0,1,230440020204019589,2023-08-20,Fortaleza,19.0,0.92198944,2686612,25.4285714285714,82.2245291428571,0,0,0,69.910616,49.9618948571429,27.652353,31.2857142857143,58.0,,,,,388082,dengue
2020-09-20,202039,124.0,124,124,124,0.004763984,4.6154785,0,1,230440020203919589,2023-08-20,Fortaleza,11.0,0.7373722,2686612,25.2857142857143,84.3470745714286,0,0,0,71.4728571428571,56.1041608571429,27.3216874285714,30.1428571428571,59.0,,,,,388082,dengue
2020-09-13,202038,162.0,162,162,162,0.037157096,6.0298996,0,1,230440020203819589,2023-08-20,Fortaleza,15.0,0.8278463,2686612,24.5714285714286,82.1404157142857,0,0,0,70.1810085714286,51.972187,27.21765,30.5714285714286,80.0,,,,,388082,dengue
2020-09-06,202037,160.0,160,160,160,6.191724e-05,5.9554563,0,1,230440020203719589,2023-08-20,Fortaleza,14.0,0.6777599,2686612,24.4285714285714,84.3114497142857,0,0,0,69.6530522857143,50.392795,27.3330748571429,31.1428571428571,84.0,,,,,388082,dengue
2020-08-30,202036,182.0,182,182,182,2.5777917e-05,6.7743316,0,1,230440020203619589,2023-08-20,Fortaleza,7.0,0.6803982,2686612,24.2857142857143,82.864964,0,0,1,69.256835,49.6800337142857,27.2530481428571,30.7142857142857,97.0,,,,,388082,dengue
2020-08-23,202035,242.0,242,242,242,0.05449288,9.0076275,0,1,230440020203519589,2023-08-20,Fortaleza,13.0,0.86886966,2686612,24.5714285714286,85.0487494285714,0,0,1,71.519715,54.702031,27.0608177142857,30.0,134.0,,,,,388082,dengue
2020-08-16,202034,293.0,293,293,293,0.52868587,10.90593,0,1,230440020203419589,2023-08-20,Fortaleza,20.0,1.0059682,2686612,24.5714285714286,84.2417531428571,0,0,1,70.3536644285714,50.7447318571429,27.2349894285714,30.7142857142857,159.0,,,,,388082,dengue
2020-08-09,202033,272.0,272,272,272,0.027502093,10.124275,0,1,230440020203319589,2023-08-20,Fortaleza,32.0,0.85380465,2686612,24.1428571428571,81.3896905714286,0,0,1,68.5901448571429,50.0781227142857,27.0313148571429,30.2857142857143,153.0,,,,,388082,dengue
2020-08-02,202032,276.0,276,276,276,0.00074563624,10.273162,0,1,230440020203219589,2023-08-20,Fortaleza,22.0,0.77599365,2686612,23.2857142857143,82.7802711428571,0,0,1,66.600461,44.5857278571429,26.8783645714286,31.2857142857143,184.0,,,,,388082,dengue
2020-07-26,202031,328.0,328,328,328,0.0034818982,12.208685,0,1,230440020203119589,2023-08-20,Fortaleza,23.0,0.8184729,2686612,23.5714285714286,79.9780325714286,0,0,1,66.5433028571429,48.7139904285714,26.8447202857143,30.4285714285714,210.0,,,,,388082,dengue
2020-07-19,202030,338.0,338,338,338,7.159612e-05,12.580901,0,1,230440020203019589,2023-08-20,Fortaleza,48.0,0.7610486,2686612,23.7142857142857,85.8212525714286,0,0,1,69.7477744285714,50.3342498571429,26.917117,30.4285714285714,195.0,,,,,388082,dengue
2020-07-12,202029,416.0,416,416,416,0.025955595,15.484186,0,1,230440020202919589,2023-08-20,Fortaleza,126.0,0.8777453,2686612,24.0,84.288414,0,0,1,70.596325,52.0041548571429,26.9565217142857,30.2857142857143,237.0,,,,,388082,dengue
2020-07-05,202028,437.0,437,437,437,0.13900681,16.26584,0,1,230440020202819589,2023-08-20,Fortaleza,24.0,0.9304898,2686612,23.8571428571429,88.7457302857143,1,0,1,77.2885484285714,62.7120222857143,26.2134837142857,28.8571428571429,245.0,,,,,388082,dengue
2020-06-28,202027,506.0,506,506,506,0.98964554,18.83413,0,3,230440020202719589,2023-08-20,Fortaleza,17.0,1.1629492,2686612,25.0,85.788016,0,1,1,74.1313557142857,56.6283315714286,27.133206,30.0,293.0,,,,,388082,dengue
2020-06-21,202026,490.0,490,490,490,0.9993826,18.238585,0,3,230440020202619589,2023-08-20,Fortaleza,149.0,1.2434037,2686612,24.2857142857143,85.7207354285714,0,1,1,72.4030328571429,54.5505834285714,26.8116342857143,29.7142857142857,300.0,,,,,388082,dengue
2020-06-14,202025,436.0,436,436,436,0.9975231,16.228619,0,3,230440020202519589,2023-08-20,Fortaleza,69.0,1.2213656,2686612,24.1428571428571,90.2813908571429,1,1,1,76.9440584285714,61.9303574285714,26.858884,29.8571428571429,284.0,,,,,388082,dengue
2020-06-07,202024,388.0,388,388,388,0.9825261,14.441981,0,2,230440020202419589,2023-08-20,Fortaleza,51.0,1.170464,2686612,24.1428571428571,91.8108014285714,1,1,1,80.8362777142857,66.4349541428571,26.2946428571429,29.0,254.0,,,,,388082,dengue
2020-05-31,202023,371.0,371,371,371,0.8778327,13.809214,0,2,230440020202319589,2023-08-20,Fortaleza,20.0,1.0912403,2686612,24.8571428571429,90.326188,1,0,1,78.1014481428571,59.990658,27.3630954285714,30.8571428571429,249.0,,,,,388082,dengue
2020-05-24,202022,297.0,297,297,297,0.00020629962,11.054815,0,2,230440020202219589,2023-08-20,Fortaleza,45.0,0.762846,2686612,24.8571428571429,89.5576822857143,1,0,1,76.2673428571429,59.8892222857143,27.8035714285714,31.0,209.0,,,,,388082,dengue
2020-05-17,202021,334.0,334,334,334,5.0135134e-07,12.432014,0,2,230440020202119589,2023-08-20,Fortaleza,89.0,0.70690155,2686612,24.7142857142857,92.6501521428571,1,0,1,80.1446165714286,61.3805272857143,27.4166665714286,31.0,222.0,,,,,388082,dengue
2020-05-10,202020,357.0,357,357,357,1.2951218e-10,13.288112,0,2,230440020202019589,2023-08-20,Fortaleza,39.0,0.65362,2686612,24.7142857142857,90.3049551428571,1,0,1,79.1828251428571,63.197789,27.0916668571429,30.0,223.0,,,,,388082,dengue
2020-05-03,202019,477.0,477,477,477,0.004370814,17.754704,0,2,230440020201919589,2023-08-20,Fortaleza,94.0,0.8496439,2686612,25.2857142857143,88.73615,1,0,1,74.742315,56.9601151428571,28.1785714285714,31.7142857142857,340.0,,,,,388082,dengue
2020-04-26,202018,591.0,591,591,591,0.9899247,21.997967,0,3,230440020201819589,2023-08-20,Fortaleza,46.0,1.1501886,2686612,24.4285714285714,92.6155457142857,1,1,1,80.5717865714286,63.3815905714286,27.2023808571429,30.5714285714286,405.0,,,,,388082,dengue
2020-04-19,202017,599.0,599,599,599,0.9999994,22.295738,0,3,230440020201719589,2023-08-20,Fortaleza,47.0,1.3526859,2686612,24.2857142857143,93.4150014285714,1,1,1,82.53169,64.841107,26.779762,30.2857142857143,434.0,,,,,388082,dengue
2020-04-12,202016,535.0,535,535,535,0.9999994,19.913557,0,2,230440020201619589,2023-08-20,Fortaleza,100.0,1.3789284,2686612,24.7142857142857,91.0928464285714,1,1,1,80.3588565714286,62.1213945714286,27.4345234285714,31.0,385.0,,,,,388082,dengue
2020-04-05,202015,415.0,415,415,415,0.8531759,15.446964,0,2,230440020201519589,2023-08-20,Fortaleza,131.0,1.0770539,2686612,25.7142857142857,91.1879494285714,1,0,1,78.9544014285714,63.8336071428571,28.5357145714286,31.5714285714286,311.0,,,,,388082,dengue
2020-03-29,202014,403.0,403,403,403,0.00125725,15.000305,0,2,230440020201419589,2023-08-20,Fortaleza,95.0,0.81687343,2686612,25.4285714285714,91.9086328571429,1,0,1,81.4924021428571,67.9016035714286,27.8273811428571,30.5714285714286,282.0,,,,,388082,dengue
2020-03-22,202013,296.0,296,296,296,0.0,11.017594,0,2,230440020201319589,2023-08-20,Fortaleza,137.0,0.45230758,2686612,25.7142857142857,88.8200665714286,1,0,1,74.3693592857143,59.003325,28.6249997142857,31.7142857142857,222.0,,,,,388082,dengue
2020-03-15,202012,421.0,421,421,421,0.0,15.670294,0,2,230440020201219589,2023-08-20,Fortaleza,171.0,0.5682706,2686612,25.1428571428571,91.0982,1,0,1,79.3096294285714,64.4315948571429,27.6704542857143,30.8571428571429,343.0,,,,,388082,dengue
2020-03-08,202011,779.0,779,779,779,0.9118789,28.995626,0,2,230440020201119589,2023-08-20,Fortaleza,109.0,1.072199,2686612,24.5714285714286,91.0928464285714,1,0,1,84.1875334285714,76.0979267142857,26.5000002857143,28.1428571428571,534.0,,,,,388082,dengue
2020-03-01,202010,736.0,736,736,736,0.9974278,27.395098,0,3,230440020201019589,2023-08-20,Fortaleza,38.0,1.163496,2686612,25.4285714285714,90.3273628571429,1,1,1,80.336565,67.2822325714286,27.5497834285714,30.0,453.0,,,,,388082,dengue
2020-02-23,202009,834.0,834,834,834,1.0,31.042816,0,3,230440020200919589,2023-08-20,Fortaleza,70.0,1.5935681,2686612,25.5714285714286,88.8755172857143,1,1,1,82.913632,75.5460208571428,27.1677488571429,28.7142857142857,516.0,,,,,388082,dengue
2020-02-16,202008,587.0,587,587,587,0.99999994,21.84908,0,3,230440020200819589,2023-08-20,Fortaleza,25.0,1.4057772,2686612,24.8571428571429,90.2996257142857,1,1,1,85.6782,80.1834454285714,26.0649348571429,27.2857142857143,343.0,,,,,388082,dengue
2020-02-09,202007,552.0,552,552,552,1.0,20.546324,0,3,230440020200719589,2023-08-20,Fortaleza,13.0,1.6801798,2686612,26.1428571428571,87.3645307142857,1,1,1,81.8140114285714,75.831264,26.9428571428571,27.5714285714286,317.0,,,,,388082,dengue
2020-02-02,202006,405.0,405,405,405,0.99999994,15.074748,0,3,230440020200619589,2023-08-20,Fortaleza,25.0,1.518344,2686612,24.8571428571429,91.0688171428571,1,1,1,82.8587435714286,72.5088541428571,26.6154762857143,28.5714285714286,208.0,,,,,388082,dengue
2020-01-26,202005,313.0,313,313,313,0.99998355,11.650361,0,3,230440020200519589,2023-08-20,Fortaleza,48.0,1.43789,2686612,24.8571428571429,91.0972014285714,1,1,1,79.0628127142857,63.8746062857143,27.5833334285714,30.2857142857143,119.0,,,,,388082,dengue
2020-01-19,202004,258.0,258,258,258,0.99999946,9.603173,0,3,230440020200419589,2023-08-20,Fortaleza,4.0,1.624601,2686612,27.2857142857143,80.2671802857143,0,1,1,70.985105,57.4438875714286,29.029762,31.7142857142857,110.0,,,,,388082,dengue
2020-01-12,202003,235.0,235,235,235,1.0,8.747076,0,1,230440020200319589,2023-08-20,Fortaleza,14.0,2.281235,2686612,25.8571428571429,86.5696111428571,0,1,1,76.1617985714286,63.0497965714286,28.1071431428571,30.7142857142857,102.0,,,,,388082,dengue
2020-01-05,202002,167.0,167,167,167,1.0,6.216007,0,1,230440020200219589,2023-08-20,Fortaleza,15.0,2.094827,2686612,25.8571428571429,86.6527782857143,0,0,0,76.5129394285714,64.6823847142857,27.7238097142857,29.8571428571429,72.0,,,,,388082,dengue
2019-12-29,202001,72.0,72,72,72,0.17244242,2.6799552,0,1,230440020200119589,2023-08-20,Fortaleza,4.0,0.8596919,2686612,25.6666666666667,87.2293603333333,1,0,0,78.2967196666667,68.5742188333333,27.3944443333333,29.1666666666667,43.0,,,,,388082,dengue
2019-12-22,201952,66.0,66,66,66,0.01543508,2.4566257,0,1,230440020195219589,2023-08-20,Fortaleza,2.0,0.70898956,2686612,27.0,76.9551738571429,0,0,0,73.9821612857143,70.5632217142857,27.4428571428571,28.0,19.0,,,,,388082,dengue
2019-12-15,201951,89.0,89,89,89,0.30055308,3.3127224,0,1,230440020195119589,2023-08-20,Fortaleza,6.0,0.9261576,2686612,26.4285714285714,80.1713834285714,0,0,0,74.8462812857143,70.4713337142857,27.3,27.8571428571429,37.0,,,,,388082,dengue
2019-12-08,201950,91.0,91,91,91,0.5022465,3.3871658,0,1,230440020195019589,2023-08-20,Fortaleza,7.0,1.0008334,2686612,26.5714285714286,78.9407677142857,0,0,0,74.3997465714286,71.1359208571429,27.2,27.5714285714286,34.0,,,,,388082,dengue
2019-12-01,201949,111.0,111,111,111,0.9475181,4.1315975,0,1,230440020194919589,2023-08-20,Fortaleza,12.0,1.258624,2686612,26.4285714285714,78.1173622857143,0,0,0,75.9322564285714,73.4845985714286,26.9428571428571,27.2857142857143,53.0,,,,,388082,dengue
2019-11-24,201948,82.0,82,82,82,0.20101638,3.0521712,0,1,230440020194819589,2023-08-20,Fortaleza,6.0,0.8811768,2686612,26.5714285714286,80.1636974285714,0,0,0,77.7600048571429,74.2457142857143,27.0285714285714,27.5714285714286,44.0,,,,,388082,dengue
2019-11-17,201947,88.0,88,88,88,0.15349597,3.2755008,0,1,230440020194719589,2023-08-20,Fortaleza,9.0,0.8623603,2686612,26.1428571428571,79.5551131428571,0,0,0,76.1249691428571,72.9140737142857,26.9,27.2857142857143,47.0,,,,,388082,dengue
2019-11-10,201946,86.0,86,86,86,0.08358083,3.2010577,0,1,230440020194619589,2023-08-20,Fortaleza,26.0,0.81877273,2686612,26.0,78.7606345714286,0,0,0,74.85394,71.5980785714286,26.7285714285714,27.0,41.0,,,,,388082,dengue
2019-11-03,201945,110.0,110,110,110,0.7915387,4.094376,0,1,230440020194519589,2023-08-20,Fortaleza,15.0,1.1189067,2686612,25.8571428571429,79.4441531428571,0,0,0,75.6306508571429,74.0658357142857,26.6428571428571,27.0,52.0,,,,,388082,dengue
2019-10-27,201944,110.0,110,110,110,0.93133193,4.094376,0,1,230440020194419589,2023-08-20,Fortaleza,11.0,1.234588,2686612,25.7142857142857,76.1178902857143,0,0,0,72.3448022857143,67.479576,26.4025974285714,27.2857142857143,37.0,,,,,388082,dengue
2019-10-20,201943,104.0,104,104,104,0.7600705,3.8710465,0,1,230440020194319589,2023-08-20,Fortaleza,32.0,1.1054509,2686612,25.7142857142857,80.1115694285714,0,0,0,76.2652302857143,69.3273471428571,26.3896102857143,27.4285714285714,36.0,,,,,388082,dengue
2019-10-13,201942,81.0,81,81,81,0.004400724,3.0149498,0,1,230440020194219589,2023-08-20,Fortaleza,47.0,0.6879147,2686612,25.4285714285714,80.9456451428571,0,0,0,75.4330621428571,69.855716,26.3636362857143,27.1428571428571,33.0,,,,,388082,dengue
2019-10-06,201941,76.0,76,76,76,4.3293385e-06,2.8288417,0,1,230440020194119589,2023-08-20,Fortaleza,3.0,0.5394758,2686612,25.2857142857143,78.0855371428571,0,0,0,72.8850032857143,68.4300185714286,26.2077922857143,27.0,29.0,,,,,388082,dengue
2019-09-29,201940,122.0,122,122,122,0.057168297,4.541035,0,1,230440020194019589,2023-08-20,Fortaleza,3.0,0.82499474,2686612,24.8571428571429,78.7320617142857,0,0,0,74.7745022857143,70.2446765714286,25.896104,26.7142857142857,57.0,,,,,388082,dengue
2019-09-22,201939,154.0,154,154,154,0.6915313,5.7321267,0,1,230440020193919589,2023-08-20,Fortaleza,12.0,1.0594512,2686612,25.5714285714286,79.3640031428571,0,0,0,74.3944857142857,69.6607142857143,26.1558442857143,26.8571428571429,61.0,,,,,388082,dengue
2019-09-15,201938,156.0,156,156,156,0.7013587,5.8065696,0,1,230440020193819589,2023-08-20,Fortaleza,4.0,1.062527,2686612,25.1428571428571,79.3922097142857,0,0,0,74.5623177142857,70.89141,26.1428568571429,26.8571428571429,63.0,,,,,388082,dengue
2019-09-08,201937,137.0,137,137,137,0.17968856,5.0993595,0,1,230440020193719589,2023-08-20,Fortaleza,7.0,0.8979452,2686612,24.7142857142857,79.368024,0,0,0,74.0754547142857,68.9744028571429,26.0896105714286,27.0,61.0,,,,,388082,dengue
2019-09-01,201936,147.0,147,147,147,0.1974699,5.4715753,0,1,230440020193619589,2023-08-20,Fortaleza,33.0,0.90780514,2686612,25.1428571428571,80.8942828571429,0,0,0,74.9786577142857,69.7293978571429,26.12987,26.8571428571429,73.0,,,,,388082,dengue
2019-08-25,201935,155.0,155,155,155,0.118591435,5.769348,0,1,230440020193519589,2023-08-20,Fortaleza,5.0,0.87825245,2686612,24.7142857142857,76.1035414285714,0,0,0,71.65144,66.5246385714286,26.0000002857143,26.7142857142857,74.0,,,,,388082,dengue
2019-08-18,201934,153.0,153,153,153,0.019213954,5.694905,0,1,230440020193419589,2023-08-20,Fortaleza,4.0,0.7996673,2686612,24.1428571428571,78.028914,0,0,0,73.541842,68.357,25.7272725714286,26.7142857142857,67.0,,,,,388082,dengue
2019-08-11,201933,183.0,183,183,183,0.15938516,6.811553,0,1,230440020193319589,2023-08-20,Fortaleza,12.0,0.9034764,2686612,24.2857142857143,80.7464288571429,0,0,1,76.0383414285714,71.9920878571429,25.7922077142857,26.7142857142857,68.0,,,,,388082,dengue
2019-08-04,201932,189.0,189,189,189,0.19787575,7.0348825,0,1,230440020193219589,2023-08-20,Fortaleza,19.0,0.9181233,2686612,23.2857142857143,80.194283,0,0,1,73.846807,67.7115678571429,25.1428568571429,26.2857142857143,90.0,,,,,388082,dengue
2019-07-28,201931,211.0,211,211,211,0.57297295,7.853758,0,1,230440020193119589,2023-08-20,Fortaleza,3.0,1.0181341,2686612,24.4285714285714,83.4798608571429,0,0,1,77.8664314285714,72.0532207142857,25.8181817142857,27.0,113.0,,,,,388082,dengue
2019-07-21,201930,212.0,212,212,212,0.5247612,7.8909793,0,1,230440020193019589,2023-08-20,Fortaleza,26.0,1.0060538,2686612,23.5714285714286,85.7722814285714,0,0,1,78.7698105714286,73.5501858571429,25.103896,26.1428571428571,100.0,,,,,388082,dengue
2019-07-14,201929,193.0,193,193,193,0.29238424,7.183769,0,1,230440020192919589,2023-08-20,Fortaleza,17.0,0.9466643,2686612,24.7142857142857,85.6973865714286,0,0,1,79.2423234285714,74.564742,25.9480522857143,26.8571428571429,99.0,,,,,388082,dengue
2019-07-07,201928,229.0,229,229,229,0.9533929,8.5237465,0,1,230440020192819589,2023-08-20,Fortaleza,3.0,1.1773348,2686612,24.4285714285714,84.9619802857143,0,1,1,78.5928091428571,72.8319571428571,25.8571428571429,27.0,129.0,,,,,388082,dengue
2019-06-30,201927,210.0,210,210,210,0.63857853,7.8165364,0,1,230440020192719589,2023-08-20,Fortaleza,13.0,1.0354948,2686612,24.2857142857143,86.5154685714286,0,0,1,80.6301064285714,75.3924194285714,25.5454545714286,26.7142857142857,117.0,,,,,388082,dengue
2019-06-23,201926,176.0,176,176,176,0.0049699154,6.5510015,0,1,230440020192619589,2023-08-20,Fortaleza,13.0,0.7730503,2686612,24.5714285714286,83.5202988571429,0,0,1,78.3933014285714,70.8795187142857,25.948052,27.0,101.0,,,,,388082,dengue
2019-06-16,201925,197.0,197,197,197,0.002059691,7.3326554,0,1,230440020192519589,2023-08-20,Fortaleza,13.0,0.76341814,2686612,24.1428571428571,88.900726,1,0,1,83.6120064285714,77.3024665714286,25.4935062857143,27.1428571428571,122.0,,,,,388082,dengue
2019-06-09,201924,227.0,227,227,227,0.002922639,8.449304,0,1,230440020192419589,2023-08-20,Fortaleza,11.0,0.78406805,2686612,24.4285714285714,87.4455748571429,1,0,1,82.4755114285714,77.0020908571429,25.8593074285714,27.2857142857143,108.0,,,,,388082,dengue
2019-06-02,201923,260.0,260,260,260,0.005339307,9.677616,0,1,230440020192319589,2023-08-20,Fortaleza,20.0,0.8088071,2686612,25.1428571428571,85.8428625714286,0,0,1,80.1411992857143,74.882325,26.7142854285714,27.8571428571429,115.0,,,,,388082,dengue
2019-05-26,201922,288.0,288,288,288,0.012866591,10.719821,0,2,230440020192219589,2023-08-20,Fortaleza,20.0,0.8372273,2686612,25.2857142857143,88.7249257142857,1,0,1,82.7090534285714,75.5685558571429,26.4415582857143,27.7142857142857,101.0,,,,,388082,dengue
2019-05-19,201921,322.0,322,322,322,0.08142017,11.985355,0,2,230440020192119589,2023-08-20,Fortaleza,47.0,0.8985095,2686612,25.0,91.142973,1,0,1,86.4307684285714,80.2696794285714,26.0389605714286,27.1428571428571,134.0,,,,,388082,dengue
2019-05-12,201920,371.0,371,371,371,0.28002408,13.809214,0,2,230440020192019589,2023-08-20,Fortaleza,14.0,0.958568,2686612,25.7142857142857,88.75895,1,0,1,84.2559085714286,80.9030314285714,26.7142857142857,27.5714285714286,166.0,,,,,388082,dengue
2019-05-05,201919,328.0,328,328,328,0.00019727371,12.208685,0,2,230440020191919589,2023-08-20,Fortaleza,12.0,0.77166194,2686612,25.4285714285714,88.837671,1,0,1,83.2660872857143,78.9565661428571,26.6233765714286,27.8571428571429,121.0,,,,,388082,dengue
2019-04-28,201918,392.0,392,392,392,0.0013953276,14.590868,0,2,230440020191819589,2023-08-20,Fortaleza,40.0,0.81635666,2686612,24.8571428571429,92.6621928571429,1,0,1,87.6260634285714,79.0354148571429,26.1323054285714,27.8571428571429,141.0,,,,,388082,dengue
2019-04-21,201917,436.0,436,436,436,9.3247065e-05,16.228619,0,2,230440020191719589,2023-08-20,Fortaleza,30.0,0.78793705,2686612,24.8571428571429,94.2628207142857,1,0,1,87.754886,80.4971084285714,25.9267164285714,27.4285714285714,162.0,,,,,388082,dengue
2019-04-14,201916,426.0,426,426,426,1.2724798e-05,15.856402,0,2,230440020191619589,2023-08-20,Fortaleza,46.0,0.76368725,2686612,24.8571428571429,95.0866885714286,1,0,1,88.7475751428571,79.9326622857143,25.8766237142857,27.5714285714286,106.0,,,,,388082,dengue
2019-04-07,201915,601.0,601,601,601,0.9999976,22.370182,0,3,230440020191519589,2023-08-20,Fortaleza,13.0,1.3271708,2686612,25.2857142857143,91.868855,1,1,1,84.3175451428571,76.3405052857143,26.5405845714286,27.8571428571429,172.0,,,,,388082,dengue
2019-03-31,201914,670.0,670,670,670,1.0,24.938473,0,3,230440020191419589,2023-08-20,Fortaleza,16.0,2.022519,2686612,24.4285714285714,93.4088835714286,1,1,1,88.9292605714286,83.0516362857143,25.5454545714286,26.7142857142857,198.0,,,,,388082,dengue
2019-03-24,201913,436.0,436,436,436,1.0,16.228619,0,3,230440020191319589,2023-08-20,Fortaleza,18.0,1.7159704,2686612,24.1428571428571,95.8626971428571,1,1,1,91.4643008571429,82.3342392857143,25.3116885714286,26.7142857142857,153.0,,,,,388082,dengue
2019-03-17,201912,285.0,285,285,285,0.99994665,10.608156,0,3,230440020191219589,2023-08-20,Fortaleza,36.0,1.4252461,2686612,24.5714285714286,95.0978478571429,1,1,1,89.6657664285714,78.3531917142857,25.7012988571429,26.8571428571429,92.0,,,,,388082,dengue
2019-03-10,201911,269.0,269,269,269,1.0,10.01261,0,3,230440020191119589,2023-08-20,Fortaleza,59.0,1.7104844,2686612,24.4285714285714,95.8626971428571,1,1,1,91.5132008571429,85.8444838571429,25.2987011428571,26.2857142857143,102.0,,,,,388082,dengue
2019-03-03,201910,187.0,187,187,187,0.9996664,6.960439,0,2,230440020191019589,2023-08-20,Fortaleza,9.0,1.4727577,2686612,23.5714285714286,95.0268535714286,1,1,1,89.4032471428571,82.2898204285714,25.1298702857143,26.7142857142857,73.0,,,,,388082,dengue
2019-02-24,201909,157.0,157,157,157,0.9970022,5.8437915,0,2,230440020190919589,2023-08-20,Fortaleza,29.0,1.4005754,2686612,24.2857142857143,92.7645608571429,1,0,0,88.3497662857143,81.6179184285714,25.5194805714286,26.7142857142857,35.0,,,,,388082,dengue
2019-02-17,201908,119.0,119,119,119,0.6692324,4.4293704,0,2,230440020190819589,2023-08-20,Fortaleza,25.0,1.0591575,2686612,26.0,91.9146207142857,1,0,0,86.3973084285714,82.3688204285714,26.9480517142857,27.5714285714286,30.0,,,,,388082,dengue
2019-02-10,201907,103.0,103,103,103,0.12450144,3.8338249,0,2,230440020190719589,2023-08-20,Fortaleza,12.0,0.8570416,2686612,25.5714285714286,94.3561485714286,1,0,0,88.293488,83.8136111428571,26.9428571428571,28.1428571428571,28.0,,,,,388082,dengue
2019-02-03,201906,110.0,110,110,110,0.22497869,4.094376,0,2,230440020190619589,2023-08-20,Fortaleza,5.0,0.9055656,2686612,25.5714285714286,95.93968,1,0,0,87.0050777142857,74.3841644285714,27.2446341428571,29.1428571428571,33.0,,,,,388082,dengue
2019-01-27,201905,120.0,120,120,120,0.7886008,4.4665923,0,2,230440020190519589,2023-08-20,Fortaleza,21.0,1.111899,2686612,25.4285714285714,93.6654765714286,1,0,0,79.5143537142857,62.6068408571429,28.0773811428571,30.7142857142857,31.0,,,,,388082,dengue
2019-01-20,201904,141.0,141,141,141,0.9995723,5.2482457,0,2,230440020190419589,2023-08-20,Fortaleza,10.0,1.5569988,2686612,25.2857142857143,92.0247931428571,1,0,0,78.7605608571429,62.0197532857143,27.8392857142857,30.5714285714286,23.0,,,,,388082,dengue
2019-01-13,201903,104.0,104,104,104,0.98958755,3.8710465,0,2,230440020190319589,2023-08-20,Fortaleza,12.0,1.4174708,2686612,24.4285714285714,100.0,1,0,0,88.1783135714286,76.599186,26.5142857142857,28.2857142857143,30.0,,,,,388082,dengue
2019-01-06,201902,87.0,87,87,87,0.99653655,3.2382793,0,2,230440020190219589,2023-08-20,Fortaleza,4.0,1.5803962,2686612,25.4285714285714,91.9400314285714,1,0,0,86.2655357142857,80.2792105714286,26.5428571428571,27.4285714285714,17.0,,,,,388082,dengue
2018-12-30,201901,85.0,85,85,85,0.9996916,3.163836,0,2,230440020190119589,2023-08-20,Fortaleza,4.0,1.8398335,2686612,26.4285714285714,87.3579152857143,1,0,0,81.7558828571429,78.2169311428571,27.1142857142857,27.5714285714286,32.0,,,,,388082,dengue
2018-12-23,201852,43.0,43,43,43,0.32939044,1.6005288,0,2,230440020185219589,2023-08-20,Fortaleza,0.0,0.9115331,2686612,24.7142857142857,89.6747637142857,1,0,0,81.9691814285714,72.7401298571429,26.2880951428571,28.4285714285714,16.0,,,,,388082,dengue
2018-12-16,201851,40.0,40,40,40,0.26150584,1.4888641,0,2,230440020185119589,2023-08-20,Fortaleza,0.0,0.87168264,2686612,25.4285714285714,88.0496217142857,1,0,0,75.3117978571428,59.932876,27.714286,30.1428571428571,13.0,,,,,388082,dengue
2018-12-09,201850,50.0,50,50,50,0.83561546,1.86108,0,1,230440020185019589,2023-08-20,Fortaleza,0.0,1.2270641,2686612,25.4285714285714,87.4798615714286,1,0,0,74.7957387142857,58.9706897142857,27.9761902857143,30.8571428571429,15.0,,,,,388082,dengue
2018-12-02,201849,56.0,56,56,56,0.95489293,2.0844097,0,1,230440020184919589,2023-08-20,Fortaleza,0.0,1.4158444,2686612,26.2857142857143,100.768192285714,1,0,0,86.7295642857143,79.9783667142857,26.9523808571429,27.7142857142857,13.0,,,,,388082,dengue
2018-11-25,201848,27.0,27,27,27,0.0813293,1.0049832,0,1,230440020184819589,2023-08-20,Fortaleza,0.0,0.707347,2686612,26.1428571428571,85.2899632857143,0,0,0,80.2075378571429,74.8889448571429,27.1142857142857,27.8571428571429,4.0,,,,,388082,dengue
2018-11-18,201847,48.0,48,48,48,0.9174055,1.7866368,0,1,230440020184719589,2023-08-20,Fortaleza,0.0,1.3554446,2686612,26.5714285714286,83.0040294285714,0,0,0,78.1022628571429,75.5183967142857,27.1428571428571,27.8571428571429,11.0,,,,,388082,dengue
2018-11-11,201846,36.0,36,36,36,0.62025166,1.3399776,0,1,230440020184619589,2023-08-20,Fortaleza,0.0,1.075782,2686612,26.4285714285714,79.5003437142857,0,0,0,77.2017387142857,74.1717537142857,26.9142857142857,27.1428571428571,8.0,,,,,388082,dengue
2018-11-04,201845,37.0,37,37,37,0.6655538,1.3771993,0,1,230440020184519589,2023-08-20,Fortaleza,0.0,1.1066974,2686612,26.2857142857143,80.1477531428571,0,0,0,76.7884257142857,73.5084,26.9,27.1428571428571,12.0,,,,,388082,dengue
2018-10-28,201844,30.0,30,30,30,0.3131896,1.1166481,0,1,230440020184419589,2023-08-20,Fortaleza,0.0,0.8858981,2686612,26.1428571428571,81.5104534285714,0,0,0,77.974152,72.3891725714286,26.7792208571429,28.0,4.0,,,,,388082,dengue
2018-10-21,201843,36.0,36,36,36,0.5410911,1.3399776,0,1,230440020184319589,2023-08-20,Fortaleza,0.0,1.024624,2686612,26.2857142857143,81.5106114285714,0,0,0,78.1360542857143,72.980304,26.792208,27.7142857142857,13.0,,,,,388082,dengue
2018-10-14,201842,32.0,32,32,32,0.32156062,1.1910912,0,1,230440020184219589,2023-08-20,Fortaleza,0.0,0.8940926,2686612,25.4285714285714,85.960054,0,0,0,74.2359354285714,59.2719064285714,27.400974,30.2857142857143,6.0,,,,,388082,dengue
2018-10-07,201841,35.0,35,35,35,0.47468624,1.3027561,0,1,230440020184119589,2023-08-20,Fortaleza,0.0,0.98508036,2686612,25.8571428571429,82.9470894285714,0,0,0,70.3565807142857,52.6046757142857,27.7976191428571,31.1428571428571,8.0,,,,,388082,dengue
2018-09-30,201840,40.0,40,40,40,0.67098796,1.4888641,0,1,230440020184019589,2023-08-20,Fortaleza,0.0,1.1062243,2686612,25.7142857142857,80.1747551428571,0,0,0,73.3105974285714,62.9915542857143,26.8436151428571,28.5714285714286,5.0,,,,,388082,dengue
2018-09-23,201839,30.0,30,30,30,0.2755283,1.1166481,0,1,230440020183919589,2023-08-20,Fortaleza,0.0,0.8629418,2686612,25.8571428571429,83.630608,0,0,0,79.9652822857143,74.2303002857143,26.1688314285714,27.0,3.0,,,,,388082,dengue
2018-09-16,201838,41.0,41,41,41,0.82157135,1.5260856,0,1,230440020183819589,2023-08-20,Fortaleza,0.0,1.2379291,2686612,24.7142857142857,83.6253545714286,0,0,0,78.2934764285714,72.7333235714286,25.8311685714286,26.8571428571429,9.0,,,,,388082,dengue
2018-09-09,201837,36.0,36,36,36,0.49437046,1.3399776,0,1,230440020183719589,2023-08-20,Fortaleza,0.0,0.99670124,2686612,24.7142857142857,79.3627337142857,0,0,0,75.7097314285714,70.3404347142857,25.7922077142857,26.2857142857143,12.0,,,,,388082,dengue
2018-09-02,201836,28.0,28,28,28,0.035574056,1.0422049,0,1,230440020183619589,2023-08-20,Fortaleza,1.0,0.6501922,2686612,24.4285714285714,83.607808,0,0,0,79.5728057142857,74.0643911428571,25.7012985714286,26.2857142857143,10.0,,,,,388082,dengue
2018-08-26,201835,35.0,35,35,35,0.038993314,1.3027561,0,1,230440020183519589,2023-08-20,Fortaleza,0.0,0.6830778,2686612,24.4285714285714,82.1402537142857,0,0,0,77.2358607142857,71.4295112857143,25.6753245714286,26.2857142857143,8.0,,,,,388082,dengue
2018-08-19,201834,43.0,43,43,43,0.051795073,1.6005288,0,1,230440020183419589,2023-08-20,Fortaleza,0.0,0.72432613,2686612,24.2857142857143,80.7507791428571,0,0,0,76.3708935714286,70.0787257142857,25.7402597142857,26.4285714285714,13.0,,,,,388082,dengue
2018-08-12,201833,51.0,51,51,51,0.060607687,1.8983016,0,1,230440020183319589,2023-08-20,Fortaleza,0.0,0.7521755,2686612,24.7142857142857,83.7381025714286,0,0,0,78.288488,71.3302734285714,26.1953462857143,27.5714285714286,13.0,,,,,388082,dengue
2018-08-05,201832,61.0,61,61,61,0.11593947,2.2705176,0,1,230440020183219589,2023-08-20,Fortaleza,12.0,0.81462467,2686612,24.8571428571429,88.062454,1,0,0,76.1118057142857,57.1699405714286,26.9761908571429,30.2857142857143,14.0,,,,,388082,dengue
2018-07-29,201831,64.0,64,64,64,0.16423784,2.3821824,0,1,230440020183119589,2023-08-20,Fortaleza,16.0,0.847676,2686612,24.2857142857143,90.3381388571429,1,0,0,75.8115922857143,59.8326907142857,26.7075571428571,29.7142857142857,14.0,,,,,388082,dengue
2018-07-22,201830,84.0,84,84,84,0.8403269,3.1266146,0,1,230440020183019589,2023-08-20,Fortaleza,2.0,1.1728967,2686612,24.4285714285714,84.2947931428571,0,0,0,70.7304771428571,50.6250481428571,27.1547614285714,30.7142857142857,16.0,,,,,388082,dengue
2018-07-15,201829,76.0,76,76,76,0.7930454,2.8288417,0,1,230440020182919589,2023-08-20,Fortaleza,10.0,1.146539,2686612,23.7142857142857,85.8112808571429,0,0,0,74.2868437142857,58.445134,26.3685065714286,29.0,12.0,,,,,388082,dengue
2018-07-08,201828,72.0,72,72,72,0.77682364,2.6799552,0,1,230440020182819589,2023-08-20,Fortaleza,5.0,1.1396604,2686612,24.0,93.561818,1,0,0,87.3222007142857,81.609103,25.2207791428571,26.1428571428571,10.0,,,,,388082,dengue
2018-07-01,201827,69.0,69,69,69,0.5398995,2.5682905,0,1,230440020182719589,2023-08-20,Fortaleza,0.0,1.0172234,2686612,24.4285714285714,88.8144208571429,1,0,0,84.1048842857143,78.7534882857143,25.6753248571429,26.7142857142857,17.0,,,,,388082,dengue
2018-06-24,201826,55.0,55,55,55,0.021573106,2.047188,0,1,230440020182619589,2023-08-20,Fortaleza,2.0,0.70325977,2686612,23.8571428571429,85.0513147142857,0,0,0,79.8933185714286,73.4158664285714,25.3636362857143,26.2857142857143,14.0,,,,,388082,dengue
2018-06-17,201825,66.0,66,66,66,0.028200444,2.4566257,0,2,230440020182519589,2023-08-20,Fortaleza,9.0,0.7358152,2686612,24.1428571428571,89.6052831428571,1,0,0,83.462812,76.6316054285714,25.7012985714286,26.7142857142857,15.0,,,,,388082,dengue
2018-06-10,201824,79.0,79,79,79,0.032578927,2.9405065,0,2,230440020182419589,2023-08-20,Fortaleza,0.0,0.7607783,2686612,24.0,87.8935585714286,1,0,0,81.4628328571429,76.6189142857143,25.7662337142857,26.8571428571429,21.0,,,,,388082,dengue
2018-06-03,201823,91.0,91,91,91,0.020519488,3.3871658,0,2,230440020182319589,2023-08-20,Fortaleza,3.0,0.75447416,2686612,24.7142857142857,95.1725165714286,1,0,0,88.1947314285714,82.9908617142857,25.6753245714286,26.2857142857143,22.0,,,,,388082,dengue
2018-05-27,201822,95.0,95,95,95,0.005221082,3.536052,0,2,230440020182219589,2023-08-20,Fortaleza,6.0,0.71134007,2686612,25.0,91.8801964285714,1,0,0,84.3321628571429,78.8124435714286,26.3246754285714,27.1428571428571,12.0,,,,,388082,dengue
2018-05-20,201821,132.0,132,132,132,0.14439884,4.9132514,0,2,230440020182119589,2023-08-20,Fortaleza,7.0,0.8813289,2686612,25.0,95.1844922857143,1,0,0,85.9005971428571,75.3295241428571,26.5638525714286,28.1428571428571,26.0,,,,,388082,dengue
2018-05-13,201820,131.0,131,131,131,0.0017086772,4.87603,0,2,230440020182019589,2023-08-20,Fortaleza,2.0,0.7171826,2686612,24.7142857142857,95.1039007142857,1,0,0,80.423238,62.5542118571429,27.4761905714286,30.8571428571429,27.0,,,,,388082,dengue
2018-05-06,201819,140.0,140,140,140,5.2173856e-08,5.2110243,0,2,230440020181919589,2023-08-20,Fortaleza,2.0,0.57521474,2686612,24.0,100.0,1,0,0,84.9604342857143,63.5103887142857,26.6369042857143,30.5714285714286,26.0,,,,,388082,dengue
2018-04-29,201818,173.0,173,173,173,3.3816283e-12,6.439337,0,2,230440020181819589,2023-08-20,Fortaleza,1.0,0.5327048,2686612,24.5714285714286,96.6925528571429,1,0,1,80.3195942857143,60.3924607142857,27.589286,31.0,41.0,,,,,388082,dengue
2018-04-22,201817,216.0,216,216,216,1.2301049e-11,8.0398655,0,2,230440020181719589,2023-08-20,Fortaleza,5.0,0.5722001,2686612,24.8571428571429,95.0447528571429,1,0,1,80.0673528571429,61.4039262857143,27.6071434285714,30.8571428571429,60.0,,,,,388082,dengue
2018-04-15,201816,342.0,342,342,342,0.25301483,12.729788,0,2,230440020181619589,2023-08-20,Fortaleza,6.0,0.9510465,2686612,24.2857142857143,95.89915,1,0,1,89.7401701428571,81.1453385714286,25.6829002857143,27.1428571428571,96.0,,,,,388082,dengue
2018-04-08,201815,431.0,431,431,431,0.99999994,16.042511,0,3,230440020181519589,2023-08-20,Fortaleza,3.0,1.4936565,2686612,23.8571428571429,96.6745242857143,1,1,1,91.2326484285714,79.9817152857143,25.1298702857143,27.4285714285714,130.0,,,,,388082,dengue
2018-04-01,201814,391.0,391,391,391,1.0,14.553646,0,3,230440020181419589,2023-08-20,Fortaleza,5.0,1.7656311,2686612,25.0,97.5283964285714,1,1,1,90.4110011428571,84.4722928571429,26.285714,27.2857142857143,107.0,,,,,388082,dengue
2018-03-25,201813,291.0,291,291,291,0.9999985,10.831486,0,2,230440020181319589,2023-08-20,Fortaleza,5.0,1.5389622,2686612,24.7142857142857,99.1761321428571,1,1,1,92.2077085714286,85.4310167142857,25.7792208571429,27.1428571428571,88.0,,,,,388082,dengue
2018-03-18,201812,176.0,176,176,176,0.5714731,6.5510015,0,2,230440020181219589,2023-08-20,Fortaleza,7.0,1.019458,2686612,26.2857142857143,89.7106371428571,1,0,1,81.8380835714286,76.980221,27.4025974285714,28.1428571428571,69.0,,,,,388082,dengue
2018-03-11,201811,209.0,209,209,209,0.9894675,7.7793145,0,2,230440020181119589,2023-08-20,Fortaleza,4.0,1.2703644,2686612,26.1428571428571,89.672488,1,1,1,83.2444165714286,77.6364787142857,27.3246751428571,28.0,63.0,,,,,388082,dengue
2018-03-04,201810,155.0,155,155,155,0.5606535,5.769348,0,2,230440020181019589,2023-08-20,Fortaleza,7.0,1.0175412,2686612,25.5714285714286,93.601893,1,0,0,86.0311965714286,80.2392608571429,26.792208,27.7142857142857,47.0,,,,,388082,dengue
2018-02-25,201809,169.0,169,169,169,0.9756437,6.2904506,0,3,230440020180919589,2023-08-20,Fortaleza,9.0,1.2543445,2686612,24.7142857142857,95.9217807142857,1,1,1,84.8725531428571,72.7433462857143,26.7705628571429,28.8571428571429,56.0,,,,,388082,dengue
2018-02-18,201808,173.0,173,173,173,0.9937291,6.439337,0,2,230440020180819589,2023-08-20,Fortaleza,13.0,1.333853,2686612,24.1428571428571,99.1701442857143,1,1,1,92.5893557142857,85.509073,25.3344154285714,26.7142857142857,44.0,,,,,388082,dengue
2018-02-11,201807,108.0,108,108,108,0.081797585,4.0199327,0,2,230440020180719589,2023-08-20,Fortaleza,2.0,0.8345404,2686612,23.5714285714286,98.3342357142857,1,0,0,91.9360514285714,86.8275965714286,24.6714285714286,25.7142857142857,42.0,,,,,388082,dengue
2018-02-04,201806,135.0,135,135,135,0.74780995,5.024916,0,2,230440020180619589,2023-08-20,Fortaleza,8.0,1.086353,2686612,26.0,91.2651938571429,1,0,0,85.3767977142857,79.073289,27.0273808571429,28.0,40.0,,,,,388082,dengue
2018-01-28,201805,138.0,138,138,138,0.8780718,5.136581,0,1,230440020180519589,2023-08-20,Fortaleza,3.0,1.1563288,2686612,25.8571428571429,88.8876154285714,1,0,0,81.1363922857143,74.4170294285714,26.9166665714286,28.2857142857143,38.0,,,,,388082,dengue
2018-01-21,201804,119.0,119,119,119,0.6250221,4.4293704,0,1,230440020180419589,2023-08-20,Fortaleza,18.0,1.0425549,2686612,25.8571428571429,87.3973801428571,1,0,0,82.006675,77.5011857142857,26.7571428571429,27.2857142857143,27.0,,,,,388082,dengue
2018-01-14,201803,121.0,121,121,121,0.9107064,4.5038137,0,1,230440020180319589,2023-08-20,Fortaleza,16.0,1.1979126,2686612,25.2857142857143,85.3597227142857,0,0,0,77.4652044285714,72.5011234285714,26.9892857142857,28.1428571428571,29.0,,,,,388082,dengue
2018-01-07,201802,117.0,117,117,117,0.9942234,4.3549275,0,1,230440020180219589,2023-08-20,Fortaleza,11.0,1.4341512,2686612,24.7142857142857,83.6559997142857,0,0,0,78.941362,75.4115208571429,26.1428571428571,27.0,20.0,,,,,388082,dengue
2017-12-31,201801,115.0,115,115,115,0.9996369,4.280484,0,1,230440020180119589,2023-08-20,Fortaleza,2.0,1.6559649,2686612,26.5714285714286,80.847216,0,0,0,78.6217005714286,75.487536,26.9714285714286,27.4285714285714,27.0,,,,,388082,dengue
2017-12-24,201752,67.0,67,67,67,0.601565,2.4938474,0,1,230440020175219589,2023-08-20,Fortaleza,0.0,1.0458504,2686612,26.1428571428571,83.6556594285714,0,0,0,79.7594065714286,78.1409508571429,26.9142857142857,27.2857142857143,33.0,,,,,388082,dengue
2017-12-17,201751,70.0,70,70,70,0.7594176,2.6055121,0,1,230440020175119589,2023-08-20,Fortaleza,1.0,1.1301856,2686612,26.5714285714286,80.9569448571429,0,0,0,75.5832022857143,72.0107861428571,27.125,27.8571428571429,55.0,,,,,388082,dengue
2017-12-10,201750,65.0,65,65,65,0.52032644,2.419404,0,1,230440020175019589,2023-08-20,Fortaleza,1.0,1.0089724,2686612,26.4285714285714,79.4441531428571,0,0,0,76.6859208571429,74.1717537142857,26.8857142857143,27.2857142857143,49.0,,,,,388082,dengue
2017-12-03,201749,57.0,57,57,57,0.1231116,2.1216311,0,1,230440020174919589,2023-08-20,Fortaleza,4.0,0.8141229,2686612,26.2857142857143,79.4642345714286,0,0,0,76.6269742857143,70.6252772857143,27.1680272857143,28.1428571428571,31.0,,,,,388082,dengue
2017-11-26,201748,64.0,64,64,64,0.10057214,2.3821824,0,1,230440020174819589,2023-08-20,Fortaleza,4.0,0.8076734,2686612,26.0,79.4912365714286,0,0,0,69.9981021428571,56.7432711428571,28.035714,31.0,23.0,,,,,388082,dengue
2017-11-19,201747,72.0,72,72,72,0.10956265,2.6799552,0,1,230440020174719589,2023-08-20,Fortaleza,3.0,0.82318527,2686612,25.7142857142857,82.2723525714286,0,0,0,70.18519,56.174585,27.7916665714286,30.7142857142857,28.0,,,,,388082,dengue
2017-11-12,201746,68.0,68,68,68,0.16216972,2.5310688,0,1,230440020174619589,2023-08-20,Fortaleza,5.0,0.8505567,2686612,25.5,81.158405,0,0,0,69.6615,56.8294385,27.541666,30.5,25.0,,,,,388082,dengue
2017-11-05,201745,109.0,109,109,109,0.9962345,4.0571547,0,1,230440020174519589,2023-08-20,Fortaleza,6.0,1.4903917,2686612,,81.0225645,0,0,0,,,,,37.0,,,,,388082,dengue
2017-10-29,201744,86.0,86,86,86,0.038995385,3.2010577,0,1,230440020174419589,2023-08-20,Fortaleza,6.0,0.7773727,2686612,,80.886724,0,0,0,,,,,28.0,,,,,388082,dengue
2017-10-22,201743,47.0,47,47,47,0.0,1.7494153,0,1,230440020174319589,2023-08-20,Fortaleza,4.0,0.23890218,2686612,,80.7508835,0,0,0,,,,,10.0,,,,,388082,dengue
2017-10-15,201742,59.0,59,59,59,0.0,2.1960745,0,1,230440020174219589,2023-08-20,Fortaleza,2.0,0.20506243,2686612,,80.615043,0,0,0,,,,,12.0,,,,,388082,dengue
2017-10-08,201741,225.0,225,225,225,3.31128e-07,8.37486,0,1,230440020174119589,2023-08-20,Fortaleza,1.0,0.6560194,2686612,,80.4792025,0,0,1,,,,,24.0,,,,,388082,dengue
2017-10-01,201740,273.0,273,273,273,0.05582182,10.161497,0,1,230440020174019589,2023-08-20,Fortaleza,2.0,0.87663805,2686612,,80.343362,0,0,1,,,,,34.0,,,,,388082,dengue
2017-09-24,201739,416.0,416,416,416,1.0,15.484186,0,3,230440020173919589,2023-08-20,Fortaleza,6.0,1.9852499,2686612,,80.2075215,0,1,1,,,,,25.0,,,,,388082,dengue
2017-09-17,201738,364.0,364,364,364,1.0,13.548663,0,3,230440020173819589,2023-08-20,Fortaleza,6.0,2.9740648,2686612,,80.071681,0,1,1,,,,,29.0,,,,,388082,dengue
2017-09-10,201737,193.0,193,193,193,1.0,7.183769,0,1,230440020173719589,2023-08-20,Fortaleza,4.0,2.0153396,2686612,,79.9358405,0,1,1,,,,,35.0,,,,,388082,dengue
2017-09-03,201736,68.0,68,68,68,0.007735062,2.5310688,0,1,230440020173619589,2023-08-20,Fortaleza,7.0,0.68596345,2686612,23.8,79.8,0,0,0,71.870237,61.4,25.6099208,26.8,38.0,,,,,388082,dengue
2017-08-27,201735,94.0,94,94,94,0.187822,3.4988306,0,1,230440020173519589,2023-08-20,Fortaleza,2.0,0.88250315,2686612,24.8571428571429,78.1428571428571,0,0,0,72.8472224285714,64.4285714285714,25.8869045714286,26.5714285714286,45.0,,,,,388082,dengue
2017-08-20,201734,106.0,106,106,106,0.16851982,3.9454896,0,1,230440020173419589,2023-08-20,Fortaleza,5.0,0.88029516,2686612,24.4285714285714,77.7142857142857,0,0,0,74.4345234285714,66.2857142857143,25.5416665714286,26.2857142857143,57.0,,,,,388082,dengue
2017-08-13,201733,96.0,96,96,96,0.0010859863,3.5732737,0,1,230440020173319589,2023-08-20,Fortaleza,2.0,0.6705223,2686612,24.4285714285714,84.7142857142857,0,0,0,79.0535714285714,72.0,25.4285714285714,26.0,64.0,,,,,388082,dengue
2017-08-06,201732,122.0,122,122,122,0.0029406263,4.541035,0,1,230440020173219589,2023-08-20,Fortaleza,3.0,0.72275203,2686612,24.2857142857143,79.5714285714286,0,0,0,74.2876977142857,67.1428571428571,25.4880951428571,26.1428571428571,74.0,,,,,388082,dengue
2017-07-30,201731,132.0,132,132,132,0.0022688776,4.9132514,0,1,230440020173119589,2023-08-20,Fortaleza,11.0,0.7247672,2686612,23.7142857142857,81.1428571428571,0,0,0,77.30754,70.7142857142857,25.0833334285714,26.1428571428571,82.0,,,,,388082,dengue
2017-07-23,201730,185.0,185,185,185,0.5478536,6.8859963,0,1,230440020173019589,2023-08-20,Fortaleza,6.0,1.0126058,2686612,23.5714285714286,84.7142857142857,0,0,1,80.7817457142857,74.5714285714286,24.5694447142857,25.8571428571429,122.0,,,,,388082,dengue
2017-07-16,201729,189.0,189,189,189,0.60261226,7.0348825,0,1,230440020172919589,2023-08-20,Fortaleza,15.0,1.0272735,2686612,23.8571428571429,87.1428571428571,1,0,1,81.8293657142857,76.1428571428571,24.6825398571429,25.5714285714286,109.0,,,,,388082,dengue
2017-07-09,201728,184.0,184,184,184,0.1890865,6.8487744,0,1,230440020172819589,2023-08-20,Fortaleza,10.0,0.9141662,2686612,24.0,81.0,0,0,1,75.2023805714286,68.5714285714286,25.1011905714286,26.1428571428571,98.0,,,,,388082,dengue
2017-07-02,201727,175.0,175,175,175,0.00035967358,6.51378,0,1,230440020172719589,2023-08-20,Fortaleza,8.0,0.7172042,2686612,23.8571428571429,85.8571428571429,0,0,1,81.2281742857143,75.7142857142857,24.7896827142857,26.1428571428571,98.0,,,,,388082,dengue
2017-06-25,201726,188.0,188,188,188,6.783223e-10,6.997661,0,1,230440020172619589,2023-08-20,Fortaleza,12.0,0.5798425,2686612,24.8571428571429,86.5714285714286,0,0,1,81.4186514285714,76.2857142857143,25.7757935714286,26.2857142857143,119.0,,,,,388082,dengue
2017-06-18,201725,234.0,234,234,234,2.220446e-16,8.709855,0,1,230440020172519589,2023-08-20,Fortaleza,9.0,0.52730674,2686612,24.7142857142857,86.4285714285714,0,0,1,81.9087314285714,75.4285714285714,25.644841,26.5714285714286,136.0,,,,,388082,dengue
2017-06-11,201724,283.0,283,283,283,0.0,10.533713,0,1,230440020172419589,2023-08-20,Fortaleza,9.0,0.4858331,2686612,24.5714285714286,88.0,1,0,1,80.9919264285714,73.0,25.9857005714286,27.5714285714286,162.0,,,,,388082,dengue
2017-06-04,201723,455.0,455,455,455,0.0,16.93583,0,1,230440020172319589,2023-08-20,Fortaleza,9.0,0.58125997,2686612,24.8571428571429,83.4285714285714,0,0,1,79.32738,72.0,26.0119048571429,27.7142857142857,284.0,,,,,388082,dengue
2017-05-28,201722,582.0,582,582,582,0.0,21.662971,0,1,230440020172219589,2023-08-20,Fortaleza,16.0,0.53750676,2686612,24.7142857142857,92.4285714285714,1,0,1,89.2214285714286,85.0,25.3285714285714,25.8571428571429,375.0,,,,,388082,dengue
2017-05-21,201721,650.0,650,650,650,0.0,24.19404,0,1,230440020172119589,2023-08-20,Fortaleza,21.0,0.4560417,2686612,25.5714285714286,86.7142857142857,0,0,1,83.0958057142857,78.4285714285714,26.2307254285714,27.0,443.0,,,,,388082,dengue
2017-05-14,201720,1133.0,1133,1133,1133,0.0,42.172073,0,2,230440020172019589,2023-08-20,Fortaleza,35.0,0.60170585,2686612,25.7142857142857,89.7142857142857,1,0,1,83.2923404285714,76.8571428571429,26.8271564285714,27.8571428571429,723.0,,,,,388082,dengue
2017-05-07,201719,1415.0,1415,1415,1415,0.0,52.668564,0,2,230440020171919589,2023-08-20,Fortaleza,39.0,0.5708132,2686612,25.5714285714286,92.0,1,0,1,87.0127557142857,81.4285714285714,26.5841835714286,27.5714285714286,898.0,,,,,388082,dengue
2017-04-30,201718,1615.0,1615,1615,1615,0.0,60.112885,0,2,230440020171819589,2023-08-20,Fortaleza,47.0,0.5378445,2686612,24.8571428571429,94.1428571428571,1,0,1,86.9131771428571,80.0,26.278941,27.7142857142857,962.0,,,,,388082,dengue
2017-04-23,201717,2728.0,2728,2728,2728,3.6415315e-14,101.54053,0,4,230440020171719589,2023-08-20,Fortaleza,32.0,0.8244492,2686612,25.2857142857143,94.4285714285714,1,0,2,89.3146822857143,83.2857142857143,26.4200677142857,27.2857142857143,1916.0,,,,,388082,dengue
2017-04-16,201716,2931.0,2931,2931,2931,6.185026e-05,109.09651,0,4,230440020171619589,2023-08-20,Fortaleza,25.0,0.9067901,2686612,25.7142857142857,93.2857142857143,1,0,2,87.98441,82.1428571428571,26.7140024285714,27.8571428571429,2036.0,,,,,388082,dengue
2017-04-09,201715,3685.0,3685,3685,3685,1.0,137.1616,0,4,230440020171519589,2023-08-20,Fortaleza,21.0,1.3152611,2686612,25.0,93.8571428571429,1,1,2,88.7435785714286,74.7142857142857,26.0103682857143,27.1428571428571,2571.0,,,,,388082,dengue
2017-04-02,201714,3350.0,3350,3350,3350,1.0,124.69236,0,4,230440020171419589,2023-08-20,Fortaleza,20.0,1.5128517,2686612,25.2857142857143,93.4285714285714,1,1,2,87.4538872857143,79.8571428571429,26.2487684285714,27.4285714285714,2202.0,,,,,388082,dengue
2017-03-26,201713,3007.0,3007,3007,3007,1.0,111.925354,0,4,230440020171319589,2023-08-20,Fortaleza,14.0,1.7116228,2686612,25.0,95.7142857142857,1,1,2,91.5809522857143,86.7142857142857,25.9214285714286,27.2857142857143,1777.0,,,,,388082,dengue
2017-03-19,201712,2052.0,2052,2052,2052,1.0,76.37872,0,3,230440020171219589,2023-08-20,Fortaleza,13.0,1.3902417,2686612,24.7142857142857,94.2857142857143,1,1,2,90.5498314285714,85.0,25.6204101428571,26.5714285714286,1145.0,,,,,388082,dengue
2017-03-12,201711,1650.0,1650,1650,1650,1.0,61.41564,0,3,230440020171119589,2023-08-20,Fortaleza,13.0,1.2821988,2686612,25.0,95.0,1,1,1,88.4002255714286,80.7142857142857,25.9613622857143,27.2857142857143,996.0,,,,,388082,dengue
2017-03-05,201710,1529.0,1529,1529,1529,1.0,56.911827,0,2,230440020171019589,2023-08-20,Fortaleza,9.0,1.2443447,2686612,25.0,93.4285714285714,1,1,1,88.0236005714286,81.2857142857143,26.3071924285714,27.5714285714286,826.0,,,,,388082,dengue
2017-02-26,201709,1196.0,1196,1196,1196,0.050617103,44.517036,0,2,230440020170919589,2023-08-20,Fortaleza,4.0,0.9362122,2686612,24.0,96.5714285714286,1,0,1,92.5039691428571,85.0,25.0170067142857,26.4285714285714,642.0,,,,,388082,dengue
2017-02-19,201708,1117.0,1117,1117,1117,0.0024383322,41.576527,0,2,230440020170819589,2023-08-20,Fortaleza,5.0,0.89074105,2686612,25.1428571428571,93.4285714285714,1,0,1,87.1720514285714,79.1428571428571,26.0566894285714,26.8571428571429,635.0,,,,,388082,dengue
2017-02-12,201707,1374.0,1374,1374,1374,1.0,51.14248,0,3,230440020170719589,2023-08-20,Fortaleza,6.0,1.2824796,2686612,25.2857142857143,89.7142857142857,1,1,1,85.98593,80.0,25.8496542857143,26.8571428571429,849.0,,,,,388082,dengue
2017-02-05,201706,1363.0,1363,1363,1363,1.0,50.733044,0,3,230440020170619589,2023-08-20,Fortaleza,8.0,1.6628841,2686612,25.7142857142857,88.2857142857143,1,1,1,82.4031251428571,76.5714285714286,26.9534854285714,27.7142857142857,664.0,,,,,388082,dengue
2017-01-29,201705,1136.0,1136,1136,1136,1.0,42.283737,0,3,230440020170519589,2023-08-20,Fortaleza,1.0,1.8432597,2686612,26.1428571428571,85.4285714285714,0,1,1,80.9655171428571,75.8571428571429,26.7902887142857,27.5714285714286,555.0,,,,,388082,dengue
2017-01-22,201704,736.0,736,736,736,1.0,27.395098,0,3,230440020170419589,2023-08-20,Fortaleza,8.0,1.5507354,2686612,25.5714285714286,89.0,1,1,1,81.9755437142857,73.7142857142857,26.7419951428571,27.8571428571429,419.0,,,,,388082,dengue
2017-01-15,201703,633.0,633,633,633,1.0,23.561274,0,3,230440020170319589,2023-08-20,Fortaleza,5.0,1.6566454,2686612,25.1428571428571,88.8571428571429,1,1,1,82.8632648571429,75.2857142857143,26.3527211428571,27.2857142857143,385.0,,,,,388082,dengue
2017-01-08,201702,418.0,418,418,418,0.9999504,15.558629,0,3,230440020170219589,2023-08-20,Fortaleza,3.0,1.3354673,2686612,25.0,88.7142857142857,1,1,1,83.3635685714286,77.0,25.9100528571429,26.5714285714286,238.0,,,,,388082,dengue
2017-01-01,201701,405.0,405,405,405,0.9999984,15.074748,0,1,230440020170119589,2023-08-20,Fortaleza,10.0,1.4296496,2686612,26.2857142857143,86.7142857142857,0,1,1,79.1232991428571,68.8571428571429,27.1607144285714,28.1428571428571,208.0,,,,,388082,dengue
2016-12-25,201652,294.0,294,294,294,0.31158775,10.9431505,0,1,230440020165219589,2023-08-20,Fortaleza,3.0,0.9606989,2686612,26.0,83.8571428571429,0,0,1,76.3163257142857,65.8571428571429,27.260204,28.2857142857143,114.0,,,,,388082,dengue
2016-12-18,201651,234.0,234,234,234,7.2800103e-06,8.709855,0,1,230440020165119589,2023-08-20,Fortaleza,4.0,0.69383615,2686612,26.0,83.8571428571429,0,0,1,76.3877557142857,66.8571428571429,27.1496597142857,28.1428571428571,108.0,,,,,388082,dengue
2016-12-11,201650,312.0,312,312,312,0.111613005,11.613139,0,1,230440020165019589,2023-08-20,Fortaleza,2.0,0.9092235,2686612,26.1428571428571,82.8571428571429,0,0,1,78.1148828571429,72.4285714285714,26.8628607142857,27.4285714285714,165.0,,,,,388082,dengue
2016-12-04,201649,368.0,368,368,368,0.83664083,13.697549,0,1,230440020164919589,2023-08-20,Fortaleza,8.0,1.0763772,2686612,25.8571428571429,82.4285714285714,0,0,1,77.6403057142857,70.8571428571429,26.5510204285714,27.2857142857143,194.0,,,,,388082,dengue
2016-11-27,201648,343.0,343,343,343,0.46496263,12.767009,0,1,230440020164819589,2023-08-20,Fortaleza,7.0,0.9933227,2686612,26.2857142857143,79.4285714285714,0,0,1,71.7661548571429,60.2857142857143,27.3928572857143,29.2857142857143,199.0,,,,,388082,dengue
2016-11-20,201647,327.0,327,327,327,0.37997532,12.171464,0,1,230440020164719589,2023-08-20,Fortaleza,8.0,0.9765403,2686612,26.2857142857143,79.4285714285714,0,0,1,75.1632657142857,67.5714285714286,26.9336735714286,27.5714285714286,169.0,,,,,388082,dengue
2016-11-13,201646,365.0,365,365,365,0.9776982,13.585884,0,3,230440020164619589,2023-08-20,Fortaleza,4.0,1.1669842,2686612,25.8571428571429,82.5714285714286,0,1,1,77.2245842857143,69.0,26.7191987142857,27.8571428571429,212.0,,,,,388082,dengue
2016-11-06,201645,350.0,350,350,350,0.96869165,13.02756,0,1,230440020164519589,2023-08-20,Fortaleza,6.0,1.1570586,2686612,25.8571428571429,82.7142857142857,0,1,1,76.2508491428571,67.8571428571429,26.7257178571429,28.1428571428571,189.0,,,,,388082,dengue
2016-10-30,201644,296.0,296,296,296,0.19915664,11.017594,0,1,230440020164419589,2023-08-20,Fortaleza,3.0,0.9340657,2686612,25.7142857142857,79.4285714285714,0,0,1,72.1709181428571,62.8571428571429,26.7091838571429,27.5714285714286,168.0,,,,,388082,dengue
2016-10-23,201643,302.0,302,302,302,0.028330361,11.240924,0,1,230440020164319589,2023-08-20,Fortaleza,3.0,0.8612912,2686612,25.7142857142857,80.5714285714286,0,0,1,74.4742057142857,67.4285714285714,26.3591271428571,27.1428571428571,149.0,,,,,388082,dengue
2016-10-16,201642,287.0,287,287,287,0.00024812328,10.682599,0,1,230440020164219589,2023-08-20,Fortaleza,5.0,0.7622459,2686612,25.5714285714286,80.0,0,0,1,75.5,68.5714285714286,26.364796,27.5714285714286,150.0,,,,,388082,dengue
2016-10-09,201641,376.0,376,376,376,0.21551397,13.995322,0,1,230440020164119589,2023-08-20,Fortaleza,4.0,0.9449793,2686612,25.5714285714286,75.0,0,0,1,70.6150792857143,62.8571428571429,26.405612,27.4285714285714,160.0,,,,,388082,dengue
2016-10-02,201640,382.0,382,382,382,0.067717105,14.218652,0,1,230440020164019589,2023-08-20,Fortaleza,3.0,0.90016913,2686612,25.2857142857143,82.7142857142857,0,0,1,74.670918,63.1428571428571,26.5728454285714,28.7142857142857,217.0,,,,,388082,dengue
2016-09-25,201639,378.0,378,378,378,0.014118775,14.069765,0,1,230440020163919589,2023-08-20,Fortaleza,3.0,0.8576997,2686612,25.5714285714286,79.0,0,0,1,73.2088907142857,64.7142857142857,26.3739678571429,27.8571428571429,215.0,,,,,388082,dengue
2016-09-18,201638,447.0,447,447,447,0.3137979,16.638056,0,1,230440020163819589,2023-08-20,Fortaleza,4.0,0.9683376,2686612,25.4285714285714,80.8571428571429,0,0,1,75.6507935714286,69.4285714285714,26.1031742857143,27.0,262.0,,,,,388082,dengue
2016-09-11,201637,449.0,449,449,449,0.008606678,16.7125,0,1,230440020163719589,2023-08-20,Fortaleza,5.0,0.8581689,2686612,25.0,83.4285714285714,0,0,1,77.6615648571429,70.4285714285714,25.8639454285714,26.7142857142857,239.0,,,,,388082,dengue
2016-09-04,201636,426.0,426,426,426,4.7789244e-09,15.856402,0,1,230440020163619589,2023-08-20,Fortaleza,3.0,0.6981898,2686612,25.0,76.2857142857143,0,0,1,72.1048757142857,63.8571428571429,25.7993195714286,26.4285714285714,217.0,,,,,388082,dengue
2016-08-28,201635,500.0,500,500,500,1.3159973e-07,18.6108,0,1,230440020163519589,2023-08-20,Fortaleza,3.0,0.7394717,2686612,24.8571428571429,79.7142857142857,0,0,1,70.7517014285714,57.7142857142857,26.496032,28.2857142857143,236.0,,,,,388082,dengue
2016-08-21,201634,643.0,643,643,643,0.0066677853,23.933489,0,1,230440020163419589,2023-08-20,Fortaleza,6.0,0.875074,2686612,24.2857142857143,83.4285714285714,0,0,1,75.2567612857143,65.0,25.8271482857143,26.8571428571429,378.0,,,,,388082,dengue
2016-08-14,201633,698.0,698,698,698,0.0006241233,25.980677,0,1,230440020163319589,2023-08-20,Fortaleza,5.0,0.84728885,2686612,24.4285714285714,85.5714285714286,0,0,1,78.1793242857143,70.2857142857143,25.5665704285714,26.5714285714286,468.0,,,,,388082,dengue
2016-08-07,201632,683.0,683,683,683,3.8720782e-10,25.422354,0,1,230440020163219589,2023-08-20,Fortaleza,13.0,0.7348769,2686612,24.4285714285714,82.8571428571429,0,0,1,74.9846944285714,66.7142857142857,25.6156468571429,26.4285714285714,429.0,,,,,388082,dengue
2016-07-31,201631,846.0,846,846,846,1.2969442e-05,31.489475,0,1,230440020163119589,2023-08-20,Fortaleza,15.0,0.8230304,2686612,23.7142857142857,80.8571428571429,0,0,1,73.2303458571429,61.1428571428571,25.5510205714286,27.4285714285714,545.0,,,,,388082,dengue
2016-07-24,201630,908.0,908,908,908,6.005791e-07,33.797215,0,1,230440020163019589,2023-08-20,Fortaleza,15.0,0.8058471,2686612,23.8571428571429,81.4285714285714,0,0,1,72.712586,62.7142857142857,25.6184811428571,27.0,603.0,,,,,388082,dengue
2016-07-17,201629,1091.0,1091,1091,1091,0.00053707627,40.60877,0,1,230440020162919589,2023-08-20,Fortaleza,7.0,0.8734193,2686612,24.4285714285714,84.7142857142857,0,0,1,78.6947277142857,71.1428571428571,25.7318598571429,26.7142857142857,693.0,,,,,388082,dengue
2016-07-10,201628,1027.0,1027,1027,1027,1.6058488e-11,38.226585,0,1,230440020162819589,2023-08-20,Fortaleza,7.0,0.760739,2686612,24.8571428571429,83.4285714285714,0,0,1,76.7287414285714,67.7142857142857,26.0119052857143,27.4285714285714,654.0,,,,,388082,dengue
2016-07-03,201627,1346.0,1346,1346,1346,0.0028197172,50.100273,0,1,230440020162719589,2023-08-20,Fortaleza,7.0,0.90127236,2686612,24.4285714285714,85.7142857142857,0,0,1,78.5454277142857,68.1428571428571,25.8440747142857,27.0,836.0,,,,,388082,dengue
2016-06-26,201626,1335.0,1335,1335,1335,2.6254554e-12,49.690838,0,1,230440020162619589,2023-08-20,Fortaleza,10.0,0.7782123,2686612,23.8571428571429,79.0,0,0,1,72.1836742857143,62.0,25.5768144285714,27.1428571428571,735.0,,,,,388082,dengue
2016-06-19,201625,1358.0,1358,1358,1358,0.0,50.546936,0,1,230440020162519589,2023-08-20,Fortaleza,10.0,0.70466185,2686612,25.1428571428571,81.1428571428571,0,0,1,75.6774364285714,66.5714285714286,26.3914395714286,27.4285714285714,706.0,,,,,388082,dengue
2016-06-12,201624,1832.0,1832,1832,1832,6.8734063e-10,68.18997,0,4,230440020162419589,2023-08-20,Fortaleza,6.0,0.82627285,2686612,24.8571428571429,86.4285714285714,0,0,2,79.5223898571429,70.8571428571429,26.1746032857143,27.5714285714286,1041.0,,,,,388082,dengue
2016-06-05,201623,1917.0,1917,1917,1917,0.0,71.353806,0,4,230440020162319589,2023-08-20,Fortaleza,7.0,0.72400576,2686612,25.2857142857143,89.7142857142857,1,0,2,82.4392871428571,74.4285714285714,26.2605444285714,27.8571428571429,985.0,,,,,388082,dengue
2016-05-29,201622,1988.0,1988,1988,1988,0.0,73.996544,0,4,230440020162219589,2023-08-20,Fortaleza,11.0,0.681576,2686612,25.7142857142857,91.1428571428571,1,0,2,84.2312905714286,77.0,26.8287984285714,27.4285714285714,1179.0,,,,,388082,dengue
2016-05-22,201621,2775.0,2775,2775,2775,0.15115844,103.28994,0,4,230440020162119589,2023-08-20,Fortaleza,9.0,0.9728751,2686612,25.8571428571429,86.0,0,0,2,80.5229601428571,72.7142857142857,26.703515,27.5714285714286,1541.0,,,,,388082,dengue
2016-05-15,201620,3282.0,3282,3282,3282,1.0,122.16129,0,4,230440020162019589,2023-08-20,Fortaleza,12.0,1.2342585,2686612,25.5714285714286,88.8571428571429,1,1,2,82.00312,74.5714285714286,26.623583,27.8571428571429,1588.0,,,,,388082,dengue
2016-05-08,201619,2772.0,2772,2772,2772,1.0,103.178276,0,4,230440020161919589,2023-08-20,Fortaleza,14.0,1.1725752,2686612,25.4285714285714,92.7142857142857,1,1,2,87.3713664285714,79.5714285714286,26.4615334285714,27.7142857142857,1315.0,,,,,388082,dengue
2016-05-01,201618,2710.0,2710,2710,2710,1.0,100.87054,0,4,230440020161819589,2023-08-20,Fortaleza,16.0,1.4694256,2686612,25.7142857142857,90.4285714285714,1,1,2,83.2111672857143,74.8571428571429,26.6244334285714,27.5714285714286,1550.0,,,,,388082,dengue
2016-04-24,201617,2552.0,2552,2552,2552,1.0,94.989525,0,4,230440020161719589,2023-08-20,Fortaleza,12.0,2.0483413,2686612,25.7142857142857,89.0,1,1,2,82.5304672857143,74.8571428571429,26.9375315714286,28.0,1437.0,,,,,388082,dengue
2016-04-17,201616,2002.0,2002,2002,2002,1.0,74.51765,0,3,230440020161619589,2023-08-20,Fortaleza,15.0,2.297478,2686612,25.1428571428571,88.0,1,1,2,80.1961677142857,68.8571428571429,26.755905,29.0,1153.0,,,,,388082,dengue
2016-04-10,201615,971.0,971,971,971,1.0,36.142174,0,3,230440020161519589,2023-08-20,Fortaleza,28.0,1.3704636,2686612,25.4285714285714,90.4285714285714,1,1,1,78.2551585714286,59.4285714285714,27.9434764285714,30.5714285714286,513.0,,,,,388082,dengue
2016-04-03,201614,807.0,807,807,807,0.99999875,30.037832,0,3,230440020161419589,2023-08-20,Fortaleza,13.0,1.2829589,2686612,25.1428571428571,95.1428571428571,1,1,1,91.5896815714286,86.0,25.984127,26.8571428571429,427.0,,,,,388082,dengue
2016-03-27,201613,710.0,710,710,710,0.999227,26.427338,0,2,230440020161319589,2023-08-20,Fortaleza,19.0,1.1918525,2686612,24.8571428571429,97.0,1,1,1,91.6691192857143,77.2857142857143,25.7689957142857,27.1428571428571,393.0,,,,,388082,dengue
2016-03-20,201612,591.0,591,591,591,0.6066464,21.997967,0,2,230440020161219589,2023-08-20,Fortaleza,65.0,1.015923,2686612,25.8571428571429,91.1428571428571,1,0,1,84.1512041428571,77.0,27.1478045714286,28.4285714285714,323.0,,,,,388082,dengue
2016-03-13,201611,589.0,589,589,589,0.82860917,21.923523,0,2,230440020161119589,2023-08-20,Fortaleza,34.0,1.0576409,2686612,25.2857142857143,92.8571428571429,1,0,1,84.7918972857143,75.2857142857143,26.7810247142857,28.7142857142857,315.0,,,,,388082,dengue
2016-03-06,201610,608.0,608,608,608,0.9939036,22.630733,0,3,230440020161019589,2023-08-20,Fortaleza,12.0,1.1608652,2686612,26.2857142857143,88.2857142857143,1,1,1,81.8051448571429,74.4285714285714,27.4696225714286,28.5714285714286,294.0,,,,,388082,dengue
2016-02-28,201609,553.0,553,553,553,0.9841666,20.583546,0,3,230440020160919589,2023-08-20,Fortaleza,50.0,1.142874,2686612,26.1428571428571,88.1428571428571,1,1,1,81.3461842857143,72.7142857142857,27.4668365714286,28.7142857142857,229.0,,,,,388082,dengue
2016-02-21,201608,531.0,531,531,531,0.9966456,19.76467,0,3,230440020160819589,2023-08-20,Fortaleza,40.0,1.1896812,2686612,26.1428571428571,89.7142857142857,1,1,1,84.2879814285714,77.2857142857143,26.8072561428571,27.7142857142857,265.0,,,,,388082,dengue
2016-02-14,201607,500.0,500,500,500,0.99784887,18.6108,0,3,230440020160719589,2023-08-20,Fortaleza,61.0,1.2083237,2686612,26.0,87.4285714285714,1,1,1,82.896962,76.0,26.7620412857143,27.8571428571429,207.0,,,,,388082,dengue
2016-02-07,201606,411.0,411,411,411,0.9824466,15.298078,0,3,230440020160619589,2023-08-20,Fortaleza,102.0,1.1648847,2686612,25.2857142857143,90.4285714285714,1,1,1,77.753365,59.7142857142857,27.6684112857143,30.1428571428571,181.0,,,,,388082,dengue
2016-01-31,201605,462.0,462,462,462,1.0,17.19638,0,3,230440020160519589,2023-08-20,Fortaleza,81.0,1.6697676,2686612,24.5714285714286,93.4285714285714,1,1,1,81.8695362857143,65.2857142857143,26.6282981428571,29.2857142857143,191.0,,,,,388082,dengue
2016-01-24,201604,367.0,367,367,367,1.0,13.660328,0,3,230440020160419589,2023-08-20,Fortaleza,27.0,1.7149699,2686612,25.1428571428571,90.5714285714286,1,1,1,80.77551,64.8571428571429,26.3852042857143,27.4285714285714,185.0,,,,,388082,dengue
2016-01-17,201603,244.0,244,244,244,0.9999985,9.08207,0,3,230440020160319589,2023-08-20,Fortaleza,39.0,1.6097349,2686612,24.7142857142857,93.0,1,1,1,87.3680428571429,80.1428571428571,25.6679035714286,26.8571428571429,104.0,,,,,388082,dengue
2016-01-10,201602,235.0,235,235,235,1.0,8.747076,0,1,230440020160219589,2023-08-20,Fortaleza,25.0,2.3009784,2686612,26.0,90.4285714285714,1,1,1,84.5086408571429,75.8571428571429,26.6768434285714,27.4285714285714,89.0,,,,,388082,dengue
2016-01-03,201601,157.0,157,157,157,0.99996173,5.8437915,0,1,230440020160119589,2023-08-20,Fortaleza,24.0,1.65813,2686612,26.1428571428571,87.5714285714286,1,0,0,84.0807822857143,78.1428571428571,26.6785714285714,27.5714285714286,70.0,,,,,388082,dengue
2015-12-27,201552,55.0,55,55,55,5.45993e-06,2.047188,0,1,230440020155219589,2023-08-20,Fortaleza,24.0,0.4956897,2686612,25.5714285714286,85.4285714285714,0,0,0,79.73082,72.2857142857143,26.505291,27.4285714285714,31.0,,,,,388082,dengue
2015-12-20,201551,94.0,94,94,94,0.025857262,3.4988306,0,1,230440020155119589,2023-08-20,Fortaleza,16.0,0.76715213,2686612,25.8571428571429,83.4285714285714,0,0,0,78.4409485714286,71.4285714285714,26.6037415714286,27.5714285714286,45.0,,,,,388082,dengue
2015-12-13,201550,114.0,114,114,114,0.41956127,4.2432623,0,1,230440020155019589,2023-08-20,Fortaleza,13.0,0.973689,2686612,26.1428571428571,83.0,0,0,0,77.7448985714286,68.1428571428571,27.0918365714286,28.8571428571429,43.0,,,,,388082,dengue
2015-12-06,201549,134.0,134,134,134,0.9876255,4.9876947,0,1,230440020154919589,2023-08-20,Fortaleza,21.0,1.3427932,2686612,26.0,80.7142857142857,0,0,0,72.1454071428571,60.1428571428571,27.4311224285714,29.1428571428571,45.0,,,,,388082,dengue
2015-11-29,201548,128.0,128,128,128,0.9983904,4.7643647,0,1,230440020154819589,2023-08-20,Fortaleza,14.0,1.5020998,2686612,26.4285714285714,79.4285714285714,0,0,0,69.07861,52.2857142857143,28.1902874285714,31.0,53.0,,,,,388082,dengue
2015-11-22,201547,94.0,94,94,94,0.91371876,3.4988306,0,1,230440020154719589,2023-08-20,Fortaleza,3.0,1.2326003,2686612,25.8571428571429,82.4285714285714,0,0,0,71.6173485714286,54.5714285714286,27.8877554285714,31.0,25.0,,,,,388082,dengue
2015-11-15,201546,80.0,80,80,80,0.8402726,2.9777281,0,1,230440020154619589,2023-08-20,Fortaleza,7.0,1.1776496,2686612,25.4285714285714,82.7142857142857,0,0,0,70.4268251428571,54.4285714285714,27.666084,30.8571428571429,20.0,,,,,388082,dengue
2015-11-08,201545,82.0,82,82,82,0.87688345,3.0521712,0,1,230440020154519589,2023-08-20,Fortaleza,4.0,1.2084512,2686612,25.0,84.0,0,0,0,69.95408,52.1428571428571,27.2142857142857,30.0,30.0,,,,,388082,dengue
2015-11-01,201544,66.0,66,66,66,0.07770689,2.4566257,0,1,230440020154419589,2023-08-20,Fortaleza,4.0,0.79240966,2686612,25.125,79.875,0,0,0,65.956043,46.875,27.5192305,30.625,29.0,,,,,388082,dengue
2015-10-25,201543,51.0,51,51,51,2.203821e-05,1.8983016,0,1,230440020154319589,2023-08-20,Fortaleza,2.0,0.5064143,2686612,25.1428571428571,80.8571428571429,0,0,0,68.34146,50.4285714285714,27.2246788571429,30.0,21.0,,,,,388082,dengue
2015-10-18,201542,85.0,85,85,85,0.0464507,3.163836,0,1,230440020154219589,2023-08-20,Fortaleza,5.0,0.7849916,2686612,25.2857142857143,80.1428571428571,0,0,0,68.6710142857143,49.1428571428571,27.2561412857143,30.1428571428571,29.0,,,,,388082,dengue
2015-10-11,201541,112.0,112,112,112,0.4567107,4.1688194,0,1,230440020154119589,2023-08-20,Fortaleza,6.0,0.9856542,2686612,24.8571428571429,82.8571428571429,0,0,0,66.3476938571429,45.4285714285714,27.510015,30.8571428571429,45.0,,,,,388082,dengue
2015-10-04,201540,109.0,109,109,109,0.09884677,4.0571547,0,1,230440020154019589,2023-08-20,Fortaleza,6.0,0.84615064,2686612,25.1428571428571,79.5714285714286,0,0,0,68.5050985714286,50.5714285714286,27.2142857142857,30.1428571428571,44.0,,,,,388082,dengue
2015-09-27,201539,107.0,107,107,107,0.002414074,3.9827113,0,1,230440020153919589,2023-08-20,Fortaleza,9.0,0.70310324,2686612,24.8571428571429,75.5714285714286,0,0,0,63.3061234285714,43.5714285714286,27.030612,30.1428571428571,57.0,,,,,388082,dengue
2015-09-20,201538,120.0,120,120,120,0.00080572674,4.4665923,0,1,230440020153819589,2023-08-20,Fortaleza,10.0,0.6903244,2686612,24.8571428571429,74.4285714285714,0,0,0,64.479592,46.1428571428571,26.8367347142857,29.7142857142857,63.0,,,,,388082,dengue
2015-09-13,201537,161.0,161,161,161,0.021457218,5.9926777,0,1,230440020153719589,2023-08-20,Fortaleza,8.0,0.80762184,2686612,24.7142857142857,78.8571428571429,0,0,0,63.8573114285714,46.1428571428571,26.8366042857143,29.7142857142857,83.0,,,,,388082,dengue
2015-09-06,201536,173.0,173,173,173,0.00013831993,6.439337,0,1,230440020153619589,2023-08-20,Fortaleza,7.0,0.69962597,2686612,25.0,78.4285714285714,0,0,1,65.4451612857143,43.1428571428571,26.9814881428571,29.8571428571429,101.0,,,,,388082,dengue
2015-08-30,201535,190.0,190,190,190,2.2267765e-09,7.072104,0,1,230440020153519589,2023-08-20,Fortaleza,11.0,0.5903076,2686612,24.4285714285714,80.8571428571429,0,0,1,67.2317137142857,49.2857142857143,26.4652508571429,29.1428571428571,120.0,,,,,388082,dengue
2015-08-23,201534,220.0,220,220,220,6.8278716e-14,8.188752,0,1,230440020153419589,2023-08-20,Fortaleza,6.0,0.5455806,2686612,24.7142857142857,75.0,0,0,1,64.0153072857143,46.7142857142857,26.5714282857143,29.0,145.0,,,,,388082,dengue
2015-08-16,201533,332.0,332,332,332,8.905827e-08,12.357572,0,1,230440020153319589,2023-08-20,Fortaleza,13.0,0.69122803,2686612,23.8571428571429,78.0,0,0,1,64.4377548571428,41.8571428571429,26.4377551428571,29.4285714285714,211.0,,,,,388082,dengue
2015-08-09,201532,400.0,400,400,400,3.6619266e-08,14.88864,0,1,230440020153219589,2023-08-20,Fortaleza,5.0,0.70560014,2686612,23.5714285714286,75.7142857142857,0,0,1,62.8928571428571,42.5714285714286,26.5459182857143,29.7142857142857,274.0,,,,,388082,dengue
2015-08-02,201531,494.0,494,494,494,1.0134116e-10,18.38747,0,1,230440020153119589,2023-08-20,Fortaleza,7.0,0.69152474,2686612,23.5714285714286,78.1428571428571,0,0,1,64.340958,42.8571428571429,26.5640397142857,29.2857142857143,330.0,,,,,388082,dengue
2015-07-26,201530,537.0,537,537,537,0.0,19.987999,0,1,230440020153019589,2023-08-20,Fortaleza,12.0,0.5889606,2686612,22.8571428571429,87.1428571428571,1,0,1,67.0760032857143,48.2857142857143,26.1230061428571,29.2857142857143,329.0,,,,,388082,dengue
2015-07-19,201529,629.0,629,629,629,0.0,23.412388,0,1,230440020152919589,2023-08-20,Fortaleza,14.0,0.57876885,2686612,24.2857142857143,81.1428571428571,0,0,1,68.3018385714286,50.7142857142857,26.5608161428571,29.2857142857143,380.0,,,,,388082,dengue
2015-07-12,201528,1009.0,1009,1009,1009,4.6747395e-10,37.556595,0,1,230440020152819589,2023-08-20,Fortaleza,8.0,0.7744779,2686612,23.1428571428571,87.4285714285714,1,0,1,68.67868,48.4285714285714,26.2279515714286,29.2857142857143,510.0,,,,,388082,dengue
2015-07-05,201527,1059.0,1059,1059,1059,0.0,39.417675,0,1,230440020152719589,2023-08-20,Fortaleza,12.0,0.6563182,2686612,23.7142857142857,87.0,0,0,1,72.5922277142857,51.4285714285714,26.2320318571429,29.2857142857143,700.0,,,,,388082,dengue
2015-06-28,201526,1189.0,1189,1189,1189,0.0,44.256485,0,1,230440020152619589,2023-08-20,Fortaleza,22.0,0.61668694,2686612,24.2857142857143,85.5714285714286,0,0,1,73.5831707142857,55.5714285714286,26.4011454285714,29.0,794.0,,,,,388082,dengue
2015-06-21,201525,1656.0,1656,1656,1656,0.0,61.63897,0,1,230440020152519589,2023-08-20,Fortaleza,18.0,0.74304485,2686612,23.5714285714286,83.1428571428571,0,0,1,68.7421,47.2857142857143,26.4206715714286,29.4285714285714,1193.0,,,,,388082,dengue
2015-06-14,201524,1985.0,1985,1985,1985,0.0,73.88488,0,4,230440020152419589,2023-08-20,Fortaleza,23.0,0.75168127,2686612,24.2857142857143,81.5714285714286,0,0,2,67.4016522857143,48.4285714285714,26.9111541428571,29.7142857142857,1454.0,,,,,388082,dengue
2015-06-07,201523,2150.0,2150,2150,2150,0.0,80.02644,0,4,230440020152319589,2023-08-20,Fortaleza,21.0,0.6700994,2686612,24.2857142857143,84.2857142857143,0,0,2,69.8010214285714,50.1428571428571,27.0051022857143,29.5714285714286,1518.0,,,,,388082,dengue
2015-05-31,201522,2526.0,2526,2526,2526,0.0,94.02177,0,4,230440020152219589,2023-08-20,Fortaleza,47.0,0.6837553,2686612,24.2857142857143,85.5714285714286,0,0,2,71.5166228571429,51.7142857142857,27.0021392857143,29.7142857142857,1719.0,,,,,388082,dengue
2015-05-24,201521,3177.0,3177,3177,3177,4.3048343e-11,118.25303,0,4,230440020152119589,2023-08-20,Fortaleza,35.0,0.8550758,2686612,25.0,85.8571428571429,0,0,2,72.9675422857143,55.2857142857143,27.4701854285714,30.0,2133.0,,,,,388082,dengue
2015-05-17,201520,4044.0,4044,4044,4044,1.0,150.52415,0,4,230440020152019589,2023-08-20,Fortaleza,40.0,1.2477192,2686612,25.2857142857143,82.1428571428571,0,1,2,68.6856085714286,49.7142857142857,27.8870508571429,30.5714285714286,2676.0,,,,,388082,dengue
2015-05-10,201519,4081.0,4081,4081,4081,1.0,151.90135,0,4,230440020151919589,2023-08-20,Fortaleza,47.0,1.5501113,2686612,24.8571428571429,83.1428571428571,0,1,2,67.0255114285714,48.0,27.7806121428571,30.2857142857143,2771.0,,,,,388082,dengue
2015-05-03,201518,3281.0,3281,3281,3281,1.0,122.12407,0,4,230440020151819589,2023-08-20,Fortaleza,50.0,1.5691864,2686612,24.8571428571429,85.5714285714286,0,1,2,72.0560507142857,52.4285714285714,27.4428251428571,30.2857142857143,2240.0,,,,,388082,dengue
2015-04-26,201517,2465.0,2465,2465,2465,1.0,91.75124,0,4,230440020151719589,2023-08-20,Fortaleza,63.0,1.5906299,2686612,25.0,88.1428571428571,1,1,2,73.58696,56.2857142857143,27.4649657142857,30.0,1689.0,,,,,388082,dengue
2015-04-19,201516,2286.0,2286,2286,2286,1.0,85.08858,0,3,230440020151619589,2023-08-20,Fortaleza,50.0,2.0718544,2686612,24.7142857142857,87.1428571428571,1,1,2,76.8718562857143,60.8571428571429,26.5584925714286,29.4285714285714,1504.0,,,,,388082,dengue
2015-04-12,201515,1431.0,1431,1431,1431,1.0,53.26411,0,3,230440020151519589,2023-08-20,Fortaleza,72.0,1.6843356,2686612,24.4285714285714,90.2857142857143,1,1,1,76.8926265714286,57.1428571428571,26.7428831428571,29.2857142857143,899.0,,,,,388082,dengue
2015-04-05,201514,1032.0,1032,1032,1032,1.0,38.412693,0,2,230440020151419589,2023-08-20,Fortaleza,31.0,1.3656129,2686612,24.4285714285714,89.4285714285714,1,1,1,74.5258978571429,55.1428571428571,27.155571,30.0,616.0,,,,,388082,dengue
2015-03-29,201513,727.0,727,727,727,0.6594189,27.060104,0,1,230440020151319589,2023-08-20,Fortaleza,29.0,1.0218977,2686612,23.8571428571429,92.4285714285714,1,0,1,79.5495478571429,58.8571428571429,26.2551395714286,28.8571428571429,406.0,,,,,388082,dengue
2015-03-22,201512,795.0,795,795,795,0.99980104,29.591173,0,3,230440020151219589,2023-08-20,Fortaleza,26.0,1.2044591,2686612,23.7142857142857,94.0,1,1,1,75.7199162857143,55.2857142857143,26.5058055714286,29.5714285714286,462.0,,,,,388082,dengue
2015-03-15,201511,685.0,685,685,685,0.99986213,25.496798,0,3,230440020151119589,2023-08-20,Fortaleza,26.0,1.2298486,2686612,25.0,85.2857142857143,0,1,1,71.406538,53.1428571428571,27.4959185714286,30.1428571428571,402.0,,,,,388082,dengue
2015-03-08,201510,712.0,712,712,712,1.0,26.50178,0,3,230440020151019589,2023-08-20,Fortaleza,38.0,1.6911416,2686612,24.2857142857143,90.4285714285714,1,1,1,78.38284,62.0,26.3865921428571,28.8571428571429,388.0,,,,,388082,dengue
2015-03-01,201509,603.0,603,603,603,1.0,22.444626,0,3,230440020150919589,2023-08-20,Fortaleza,13.0,1.8303198,2686612,23.8571428571429,90.1428571428571,1,1,1,75.6435885714286,55.5714285714286,26.5930677142857,29.4285714285714,306.0,,,,,388082,dengue
2015-02-22,201508,372.0,372,372,372,0.9977519,13.846436,0,1,230440020150819589,2023-08-20,Fortaleza,18.0,1.2460222,2686612,23.8571428571429,91.8571428571429,1,1,1,80.6850162857143,55.8571428571429,25.75046,28.1428571428571,191.0,,,,,388082,dengue
2015-02-15,201507,292.0,292,292,292,0.7224868,10.868708,0,1,230440020150719589,2023-08-20,Fortaleza,13.0,1.0506617,2686612,25.0,84.4285714285714,0,0,1,72.7504057142857,57.0,27.0663008571429,29.2857142857143,159.0,,,,,388082,dengue
2015-02-08,201506,300.0,300,300,300,0.9949001,11.16648,0,3,230440020150619589,2023-08-20,Fortaleza,14.0,1.2479835,2686612,26.2857142857143,75.8571428571429,0,1,1,63.7498098571429,43.7142857142857,28.3531747142857,31.1428571428571,139.0,,,,,388082,dengue
2015-02-01,201505,311.0,311,311,311,0.99999815,11.575918,0,3,230440020150519589,2023-08-20,Fortaleza,11.0,1.5084963,2686612,26.0,79.1428571428571,0,1,1,67.7091842857143,48.7142857142857,27.9132652857143,31.0,154.0,,,,,388082,dengue
2015-01-25,201504,221.0,221,221,221,0.98914164,8.225974,0,3,230440020150419589,2023-08-20,Fortaleza,12.0,1.2599765,2686612,25.4285714285714,77.0,0,1,1,63.9591832857143,44.5714285714286,27.5459184285714,30.2857142857143,106.0,,,,,388082,dengue
2015-01-18,201503,207.0,207,207,207,0.99998933,7.704871,0,3,230440020150319589,2023-08-20,Fortaleza,8.0,1.5987432,2686612,25.7142857142857,77.5714285714286,0,1,1,66.2806132857143,50.1428571428571,27.5153064285714,30.0,79.0,,,,,388082,dengue
2015-01-11,201502,185.0,185,185,185,1.0,6.8859963,0,1,230440020150219589,2023-08-20,Fortaleza,13.0,2.223542,2686612,25.5714285714286,78.0,0,1,1,65.6936494285714,45.2857142857143,27.5246031428571,30.2857142857143,71.0,,,,,388082,dengue
2015-01-04,201501,156.0,156,156,156,1.0,5.8065696,0,1,230440020150119589,2023-08-20,Fortaleza,3.0,2.1131625,2686612,25.2857142857143,78.4285714285714,0,0,0,67.9476581428571,49.5714285714286,27.0319351428571,29.0,56.0,,,,,388082,dengue
2014-12-28,201453,27.0,27,27,27,1.0779907e-08,1.0049832,0,1,230440020145319589,2023-08-20,Fortaleza,6.0,0.31972465,2686612,24.8571428571429,81.2857142857143,0,0,0,69.1279314285714,50.7142857142857,26.8700254285714,29.2857142857143,27.0,,,,,388082,dengue
2014-12-21,201452,81.0,81,81,81,0.21739557,3.0149498,0,1,230440020145219589,2023-08-20,Fortaleza,6.0,0.88794607,2686612,26.0,72.8571428571429,0,0,0,63.0408165714286,45.2857142857143,27.632653,30.1428571428571,31.0,,,,,388082,dengue
2014-12-14,201451,86.0,86,86,86,0.3413563,3.2010577,0,1,230440020145119589,2023-08-20,Fortaleza,6.0,0.94059306,2686612,25.4285714285714,77.0,0,0,0,64.2077765714286,46.0,27.447572,30.0,34.0,,,,,388082,dengue
2014-12-07,201450,99.0,99,99,99,0.6960443,3.6849384,0,1,230440020145019589,2023-08-20,Fortaleza,13.0,1.076941,2686612,25.5714285714286,76.4285714285714,0,0,0,64.5564752857143,47.7142857142857,27.5589374285714,30.5714285714286,28.0,,,,,388082,dengue
2014-11-30,201449,87.0,87,87,87,0.27836066,3.2382793,0,1,230440020144919589,2023-08-20,Fortaleza,9.0,0.9166837,2686612,25.4285714285714,77.2857142857143,0,0,0,65.6341328571429,46.0,27.3459677142857,30.2857142857143,28.0,,,,,388082,dengue
2014-11-23,201448,94.0,94,94,94,0.2981697,3.4988306,0,1,230440020144819589,2023-08-20,Fortaleza,7.0,0.92713934,2686612,24.8571428571429,80.4285714285714,0,0,0,65.0729418571429,46.4285714285714,27.218719,30.1428571428571,38.0,,,,,388082,dengue
2014-11-16,201447,91.0,91,91,91,0.0905184,3.3871658,0,1,230440020144719589,2023-08-20,Fortaleza,8.0,0.8279845,2686612,25.1428571428571,79.5714285714286,0,0,0,65.9693881428571,47.2857142857143,27.2493417142857,30.0,37.0,,,,,388082,dengue
2014-11-09,201446,102.0,102,102,102,0.114782214,3.7966032,0,1,230440020144619589,2023-08-20,Fortaleza,13.0,0.85104686,2686612,25.4285714285714,74.5714285714286,0,0,0,64.403062,46.2857142857143,27.2602042857143,29.8571428571429,39.0,,,,,388082,dengue
2014-11-02,201445,110.0,110,110,110,0.09261637,4.094376,0,1,230440020144519589,2023-08-20,Fortaleza,9.0,0.84293085,2686612,25.0,77.1428571428571,0,0,0,63.6275514285714,47.0,27.0816325714286,29.7142857142857,42.0,,,,,388082,dengue
2014-10-26,201444,118.0,118,118,118,0.085255176,4.392149,0,1,230440020144419589,2023-08-20,Fortaleza,6.0,0.8430735,2686612,25.2857142857143,74.4285714285714,0,0,0,62.3212521428571,42.1428571428571,27.2454257142857,30.2857142857143,36.0,,,,,388082,dengue
2014-10-19,201443,134.0,134,134,134,0.18263932,4.9876947,0,1,230440020144319589,2023-08-20,Fortaleza,18.0,0.8980635,2686612,25.1428571428571,75.7142857142857,0,0,0,62.2636214285714,42.5714285714286,27.1776432857143,29.8571428571429,47.0,,,,,388082,dengue
2014-10-12,201442,140.0,140,140,140,0.21330255,5.2110243,0,1,230440020144219589,2023-08-20,Fortaleza,22.0,0.9114547,2686612,25.1428571428571,72.7142857142857,0,0,0,60.0459175714286,40.4285714285714,27.4368858571429,30.4285714285714,50.0,,,,,388082,dengue
2014-10-05,201441,146.0,146,146,146,0.3371439,5.434354,0,1,230440020144119589,2023-08-20,Fortaleza,19.0,0.9526305,2686612,25.0,74.1428571428571,0,0,0,60.4032371428571,36.5714285714286,27.5168892857143,30.8571428571429,60.0,,,,,388082,dengue
2014-09-28,201440,174.0,174,174,174,0.75847083,6.4765587,0,1,230440020144019589,2023-08-20,Fortaleza,27.0,1.0795614,2686612,25.0,78.4285714285714,0,0,1,65.6164018571429,45.5714285714286,27.0876791428571,29.5714285714286,71.0,,,,,388082,dengue
2014-09-21,201439,129.0,129,129,129,0.010513945,4.8015866,0,1,230440020143919589,2023-08-20,Fortaleza,23.0,0.7646807,2686612,25.0,75.5714285714286,0,0,0,64.0316684285714,46.4285714285714,27.0749468571429,30.1428571428571,53.0,,,,,388082,dengue
2014-09-14,201438,172.0,172,172,172,0.44764107,6.4021153,0,1,230440020143819589,2023-08-20,Fortaleza,19.0,0.985973,2686612,24.2857142857143,79.0,0,0,1,64.2429047142857,39.4285714285714,26.759696,30.0,89.0,,,,,388082,dengue
2014-09-07,201437,175.0,175,175,175,0.20794566,6.51378,0,1,230440020143719589,2023-08-20,Fortaleza,4.0,0.91846865,2686612,24.2857142857143,77.8571428571429,0,0,1,63.3990681428571,42.2857142857143,26.9378957142857,30.2857142857143,84.0,,,,,388082,dengue
2014-08-31,201436,162.0,162,162,162,0.0031598993,6.0298996,0,1,230440020143619589,2023-08-20,Fortaleza,11.0,0.75396186,2686612,24.8571428571429,78.0,0,0,0,63.9897967142857,43.5714285714286,26.7755101428571,29.7142857142857,94.0,,,,,388082,dengue
2014-08-24,201435,187.0,187,187,187,0.008237946,6.960439,0,1,230440020143519589,2023-08-20,Fortaleza,5.0,0.79159254,2686612,24.0,78.4285714285714,0,0,1,64.3582447142857,44.4285714285714,26.5693877142857,29.5714285714286,90.0,,,,,388082,dengue
2014-08-17,201434,219.0,219,219,219,0.039075885,8.15153,0,1,230440020143419589,2023-08-20,Fortaleza,15.0,0.850839,2686612,23.4285714285714,75.7142857142857,0,0,1,59.954081,36.2857142857143,26.6122447142857,29.8571428571429,116.0,,,,,388082,dengue
2014-08-10,201433,244.0,244,244,244,0.01599291,9.08207,0,1,230440020143319589,2023-08-20,Fortaleza,8.0,0.83091193,2686612,23.5714285714286,75.5714285714286,0,0,1,60.012094,35.0,26.815098,30.4285714285714,113.0,,,,,388082,dengue
2014-08-03,201432,244.0,244,244,244,9.334359e-05,9.08207,0,1,230440020143219589,2023-08-20,Fortaleza,6.0,0.7315306,2686612,24.2857142857143,78.5714285714286,0,0,1,63.4737857142857,42.4285714285714,26.794335,29.7142857142857,138.0,,,,,388082,dengue
2014-07-27,201431,279.0,279,279,279,0.00093850796,10.384827,0,1,230440020143119589,2023-08-20,Fortaleza,7.0,0.78091604,2686612,23.8571428571429,79.5714285714286,0,0,1,64.8489711428571,44.7142857142857,26.5653914285714,29.7142857142857,158.0,,,,,388082,dengue
2014-07-20,201430,373.0,373,373,373,0.43661192,13.883657,0,1,230440020143019589,2023-08-20,Fortaleza,11.0,0.98842376,2686612,23.2857142857143,82.4285714285714,0,0,1,66.7817181428571,44.7142857142857,26.3634791428571,29.8571428571429,186.0,,,,,388082,dengue
2014-07-13,201429,335.0,335,335,335,0.021068979,12.469236,0,1,230440020142919589,2023-08-20,Fortaleza,8.0,0.8597533,2686612,23.5714285714286,82.0,0,0,1,65.8911557142857,45.5714285714286,26.6095235714286,29.8571428571429,192.0,,,,,388082,dengue
2014-07-06,201428,392.0,392,392,392,0.46080035,14.590868,0,1,230440020142819589,2023-08-20,Fortaleza,13.0,0.99301076,2686612,24.0,80.5714285714286,0,0,1,66.8800134285714,45.7142857142857,26.6465518571429,29.7142857142857,215.0,,,,,388082,dengue
2014-06-29,201427,402.0,402,402,402,0.32533604,14.963083,0,1,230440020142719589,2023-08-20,Fortaleza,20.0,0.96882427,2686612,24.0,85.5714285714286,0,0,1,68.5368662857143,46.7142857142857,26.6341341428571,29.5714285714286,225.0,,,,,388082,dengue
2014-06-22,201426,383.0,383,383,383,0.003353011,14.255873,0,1,230440020142619589,2023-08-20,Fortaleza,4.0,0.8295456,2686612,24.0,85.7142857142857,0,0,1,68.5510195714286,46.4285714285714,26.9380955714286,30.1428571428571,226.0,,,,,388082,dengue
2014-06-15,201425,400.0,400,400,400,0.00018961623,14.88864,0,1,230440020142519589,2023-08-20,Fortaleza,8.0,0.7891795,2686612,25.1428571428571,80.4285714285714,0,0,1,67.84883,45.8571428571429,27.0377931428571,29.7142857142857,232.0,,,,,388082,dengue
2014-06-08,201424,448.0,448,448,448,0.019483749,16.675278,0,1,230440020142419589,2023-08-20,Fortaleza,12.0,0.87514913,2686612,24.7142857142857,85.7142857142857,0,0,1,66.8946555714286,44.5714285714286,27.3831094285714,30.4285714285714,270.0,,,,,388082,dengue
2014-06-01,201423,560.0,560,560,560,0.9911524,20.844097,0,3,230440020142319589,2023-08-20,Fortaleza,15.0,1.1583511,2686612,24.7142857142857,87.2857142857143,1,1,1,69.83163,48.5714285714286,27.2602042857143,30.0,350.0,,,,,388082,dengue
2014-05-25,201422,513.0,513,513,513,0.99341404,19.09468,0,3,230440020142219589,2023-08-20,Fortaleza,14.0,1.174781,2686612,24.5714285714286,88.1428571428571,1,1,1,72.4524985714286,53.0,27.0336031428571,29.8571428571429,293.0,,,,,388082,dengue
2014-05-18,201421,507.0,507,507,507,0.99999684,18.871351,0,3,230440020142119589,2023-08-20,Fortaleza,9.0,1.3580933,2686612,25.0,89.7142857142857,1,1,1,75.4757214285714,57.1428571428571,27.1789234285714,29.7142857142857,254.0,,,,,388082,dengue
2014-05-11,201420,426.0,426,426,426,0.9999999,15.856402,0,3,230440020142019589,2023-08-20,Fortaleza,14.0,1.4739109,2686612,24.0,91.8571428571429,1,1,1,79.9188357142857,60.1428571428571,26.1966411428571,28.8571428571429,190.0,,,,,388082,dengue
2014-05-04,201419,417.0,417,417,417,1.0,15.521408,0,3,230440020141919589,2023-08-20,Fortaleza,22.0,1.8666092,2686612,24.4285714285714,88.8571428571429,1,1,1,73.679412,53.4285714285714,27.1684607142857,29.7142857142857,152.0,,,,,388082,dengue
2014-04-27,201418,270.0,270,270,270,0.99777085,10.049832,0,1,230440020141819589,2023-08-20,Fortaleza,22.0,1.2982635,2686612,24.2857142857143,90.4285714285714,1,1,1,76.4520448571429,58.1428571428571,27.0119115714286,29.7142857142857,118.0,,,,,388082,dengue
2014-04-20,201417,191.0,191,191,191,0.05872357,7.109326,0,1,230440020141719589,2023-08-20,Fortaleza,5.0,0.8572738,2686612,25.4285714285714,86.7142857142857,0,0,1,71.2317178571429,52.0,27.9626824285714,30.5714285714286,92.0,,,,,388082,dengue
2014-04-13,201416,187.0,187,187,187,0.04986593,6.960439,0,2,230440020141619589,2023-08-20,Fortaleza,13.0,0.8493661,2686612,24.0,89.4285714285714,1,0,1,75.9752297142857,59.5714285714286,26.7425522857143,29.4285714285714,91.0,,,,,388082,dengue
2014-04-06,201415,240.0,240,240,240,0.9942805,8.933185,0,3,230440020141519589,2023-08-20,Fortaleza,20.0,1.277902,2686612,24.4285714285714,91.1428571428571,1,1,1,77.1413357142857,53.7142857142857,26.821409,29.7142857142857,89.0,,,,,388082,dengue
2014-03-30,201414,254.0,254,254,254,0.99999964,9.454287,0,3,230440020141419589,2023-08-20,Fortaleza,10.0,1.6432588,2686612,24.0,92.5714285714286,1,1,1,80.1141585714286,64.0,26.2975052857143,28.7142857142857,137.0,,,,,388082,dengue
2014-03-23,201413,173.0,173,173,173,0.9898407,6.439337,0,1,230440020141319589,2023-08-20,Fortaleza,8.0,1.305128,2686612,25.4285714285714,82.8571428571429,0,1,1,68.2704085714286,50.2857142857143,27.8520411428571,30.7142857142857,62.0,,,,,388082,dengue
2014-03-16,201412,152.0,152,152,152,0.97104055,5.6576834,0,1,230440020141219589,2023-08-20,Fortaleza,8.0,1.2586561,2686612,24.5714285714286,89.5714285714286,1,0,0,74.7766894285714,57.8571428571429,27.1852331428571,29.8571428571429,80.0,,,,,388082,dengue
2014-03-09,201411,131.0,131,131,131,0.6635781,4.87603,0,1,230440020141119589,2023-08-20,Fortaleza,4.0,1.0541975,2686612,24.8571428571429,86.4285714285714,0,0,0,72.3194944285714,53.5714285714286,27.0207597142857,29.5714285714286,44.0,,,,,388082,dengue
2014-03-02,201410,114.0,114,114,114,0.053285673,4.2432623,0,1,230440020141019589,2023-08-20,Fortaleza,10.0,0.81640226,2686612,25.2857142857143,81.8571428571429,0,0,0,68.0093257142857,50.2857142857143,27.617523,29.8571428571429,55.0,,,,,388082,dengue
2014-02-23,201409,109.0,109,109,109,0.004428289,4.0571547,0,1,230440020140919589,2023-08-20,Fortaleza,10.0,0.72161597,2686612,25.1428571428571,82.5714285714286,0,0,0,67.5765314285714,48.4285714285714,27.4795915714286,30.1428571428571,50.0,,,,,388082,dengue
2014-02-16,201408,154.0,154,154,154,0.40098023,5.7321267,0,1,230440020140819589,2023-08-20,Fortaleza,7.0,0.972055,2686612,24.0,87.0,0,0,0,73.7853628571429,57.0,26.753036,29.2857142857143,62.0,,,,,388082,dengue
2014-02-09,201407,151.0,151,151,151,0.311647,5.620462,0,1,230440020140719589,2023-08-20,Fortaleza,10.0,0.9458482,2686612,25.2857142857143,81.2857142857143,0,0,0,71.4057478571429,55.8571428571429,27.400142,30.0,67.0,,,,,388082,dengue
2014-02-02,201406,154.0,154,154,154,0.75863457,5.7321267,0,1,230440020140619589,2023-08-20,Fortaleza,9.0,1.084938,2686612,24.1428571428571,87.1428571428571,1,0,0,70.9686242857143,53.7142857142857,26.885119,29.5714285714286,53.0,,,,,388082,dengue
2014-01-26,201405,180.0,180,180,180,0.99998367,6.699888,0,1,230440020140519589,2023-08-20,Fortaleza,9.0,1.6401693,2686612,25.0,83.5714285714286,0,1,1,68.0135785714286,47.0,27.5087034285714,30.2857142857143,61.0,,,,,388082,dengue
2014-01-19,201404,150.0,150,150,150,0.99999934,5.58324,0,1,230440020140419589,2023-08-20,Fortaleza,3.0,1.9315864,2686612,26.0,75.1428571428571,0,0,0,64.3469384285714,47.1428571428571,27.7653062857143,30.4285714285714,51.0,,,,,388082,dengue
2014-01-12,201403,107.0,107,107,107,0.99995023,3.9827113,0,1,230440020140319589,2023-08-20,Fortaleza,13.0,1.858094,2686612,25.5714285714286,82.0,0,0,0,69.0025707142857,50.7142857142857,27.609562,30.1428571428571,37.0,,,,,388082,dengue
2014-01-05,201402,77.0,77,77,77,0.96158904,2.8660634,0,1,230440020140219589,2023-08-20,Fortaleza,7.0,1.3592666,2686612,25.7142857142857,77.1428571428571,0,0,0,65.7980927142857,47.7142857142857,27.4227254285714,30.0,24.0,,,,,388082,dengue
2013-12-29,201401,40.0,40,40,40,0.003548444,1.4888641,0,1,230440020140119589,2023-08-20,Fortaleza,3.0,0.5911112,2686612,25.7142857142857,76.7142857142857,0,0,0,64.2741022857143,46.1428571428571,27.468508,30.2857142857143,30.0,,,,,388082,dengue
2013-12-22,201352,55.0,55,55,55,0.018604185,2.047188,0,1,230440020135219589,2023-08-20,Fortaleza,3.0,0.6964221,2686612,26.2857142857143,76.7142857142857,0,0,0,65.1887747142857,45.7142857142857,28.0867347142857,30.7142857142857,22.0,,,,,388082,dengue
2013-12-15,201351,65.0,65,65,65,0.07413276,2.419404,0,1,230440020135119589,2023-08-20,Fortaleza,2.0,0.7880071,2686612,25.8571428571429,75.2857142857143,0,0,0,64.7133411428571,49.1428571428571,27.357899,29.5714285714286,33.0,,,,,388082,dengue
2013-12-08,201350,88.0,88,88,88,0.6392755,3.2755008,0,1,230440020135019589,2023-08-20,Fortaleza,5.0,1.0558548,2686612,25.4285714285714,76.0,0,0,0,63.5696288571429,44.1428571428571,27.5317005714286,30.0,58.0,,,,,388082,dengue
2013-12-01,201349,86.0,86,86,86,0.59234154,3.2010577,0,1,230440020134919589,2023-08-20,Fortaleza,9.0,1.036502,2686612,25.7142857142857,78.2857142857143,0,0,0,64.7384724285714,43.8571428571429,27.6712015714286,30.4285714285714,38.0,,,,,388082,dengue
2013-11-24,201348,72.0,72,72,72,0.37753153,2.6799552,0,1,230440020134819589,2023-08-20,Fortaleza,8.0,0.9500989,2686612,25.1428571428571,79.0,0,0,0,65.3788598571429,46.0,27.33438,30.1428571428571,33.0,,,,,388082,dengue
2013-11-17,201347,105.0,105,105,105,0.9830007,3.9082682,0,1,230440020134719589,2023-08-20,Fortaleza,15.0,1.3715088,2686612,25.4285714285714,75.1428571428571,0,0,0,64.2434805714286,45.4285714285714,27.2897801428571,30.0,59.0,,,,,388082,dengue
2013-11-10,201346,62.0,62,62,62,0.017819539,2.3077393,0,1,230440020134619589,2023-08-20,Fortaleza,5.0,0.708093,2686612,25.8571428571429,74.7142857142857,0,0,0,63.5257578571429,47.1428571428571,27.4088367142857,30.1428571428571,29.0,,,,,388082,dengue
2013-11-03,201345,66.0,66,66,66,0.008830769,2.4566257,0,1,230440020134519589,2023-08-20,Fortaleza,4.0,0.6872391,2686612,25.5714285714286,77.7142857142857,0,0,0,64.888701,45.5714285714286,27.7377171428571,31.0,39.0,,,,,388082,dengue
2013-10-27,201344,99.0,99,99,99,0.26767194,3.6849384,0,1,230440020134419589,2023-08-20,Fortaleza,3.0,0.91754335,2686612,25.7142857142857,73.1428571428571,0,0,0,62.8628125714286,46.2857142857143,27.3983374285714,30.2857142857143,40.0,,,,,388082,dengue
2013-10-20,201343,96.0,96,96,96,0.014209961,3.5732737,0,1,230440020134319589,2023-08-20,Fortaleza,1.0,0.74573314,2686612,25.4285714285714,76.7142857142857,0,0,0,63.7333707142857,44.7142857142857,27.3813301428571,30.2857142857143,50.0,,,,,388082,dengue
2013-10-13,201342,90.0,90,90,90,0.00012410486,3.349944,0,1,230440020134219589,2023-08-20,Fortaleza,4.0,0.6168204,2686612,24.5714285714286,74.4285714285714,0,0,0,62.0330675714286,42.4285714285714,27.2592595714286,30.2857142857143,50.0,,,,,388082,dengue
2013-10-06,201341,144.0,144,144,144,0.11779896,5.3599105,0,1,230440020134119589,2023-08-20,Fortaleza,5.0,0.873752,2686612,25.2857142857143,75.7142857142857,0,0,0,62.011396,39.8571428571429,27.5924474285714,30.5714285714286,77.0,,,,,388082,dengue
2013-09-29,201340,146.0,146,146,146,0.002229615,5.434354,0,1,230440020134019589,2023-08-20,Fortaleza,3.0,0.7350604,2686612,25.0,75.8571428571429,0,0,0,62.2597718571429,43.8571428571429,27.1576602857143,30.1428571428571,73.0,,,,,388082,dengue
2013-09-22,201339,150.0,150,150,150,1.6977531e-06,5.58324,0,1,230440020133919589,2023-08-20,Fortaleza,7.0,0.6214367,2686612,24.7142857142857,79.5714285714286,0,0,0,67.0963697142857,49.1428571428571,26.9342404285714,30.0,81.0,,,,,388082,dengue
2013-09-15,201338,195.0,195,195,195,1.8555811e-05,7.258212,0,1,230440020133819589,2023-08-20,Fortaleza,13.0,0.6841514,2686612,24.5714285714286,76.7142857142857,0,0,1,61.6008591428571,39.5714285714286,27.2292438571429,30.5714285714286,103.0,,,,,388082,dengue
2013-09-08,201337,248.0,248,248,248,4.871827e-05,9.230957,0,1,230440020133719589,2023-08-20,Fortaleza,10.0,0.7242608,2686612,24.8571428571429,74.4285714285714,0,0,1,61.4574827142857,40.7142857142857,27.0073694285714,30.0,129.0,,,,,388082,dengue
2013-09-01,201336,281.0,281,281,281,1.5861257e-08,10.45927,0,1,230440020133619589,2023-08-20,Fortaleza,14.0,0.6571036,2686612,24.2857142857143,82.1428571428571,0,0,1,66.5555421428571,48.5714285714286,26.810225,29.8571428571429,141.0,,,,,388082,dengue
2013-08-25,201335,319.0,319,319,319,4.1144865e-13,11.873691,0,1,230440020133519589,2023-08-20,Fortaleza,11.0,0.606604,2686612,24.5714285714286,80.2857142857143,0,0,1,65.9994234285714,45.2857142857143,27.0791925714286,30.2857142857143,167.0,,,,,388082,dengue
2013-08-18,201334,421.0,421,421,421,8.7982555e-09,15.670294,0,1,230440020133419589,2023-08-20,Fortaleza,32.0,0.70104444,2686612,24.4285714285714,77.4285714285714,0,0,1,64.0475371428571,43.1428571428571,27.0341448571429,30.1428571428571,239.0,,,,,388082,dengue
2013-08-11,201333,537.0,537,537,537,0.009738833,19.987999,0,1,230440020133319589,2023-08-20,Fortaleza,21.0,0.8713581,2686612,24.4285714285714,83.7142857142857,0,0,1,66.8513178571429,43.8571428571429,26.814891,29.5714285714286,325.0,,,,,388082,dengue
2013-08-04,201332,636.0,636,636,636,0.8922172,23.672937,0,1,230440020133219589,2023-08-20,Fortaleza,39.0,1.0732163,2686612,24.0,76.8571428571429,0,0,1,63.2824881428571,44.5714285714286,26.7444331428571,29.5714285714286,361.0,,,,,388082,dengue
2013-07-28,201331,670.0,670,670,670,0.9847438,24.938473,0,1,230440020133119589,2023-08-20,Fortaleza,39.0,1.1295421,2686612,23.5714285714286,78.8571428571429,0,1,1,61.750001,38.1428571428571,26.576531,29.8571428571429,430.0,,,,,388082,dengue
2013-07-21,201330,543.0,543,543,543,0.01158477,20.211329,0,1,230440020133019589,2023-08-20,Fortaleza,31.0,0.8752539,2686612,24.1428571428571,84.1428571428571,0,0,1,71.4111872857143,53.2857142857143,26.448866,28.8571428571429,341.0,,,,,388082,dengue
2013-07-14,201329,590.0,590,590,590,0.073731676,21.960745,0,1,230440020132919589,2023-08-20,Fortaleza,18.0,0.9207319,2686612,23.5714285714286,88.0,1,0,1,73.246598,51.2857142857143,26.2714282857143,29.1428571428571,345.0,,,,,388082,dengue
2013-07-07,201328,624.0,624,624,624,0.2159181,23.226278,0,1,230440020132819589,2023-08-20,Fortaleza,17.0,0.95695364,2686612,23.4285714285714,86.4285714285714,0,0,1,69.8833141428571,48.4285714285714,26.3214285714286,29.4285714285714,383.0,,,,,388082,dengue
2013-06-30,201327,675.0,675,675,675,0.5457166,25.12458,0,1,230440020132719589,2023-08-20,Fortaleza,21.0,1.006279,2686612,23.4285714285714,89.2857142857143,1,0,1,73.7103545714286,51.7142857142857,25.9818212857143,29.2857142857143,411.0,,,,,388082,dengue
2013-06-23,201326,607.0,607,607,607,0.040331606,22.593512,0,1,230440020132619589,2023-08-20,Fortaleza,21.0,0.9068149,2686612,24.4285714285714,86.2857142857143,0,0,1,73.559098,53.4285714285714,26.6534868571429,29.2857142857143,351.0,,,,,388082,dengue
2013-06-16,201325,717.0,717,717,717,0.9746664,26.687887,0,2,230440020132519589,2023-08-20,Fortaleza,17.0,1.11177,2686612,24.0,87.1428571428571,1,1,1,73.3904614285714,53.2857142857143,26.6770637142857,29.1428571428571,435.0,,,,,388082,dengue
2013-06-09,201324,674.0,674,674,674,0.9040959,25.087358,0,1,230440020132419589,2023-08-20,Fortaleza,18.0,1.07506,2686612,24.0,88.7142857142857,1,0,1,74.9852364285714,53.8571428571429,26.38237,29.2857142857143,384.0,,,,,388082,dengue
2013-06-02,201323,661.0,661,661,661,0.8560868,24.603477,0,1,230440020132319589,2023-08-20,Fortaleza,15.0,1.0611156,2686612,23.5714285714286,88.8571428571429,1,0,1,73.1179334285714,51.8571428571429,26.6232662857143,29.7142857142857,401.0,,,,,388082,dengue
2013-05-26,201322,577.0,577,577,577,0.2901802,21.476864,0,1,230440020132219589,2023-08-20,Fortaleza,27.0,0.9682391,2686612,24.1428571428571,86.4285714285714,0,0,1,68.8918735714286,48.7142857142857,27.339284,30.4285714285714,339.0,,,,,388082,dengue
2013-05-19,201321,688.0,688,688,688,0.999652,25.608461,0,1,230440020132119589,2023-08-20,Fortaleza,26.0,1.2113739,2686612,24.0,90.5714285714286,1,1,1,77.4059228571429,57.1428571428571,26.7300491428571,29.5714285714286,393.0,,,,,388082,dengue
2013-05-12,201320,582.0,582,582,582,0.5927237,21.662971,0,1,230440020132019589,2023-08-20,Fortaleza,18.0,1.013888,2686612,24.8571428571429,88.8571428571429,1,0,1,73.9781965714286,55.4285714285714,27.2962142857143,29.8571428571429,337.0,,,,,388082,dengue
2013-05-05,201319,552.0,552,552,552,0.046551846,20.546324,0,1,230440020131919589,2023-08-20,Fortaleza,28.0,0.9061207,2686612,25.2857142857143,85.8571428571429,0,0,1,68.616169,48.7142857142857,27.9899705714286,30.7142857142857,307.0,,,,,388082,dengue
2013-04-28,201318,550.0,550,550,550,0.0104722455,20.47188,0,1,230440020131819589,2023-08-20,Fortaleza,34.0,0.8740808,2686612,24.7142857142857,88.0,1,0,1,73.2413822857143,52.2857142857143,27.1606575714286,30.0,298.0,,,,,388082,dengue
2013-04-21,201317,623.0,623,623,623,0.76580834,23.189058,0,1,230440020131719589,2023-08-20,Fortaleza,28.0,1.0423717,2686612,24.1428571428571,88.7142857142857,1,0,1,75.8537142857143,55.4285714285714,26.8447165714286,29.7142857142857,336.0,,,,,388082,dengue
2013-04-14,201316,667.0,667,667,667,0.9999937,24.826807,0,3,230440020131619589,2023-08-20,Fortaleza,31.0,1.290027,2686612,25.2857142857143,84.1428571428571,0,1,1,70.5221708571429,51.7142857142857,27.8387741428571,31.0,316.0,,,,,388082,dengue
2013-04-07,201315,629.0,629,629,629,1.0,23.412388,0,3,230440020131519589,2023-08-20,Fortaleza,90.0,1.4734489,2686612,25.8571428571429,83.4285714285714,0,1,1,70.0225191428571,53.5714285714286,28.226601,30.8571428571429,313.0,,,,,388082,dengue
2013-03-31,201314,531.0,531,531,531,0.99999976,19.76467,0,1,230440020131419589,2023-08-20,Fortaleza,35.0,1.3997,2686612,24.8571428571429,85.8571428571429,0,1,1,69.6914814285714,50.4285714285714,27.7909621428571,30.7142857142857,249.0,,,,,388082,dengue
2013-03-24,201313,402.0,402,402,402,0.8564593,14.963083,0,1,230440020131319589,2023-08-20,Fortaleza,33.0,1.0794977,2686612,26.0,83.1428571428571,0,0,1,69.3750885714286,52.0,28.2209008571429,30.7142857142857,163.0,,,,,388082,dengue
2013-03-17,201312,330.0,330,330,330,0.17602633,12.283129,0,1,230440020131219589,2023-08-20,Fortaleza,55.0,0.9313426,2686612,25.5714285714286,83.5714285714286,0,0,1,70.7687014285714,54.1428571428571,27.9333578571429,30.5714285714286,105.0,,,,,388082,dengue
2013-03-10,201311,419.0,419,419,419,0.9999234,15.595851,0,3,230440020131119589,2023-08-20,Fortaleza,26.0,1.3236501,2686612,26.5714285714286,80.2857142857143,0,1,1,68.7297814285714,52.7142857142857,28.4667424285714,31.1428571428571,131.0,,,,,388082,dengue
2013-03-03,201310,350.0,350,350,350,0.9998834,13.02756,0,3,230440020131019589,2023-08-20,Fortaleza,38.0,1.3493428,2686612,26.5714285714286,80.1428571428571,0,1,1,66.4879081428572,47.2857142857143,28.5209747142857,31.5714285714286,129.0,,,,,388082,dengue
2013-02-24,201309,328.0,328,328,328,1.0,12.208685,0,3,230440020130919589,2023-08-20,Fortaleza,19.0,1.701142,2686612,26.4285714285714,78.5714285714286,0,1,1,66.4147814285714,48.0,28.348639,31.0,112.0,,,,,388082,dengue
2013-02-17,201308,285.0,285,285,285,1.0,10.608156,0,1,230440020130819589,2023-08-20,Fortaleza,22.0,1.8859657,2686612,24.8571428571429,87.1428571428571,1,1,1,73.0815027142857,52.7142857142857,27.1548141428571,29.7142857142857,118.0,,,,,388082,dengue
2013-02-10,201307,163.0,163,163,163,0.9276614,6.067121,0,1,230440020130719589,2023-08-20,Fortaleza,21.0,1.1832631,2686612,25.5714285714286,81.2857142857143,0,0,0,67.8368728571429,48.4285714285714,28.1817802857143,31.4285714285714,55.0,,,,,388082,dengue
2013-02-03,201306,136.0,136,136,136,0.7079114,5.0621376,0,1,230440020130619589,2023-08-20,Fortaleza,20.0,1.0697124,2686612,26.1428571428571,79.1428571428571,0,0,0,65.4423654285714,47.7142857142857,28.341648,31.1428571428571,58.0,,,,,388082,dengue
2013-01-27,201305,140.0,140,140,140,0.9737198,5.2110243,0,1,230440020130519589,2023-08-20,Fortaleza,14.0,1.2788715,2686612,26.0,74.7142857142857,0,0,0,63.2704085714286,44.0,28.2295917142857,31.2857142857143,74.0,,,,,388082,dengue
2013-01-20,201304,143.0,143,143,143,0.9991945,5.322689,0,1,230440020130419589,2023-08-20,Fortaleza,29.0,1.5110364,2686612,25.4285714285714,83.7142857142857,0,0,0,70.5829865714286,51.8571428571429,27.7792598571429,30.8571428571429,81.0,,,,,388082,dengue
2013-01-13,201303,95.0,95,95,95,0.8938799,3.536052,0,1,230440020130319589,2023-08-20,Fortaleza,24.0,1.208417,2686612,23.0,83.7142857142857,0,0,0,70.2994604285714,52.1428571428571,27.5689695714286,30.5714285714286,48.0,,,,,388082,dengue
2013-01-06,201302,102.0,102,102,102,0.99954534,3.7966032,0,1,230440020130219589,2023-08-20,Fortaleza,28.0,1.6967586,2686612,25.8571428571429,77.7142857142857,0,0,0,65.9794907142857,48.0,27.9416681428571,30.5714285714286,45.0,,,,,388082,dengue
2012-12-30,201301,83.0,83,83,83,0.99865156,3.089393,0,1,230440020130119589,2023-08-20,Fortaleza,6.0,1.6989074,2686612,25.4285714285714,83.5714285714286,0,0,0,69.1559715714286,52.2857142857143,27.5442174285714,30.1428571428571,34.0,,,,,388082,dengue
2012-12-23,201252,55.0,55,55,55,0.7488678,2.047188,0,1,230440020125219589,2023-08-20,Fortaleza,9.0,1.1407542,2686612,26.0,79.0,0,0,0,67.9877171428572,50.0,27.7275128571429,30.2857142857143,34.0,,,,,388082,dengue
2012-12-16,201251,40.0,40,40,40,0.19085099,1.4888641,0,1,230440020125119589,2023-08-20,Fortaleza,10.0,0.8304071,2686612,25.7142857142857,78.7142857142857,0,0,0,66.1404114285714,49.0,27.971581,31.0,30.0,,,,,388082,dengue
2012-12-09,201250,49.0,49,49,49,0.7327427,1.8238585,0,1,230440020125019589,2023-08-20,Fortaleza,9.0,1.1377057,2686612,25.8571428571429,76.8571428571429,0,0,0,66.0930171428571,47.4285714285714,27.803444,30.5714285714286,29.0,,,,,388082,dengue
2012-12-02,201249,57.0,57,57,57,0.9510987,2.1216311,0,1,230440020124919589,2023-08-20,Fortaleza,12.0,1.3991022,2686612,25.7142857142857,75.8571428571429,0,0,0,65.7149648571429,48.7142857142857,27.4972787142857,30.5714285714286,36.0,,,,,388082,dengue
2012-11-25,201248,38.0,38,38,38,0.12543663,1.4144208,0,1,230440020124819589,2023-08-20,Fortaleza,11.0,0.7815447,2686612,25.8571428571429,75.1428571428571,0,0,0,64.2598522857143,46.1428571428571,27.6087262857143,30.4285714285714,23.0,,,,,388082,dengue
2012-11-18,201247,38.0,38,38,38,0.0146412775,1.4144208,0,1,230440020124719589,2023-08-20,Fortaleza,15.0,0.6405678,2686612,25.4285714285714,79.0,0,0,0,65.2768912857143,46.4285714285714,27.6684834285714,30.8571428571429,29.0,,,,,388082,dengue
2012-11-11,201246,35.0,35,35,35,0.0027052232,1.3027561,0,1,230440020124619589,2023-08-20,Fortaleza,8.0,0.56353605,2686612,25.0,75.7142857142857,0,0,0,63.1286832857143,44.7142857142857,27.2679518571429,30.1428571428571,22.0,,,,,388082,dengue
2012-11-04,201245,86.0,86,86,86,0.9067344,3.2010577,0,1,230440020124519589,2023-08-20,Fortaleza,5.0,1.2359262,2686612,25.2857142857143,74.4285714285714,0,0,0,63.7105067142857,44.7142857142857,27.0568784285714,30.0,27.0,,,,,388082,dengue
2012-10-28,201244,42.0,42,42,42,0.00029688276,1.5633073,0,1,230440020124419589,2023-08-20,Fortaleza,13.0,0.52896506,2686612,24.4285714285714,80.5714285714286,0,0,0,67.1153242857143,49.1428571428571,26.8034577142857,29.7142857142857,16.0,,,,,388082,dengue
2012-10-21,201243,73.0,73,73,73,0.25910592,2.717177,0,1,230440020124319589,2023-08-20,Fortaleza,14.0,0.90129805,2686612,24.7142857142857,80.5714285714286,0,0,0,66.9300608571429,47.5714285714286,26.8952797142857,30.2857142857143,21.0,,,,,388082,dengue
2012-10-14,201242,85.0,85,85,85,0.8233718,3.163836,0,1,230440020124219589,2023-08-20,Fortaleza,14.0,1.1587563,2686612,24.4285714285714,78.7142857142857,0,0,0,64.3066135714286,42.4285714285714,26.9823131428571,30.4285714285714,40.0,,,,,388082,dengue
2012-10-07,201241,88.0,88,88,88,0.9691707,3.2755008,0,1,230440020124119589,2023-08-20,Fortaleza,6.0,1.3539995,2686612,24.2857142857143,77.1428571428571,0,0,0,64.191234,41.7142857142857,26.8544974285714,30.0,39.0,,,,,388082,dengue
2012-09-30,201240,74.0,74,74,74,0.8411198,2.7543986,0,1,230440020124019589,2023-08-20,Fortaleza,6.0,1.1863608,2686612,24.7142857142857,74.5714285714286,0,0,0,60.352041,34.5714285714286,27.0153061428571,30.4285714285714,40.0,,,,,388082,dengue
2012-09-23,201239,59.0,59,59,59,0.27032566,2.1960745,0,1,230440020123919589,2023-08-20,Fortaleza,2.0,0.89651006,2686612,24.5714285714286,76.2857142857143,0,0,0,63.427628,42.0,26.8919125714286,30.0,30.0,,,,,388082,dengue
2012-09-16,201238,63.0,63,63,63,0.18602799,2.344961,0,1,230440020123819589,2023-08-20,Fortaleza,14.0,0.858455,2686612,24.4285714285714,77.4285714285714,0,0,0,63.2660621428571,41.1428571428571,27.0007557142857,30.5714285714286,43.0,,,,,388082,dengue
2012-09-09,201237,59.0,59,59,59,0.013716548,2.1960745,0,1,230440020123719589,2023-08-20,Fortaleza,10.0,0.6913218,2686612,24.4285714285714,78.2857142857143,0,0,0,63.556123,41.8571428571429,26.8418365714286,30.0,40.0,,,,,388082,dengue
2012-09-02,201236,81.0,81,81,81,0.03359656,3.0149498,0,1,230440020123619589,2023-08-20,Fortaleza,7.0,0.7646399,2686612,23.7142857142857,74.4285714285714,0,0,0,60.1009077142857,36.4285714285714,26.6067648571429,30.1428571428571,52.0,,,,,388082,dengue
2012-08-26,201235,69.0,69,69,69,1.3691165e-05,2.5682905,0,1,230440020123519589,2023-08-20,Fortaleza,15.0,0.5425558,2686612,24.1428571428571,77.5714285714286,0,0,0,64.6428585714286,43.5714285714286,26.6683674285714,29.7142857142857,55.0,,,,,388082,dengue
2012-08-19,201234,113.0,113,113,113,0.008468552,4.206041,0,1,230440020123419589,2023-08-20,Fortaleza,12.0,0.744776,2686612,23.1428571428571,75.7142857142857,0,0,0,59.8469384285714,37.0,26.4336735714286,30.2857142857143,90.0,,,,,388082,dengue
2012-08-12,201233,131.0,131,131,131,0.0009644741,4.87603,0,1,230440020123319589,2023-08-20,Fortaleza,5.0,0.7043087,2686612,23.5714285714286,77.0,0,0,0,61.6320867142857,38.5714285714286,26.702759,30.1428571428571,96.0,,,,,388082,dengue
2012-08-05,201232,133.0,133,133,133,2.2547613e-06,4.950473,0,1,230440020123219589,2023-08-20,Fortaleza,14.0,0.6088447,2686612,24.0,78.8571428571429,0,0,0,64.0204085714286,42.1428571428571,26.7857142857143,29.7142857142857,98.0,,,,,388082,dengue
2012-07-29,201231,197.0,197,197,197,0.002528538,7.3326554,0,1,230440020123119589,2023-08-20,Fortaleza,8.0,0.7678451,2686612,22.4285714285714,79.4285714285714,0,0,1,62.0731298571429,39.4285714285714,26.3354115714286,29.8571428571429,153.0,,,,,388082,dengue
2012-07-22,201230,225.0,225,225,225,1.0729598e-05,8.37486,0,1,230440020123019589,2023-08-20,Fortaleza,0.0,0.6939476,2686612,23.4285714285714,79.4285714285714,0,0,1,65.0935977142857,42.1428571428571,26.6185787142857,29.8571428571429,183.0,,,,,388082,dengue
2012-07-15,201229,227.0,227,227,227,2.220446e-15,8.449304,0,1,230440020122919589,2023-08-20,Fortaleza,0.0,0.53336126,2686612,24.1428571428571,83.2857142857143,0,0,1,69.1462591428571,47.7142857142857,26.5523431428571,29.4285714285714,183.0,,,,,388082,dengue
2012-07-08,201228,315.0,315,315,315,0.0,11.724804,0,1,230440020122819589,2023-08-20,Fortaleza,0.0,0.5400659,2686612,24.0,83.2857142857143,0,0,1,68.3418357142857,51.0,26.7653061428571,29.4285714285714,248.0,,,,,388082,dengue
2012-07-01,201227,413.0,413,413,413,0.0,15.372521,0,1,230440020122719589,2023-08-20,Fortaleza,0.0,0.48219883,2686612,23.8571428571429,80.8571428571429,0,0,1,65.8238914285714,44.1428571428571,26.6790991428571,29.8571428571429,337.0,,,,,388082,dengue
2012-06-24,201226,519.0,519,519,519,0.0,19.31801,0,1,230440020122619589,2023-08-20,Fortaleza,0.0,0.40785754,2686612,23.5714285714286,86.4285714285714,0,0,1,70.6132657142857,48.2857142857143,26.2931974285714,29.4285714285714,445.0,,,,,388082,dengue
2012-06-17,201225,759.0,759,759,759,0.0,28.251196,0,1,230440020122519589,2023-08-20,Fortaleza,0.0,0.4035021,2686612,24.2857142857143,89.4285714285714,1,0,1,76.717163,58.2857142857143,26.260939,29.0,678.0,,,,,388082,dengue
2012-06-10,201224,1258.0,1258,1258,1258,0.0,46.824776,0,1,230440020122419589,2023-08-20,Fortaleza,0.0,0.43996382,2686612,24.1428571428571,85.5714285714286,0,0,1,70.3273885714286,51.5714285714286,26.845165,29.5714285714286,1101.0,,,,,388082,dengue
2012-06-03,201223,1657.0,1657,1657,1657,0.0,61.676193,0,1,230440020122319589,2023-08-20,Fortaleza,0.0,0.39447144,2686612,24.8571428571429,85.7142857142857,0,0,1,72.0172821428571,53.8571428571429,27.0319872857143,29.5714285714286,1490.0,,,,,388082,dengue
2012-05-27,201222,2569.0,2569,2569,2569,0.0,95.62229,0,4,230440020122219589,2023-08-20,Fortaleza,0.0,0.48187035,2686612,24.2857142857143,85.5714285714286,0,0,2,72.3574957142857,53.8571428571429,26.8997184285714,29.7142857142857,2308.0,,,,,388082,dengue
2012-05-20,201221,4171.0,4171,4171,4171,0.0,155.2513,0,4,230440020122119589,2023-08-20,Fortaleza,0.0,0.76298505,2686612,24.4285714285714,84.1428571428571,0,0,2,71.59418,54.0,26.820295,29.5714285714286,3855.0,,,,,388082,dengue
2012-05-13,201220,6082.0,6082,6082,6082,1.0,226.38177,0,4,230440020122019589,2023-08-20,Fortaleza,0.0,1.3216895,2686612,24.8571428571429,86.2857142857143,0,1,2,73.4960165714286,59.0,27.0797737142857,29.2857142857143,5673.0,,,,,388082,dengue
2012-05-06,201219,6164.0,6164,6164,6164,1.0,229.43394,0,4,230440020121919589,2023-08-20,Fortaleza,0.0,1.7888722,2686612,25.0,84.2857142857143,0,1,2,69.6751817142857,50.8571428571429,27.508558,30.1428571428571,5715.0,,,,,388082,dengue
2012-04-29,201218,4643.0,4643,4643,4643,1.0,172.8199,0,4,230440020121819589,2023-08-20,Fortaleza,0.0,1.8702995,2686612,25.0,81.2857142857143,0,1,2,69.6256528571429,52.8571428571429,27.488874,30.2857142857143,4255.0,,,,,388082,dengue
2012-04-22,201217,3263.0,3263,3263,3263,1.0,121.45409,0,4,230440020121719589,2023-08-20,Fortaleza,0.0,1.85471,2686612,25.0,88.7142857142857,1,1,2,75.0925548571429,57.1428571428571,27.3677907142857,30.1428571428571,2934.0,,,,,388082,dengue
2012-04-15,201216,2455.0,2455,2455,2455,1.0,91.37903,0,3,230440020121619589,2023-08-20,Fortaleza,0.0,1.9114577,2686612,25.0,89.7142857142857,1,1,2,78.9730384285714,63.1428571428571,26.7558641428571,29.0,2154.0,,,,,388082,dengue
2012-04-08,201215,1639.0,1639,1639,1639,1.0,61.006203,0,3,230440020121519589,2023-08-20,Fortaleza,0.0,1.5666009,2686612,24.8571428571429,84.7142857142857,0,1,1,68.4690114285714,46.7142857142857,27.6470142857143,30.4285714285714,1446.0,,,,,388082,dengue
2012-04-01,201214,1142.0,1142,1142,1142,0.999999,42.50707,0,3,230440020121419589,2023-08-20,Fortaleza,0.0,1.2328687,2686612,25.4285714285714,87.2857142857143,1,1,1,74.0811855714286,56.1428571428571,27.5377037142857,30.2857142857143,1004.0,,,,,388082,dengue
2012-03-25,201213,1011.0,1011,1011,1011,0.9999996,37.63104,0,3,230440020121319589,2023-08-20,Fortaleza,0.0,1.2616717,2686612,23.4285714285714,91.7142857142857,1,1,1,79.7565207142857,61.4285714285714,26.1737508571429,28.8571428571429,888.0,,,,,388082,dengue
2012-03-18,201212,947.0,947,947,947,1.0,35.248856,0,3,230440020121219589,2023-08-20,Fortaleza,0.0,1.4818432,2686612,23.7142857142857,90.1428571428571,1,1,1,76.7324328571429,59.1428571428571,26.5047348571429,29.5714285714286,857.0,,,,,388082,dengue
2012-03-11,201211,854.0,854,854,854,1.0,31.787247,0,3,230440020121119589,2023-08-20,Fortaleza,0.0,1.7663902,2686612,23.2857142857143,91.7142857142857,1,1,1,77.8567322857143,60.2857142857143,26.057118,28.7142857142857,762.0,,,,,388082,dengue
2012-03-04,201210,619.0,619,619,619,1.0,23.04017,0,3,230440020121019589,2023-08-20,Fortaleza,0.0,1.7061092,2686612,23.4285714285714,88.7142857142857,1,1,1,74.6645421428571,54.8571428571429,26.2777358571429,29.2857142857143,519.0,,,,,388082,dengue
2012-02-26,201209,473.0,473,473,473,1.0,17.605818,0,3,230440020120919589,2023-08-20,Fortaleza,0.0,1.6453645,2686612,23.0,90.1428571428571,1,1,1,76.6347514285714,59.0,25.8559498571429,28.5714285714286,423.0,,,,,388082,dengue
2012-02-19,201208,347.0,347,347,347,0.99986196,12.915895,0,2,230440020120819589,2023-08-20,Fortaleza,0.0,1.3460625,2686612,22.8571428571429,89.4285714285714,1,1,1,78.269148,60.0,25.3949057142857,29.0,309.0,,,,,388082,dengue
2012-02-12,201207,255.0,255,255,255,0.6590995,9.4915085,0,1,230440020120719589,2023-08-20,Fortaleza,0.0,1.0372928,2686612,23.0,93.4285714285714,1,0,1,83.0675957142857,67.8571428571429,25.3791605714286,27.8571428571429,229.0,,,,,388082,dengue
2012-02-05,201206,252.0,252,252,252,0.8833662,9.379844,0,1,230440020120619589,2023-08-20,Fortaleza,0.0,1.1151952,2686612,24.5714285714286,88.0,1,0,1,75.5153071428571,56.8571428571429,27.0357144285714,29.8571428571429,220.0,,,,,388082,dengue
2012-01-29,201205,264.0,264,264,264,0.9989137,9.826503,0,3,230440020120519589,2023-08-20,Fortaleza,0.0,1.3315787,2686612,25.0,83.2857142857143,0,1,1,72.2392271428571,56.2857142857143,26.9497357142857,29.2857142857143,224.0,,,,,388082,dengue
2012-01-22,201204,222.0,222,222,222,0.9956429,8.263195,0,3,230440020120419589,2023-08-20,Fortaleza,0.0,1.3044623,2686612,24.5714285714286,87.8571428571429,1,1,1,76.3431577142857,60.4285714285714,26.6942555714286,29.2857142857143,189.0,,,,,388082,dengue
2012-01-15,201203,210.0,210,210,210,0.9985026,7.8165364,0,1,230440020120319589,2023-08-20,Fortaleza,0.0,1.3673551,2686612,23.8571428571429,92.7142857142857,1,1,1,80.0899028571429,63.5714285714286,26.184064,29.0,173.0,,,,,388082,dengue
2012-01-08,201202,156.0,156,156,156,0.791692,5.8065696,0,1,230440020120219589,2023-08-20,Fortaleza,0.0,1.0985944,2686612,25.1428571428571,88.8571428571429,1,0,0,74.9072171428571,55.0,27.1545731428571,30.0,129.0,,,,,388082,dengue
2012-01-01,201201,149.0,149,149,149,0.88560295,5.5460186,0,1,230440020120119589,2023-08-20,Fortaleza,0.0,1.1552727,2686612,25.2857142857143,85.5714285714286,0,0,0,73.9229157142857,55.8571428571429,27.125007,29.8571428571429,108.0,,,,,388082,dengue
2011-12-25,201152,159.0,159,159,159,0.94613206,5.9182343,0,1,230440020115219589,2023-08-20,Fortaleza,0.0,1.2078526,2686612,25.125,87.25,1,0,0,76.01332575,58.625,26.886585375,30.0,86.0,,,,,388082,dengue
2011-12-18,201151,112.0,112,112,112,0.0179817,4.1688194,0,1,230440020115119589,2023-08-20,Fortaleza,0.0,0.76945907,2686612,24.7142857142857,87.1428571428571,1,0,0,74.2514285714286,57.0,26.8987754285714,29.7142857142857,101.0,,,,,388082,dengue
2011-12-11,201150,115.0,115,115,115,0.027830511,4.280484,0,1,230440020115019589,2023-08-20,Fortaleza,0.0,0.78864276,2686612,24.7142857142857,86.4285714285714,0,0,0,72.9476557142857,55.5714285714286,26.860733,29.4285714285714,90.0,,,,,388082,dengue
2011-12-04,201149,172.0,172,172,172,0.9856937,6.4021153,0,1,230440020114919589,2023-08-20,Fortaleza,0.0,1.285259,2686612,24.5714285714286,87.1428571428571,1,1,1,73.6349214285714,54.7142857142857,26.8038894285714,29.8571428571429,142.0,,,,,388082,dengue
2011-11-27,201148,145.0,145,145,145,0.93490016,5.397132,0,1,230440020114819589,2023-08-20,Fortaleza,0.0,1.2042912,2686612,24.7142857142857,85.5714285714286,0,0,0,73.1747928571429,55.4285714285714,26.6969734285714,29.7142857142857,119.0,,,,,388082,dengue
2011-11-20,201147,138.0,138,138,138,0.94123805,5.136581,0,2,230440020114719589,2023-08-20,Fortaleza,0.0,1.2185352,2686612,24.7142857142857,87.2857142857143,1,0,0,73.9848812857143,56.1428571428571,26.8376795714286,29.7142857142857,110.0,,,,,388082,dengue
2011-11-13,201146,116.0,116,116,116,0.6605796,4.3177056,0,2,230440020114619589,2023-08-20,Fortaleza,0.0,1.0565597,2686612,24.5714285714286,88.7142857142857,1,0,0,75.11659,57.0,26.6802722857143,29.5714285714286,89.0,,,,,388082,dengue
2011-11-06,201145,107.0,107,107,107,0.5334396,3.9827113,0,2,230440020114519589,2023-08-20,Fortaleza,0.0,1.0115498,2686612,24.0,90.2857142857143,1,0,0,74.4216394285714,55.4285714285714,26.609919,29.5714285714286,81.0,,,,,388082,dengue
2011-10-30,201144,122.0,122,122,122,0.81633365,4.541035,0,2,230440020114419589,2023-08-20,Fortaleza,0.0,1.1260135,2686612,24.2857142857143,91.1428571428571,1,0,0,76.1271728571429,58.0,26.5334468571429,29.1428571428571,104.0,,,,,388082,dengue
2011-10-23,201143,93.0,93,93,93,0.04774026,3.461609,0,2,230440020114319589,2023-08-20,Fortaleza,0.0,0.79426,2686612,24.5714285714286,87.8571428571429,1,0,0,73.7086171428571,53.8571428571429,26.6203705714286,29.5714285714286,78.0,,,,,388082,dengue
2011-10-16,201142,110.0,110,110,110,0.14055824,4.094376,0,1,230440020114219589,2023-08-20,Fortaleza,0.0,0.86928576,2686612,24.4285714285714,90.2857142857143,1,0,0,78.1797757142857,62.7142857142857,26.240076,28.4285714285714,95.0,,,,,388082,dengue
2011-10-09,201141,114.0,114,114,114,0.14109461,4.2432623,0,1,230440020114119589,2023-08-20,Fortaleza,0.0,0.87162346,2686612,24.4285714285714,88.0,1,0,0,75.3390014285714,56.2857142857143,26.2983748571429,29.0,92.0,,,,,388082,dengue
2011-10-02,201140,133.0,133,133,133,0.59828794,4.950473,0,1,230440020114019589,2023-08-20,Fortaleza,0.0,1.031187,2686612,24.4285714285714,83.0,0,0,0,69.8497721428571,46.7142857142857,26.4557822857143,29.8571428571429,115.0,,,,,388082,dengue
2011-09-25,201139,133.0,133,133,133,0.6938651,4.950473,0,1,230440020113919589,2023-08-20,Fortaleza,0.0,1.0650667,2686612,23.7142857142857,87.0,0,0,0,73.0128507142857,50.5714285714286,26.308957,29.7142857142857,101.0,,,,,388082,dengue
2011-09-18,201138,134.0,134,134,134,0.7689583,4.9876947,0,1,230440020113819589,2023-08-20,Fortaleza,0.0,1.0961256,2686612,22.4285714285714,86.2857142857143,0,0,0,69.4761918571429,42.2857142857143,26.0300455714286,30.0,110.0,,,,,388082,dengue
2011-09-11,201137,118.0,118,118,118,0.33109224,4.392149,0,1,230440020113719589,2023-08-20,Fortaleza,0.0,0.9455462,2686612,23.1428571428571,87.2857142857143,1,0,0,70.4094842857143,46.5714285714286,26.1768705714286,29.7142857142857,102.0,,,,,388082,dengue
2011-09-04,201136,132.0,132,132,132,0.37848932,4.9132514,0,1,230440020113619589,2023-08-20,Fortaleza,0.0,0.9630256,2686612,22.5714285714286,84.5714285714286,0,0,0,68.6630757142857,46.0,26.0878685714286,29.7142857142857,113.0,,,,,388082,dengue
2011-08-28,201135,103.0,103,103,103,0.0022289688,3.8338249,0,2,230440020113519589,2023-08-20,Fortaleza,0.0,0.6966818,2686612,22.5714285714286,89.2857142857143,1,0,0,71.8877528571429,49.2857142857143,25.9795918571429,29.1428571428571,93.0,,,,,388082,dengue
2011-08-21,201134,152.0,152,152,152,0.29407567,5.6576834,0,2,230440020113419589,2023-08-20,Fortaleza,0.0,0.94073534,2686612,22.4285714285714,94.1428571428571,1,0,0,76.7047857142857,51.7142857142857,25.6333567142857,29.1428571428571,133.0,,,,,388082,dengue
2011-08-14,201133,147.0,147,147,147,0.014948037,5.4715753,0,2,230440020113319589,2023-08-20,Fortaleza,0.0,0.7879394,2686612,22.1428571428571,89.2857142857143,1,0,0,72.9877157142857,50.1428571428571,25.803259,29.2857142857143,129.0,,,,,388082,dengue
2011-08-07,201132,147.0,147,147,147,0.00048716093,5.4715753,0,2,230440020113219589,2023-08-20,Fortaleza,0.0,0.7033807,2686612,23.1428571428571,92.4285714285714,1,0,0,74.3520271428571,52.4285714285714,26.2066831428571,29.7142857142857,128.0,,,,,388082,dengue
2011-07-31,201131,190.0,190,190,190,0.074940495,7.072104,0,2,230440020113119589,2023-08-20,Fortaleza,0.0,0.8672545,2686612,23.1428571428571,94.2857142857143,1,0,1,79.768332,58.8571428571429,25.7499765714286,28.5714285714286,168.0,,,,,388082,dengue
2011-07-24,201130,226.0,226,226,226,0.3618233,8.412082,0,2,230440020113019589,2023-08-20,Fortaleza,0.0,0.9675772,2686612,22.1428571428571,91.0,1,0,1,73.4586164285714,50.5714285714286,25.7923287142857,29.2857142857143,212.0,,,,,388082,dengue
2011-07-17,201129,214.0,214,214,214,0.0031718346,7.9654226,0,2,230440020112919589,2023-08-20,Fortaleza,0.0,0.7805132,2686612,23.0,94.2857142857143,1,0,1,78.5598007142857,58.4285714285714,25.6480174285714,28.8571428571429,190.0,,,,,388082,dengue
2011-07-10,201128,222.0,222,222,222,9.7870185e-08,8.263195,0,2,230440020112819589,2023-08-20,Fortaleza,0.0,0.64282215,2686612,22.1428571428571,96.5714285714286,1,0,1,82.0022477142857,62.5714285714286,24.9035615714286,28.1428571428571,201.0,,,,,388082,dengue
2011-07-03,201127,249.0,249,249,249,2.0472513e-13,9.268179,0,2,230440020112719589,2023-08-20,Fortaleza,0.0,0.5688711,2686612,23.2857142857143,95.1428571428571,1,0,1,83.2084214285714,62.1428571428571,25.5899282857143,28.7142857142857,233.0,,,,,388082,dengue
2011-06-26,201126,349.0,349,349,349,2.6154634e-12,12.990338,0,2,230440020112619589,2023-08-20,Fortaleza,0.0,0.62828803,2686612,23.0,95.0,1,0,1,81.6571394285714,63.0,25.4730391428571,28.4285714285714,323.0,,,,,388082,dengue
2011-06-19,201125,419.0,419,419,419,0.0,15.595851,0,2,230440020112519589,2023-08-20,Fortaleza,0.0,0.5929228,2686612,23.1428571428571,98.2857142857143,1,0,1,81.42399,58.7142857142857,26.0822127142857,29.2857142857143,392.0,,,,,388082,dengue
2011-06-12,201124,543.0,543,543,543,0.0,20.211329,0,2,230440020112419589,2023-08-20,Fortaleza,0.0,0.593084,2686612,23.1428571428571,96.5714285714286,1,0,1,77.4183088571429,53.4285714285714,26.1379701428571,29.7142857142857,502.0,,,,,388082,dengue
2011-06-05,201123,692.0,692,692,692,0.0,25.757347,0,2,230440020112319589,2023-08-20,Fortaleza,0.0,0.5796382,2686612,23.2857142857143,97.5714285714286,1,0,1,81.078042,57.7142857142857,26.2594478571429,29.2857142857143,646.0,,,,,388082,dengue
2011-05-29,201122,845.0,845,845,845,0.0,31.452253,0,2,230440020112219589,2023-08-20,Fortaleza,0.0,0.5672195,2686612,23.0,96.7142857142857,1,0,1,79.08636,53.2857142857143,26.3327661428571,29.5714285714286,802.0,,,,,388082,dengue
2011-05-22,201121,1208.0,1208,1208,1208,0.0,44.963696,0,2,230440020112119589,2023-08-20,Fortaleza,0.0,0.69028324,2686612,23.5714285714286,96.0,1,0,1,80.5863571428571,59.0,26.5568195714286,29.8571428571429,1124.0,,,,,388082,dengue
2011-05-15,201120,1502.0,1502,1502,1502,2.220446e-16,55.906845,0,2,230440020112019589,2023-08-20,Fortaleza,0.0,0.7574945,2686612,23.5714285714286,99.1428571428571,1,0,1,85.0764391428571,61.2857142857143,26.1315322857143,29.5714285714286,1418.0,,,,,388082,dengue
2011-05-08,201119,1812.0,1812,1812,1812,9.938717e-13,67.44554,0,4,230440020111919589,2023-08-20,Fortaleza,0.0,0.80160517,2686612,23.5714285714286,98.2857142857143,1,0,2,85.8319121428571,65.5714285714286,25.8949994285714,29.0,1685.0,,,,,388082,dengue
2011-05-01,201118,1923.0,1923,1923,1923,0.0,71.57714,0,4,230440020111819589,2023-08-20,Fortaleza,0.0,0.7369658,2686612,23.4285714285714,100.0,1,0,2,90.0210737142857,70.0,25.8080001428571,29.0,1776.0,,,,,388082,dengue
2011-04-24,201117,2249.0,2249,2249,2249,0.0,83.71138,0,4,230440020111719589,2023-08-20,Fortaleza,0.0,0.7644886,2686612,23.0,100.0,1,0,2,90.1027222857143,71.2857142857143,25.19966,28.5714285714286,2087.0,,,,,388082,dengue
2011-04-17,201116,2551.0,2551,2551,2551,1.6796897e-10,94.9523,0,4,230440020111619589,2023-08-20,Fortaleza,0.0,0.8448444,2686612,23.0,100.0,1,0,2,91.0577837142857,77.1428571428571,25.0315964285714,27.5714285714286,2391.0,,,,,388082,dengue
2011-04-10,201115,3107.0,3107,3107,3107,0.9999979,115.647514,0,4,230440020111519589,2023-08-20,Fortaleza,0.0,1.1279198,2686612,22.7142857142857,100.0,1,1,2,90.9984408571429,75.8571428571429,25.0035124285714,27.5714285714286,2899.0,,,,,388082,dengue
2011-04-03,201114,3319.0,3319,3319,3319,1.0,123.53849,0,4,230440020111419589,2023-08-20,Fortaleza,0.0,1.4056,2686612,23.8571428571429,98.2857142857143,1,1,2,85.1651822857143,67.2857142857143,26.5749174285714,29.2857142857143,3109.0,,,,,388082,dengue
2011-03-27,201113,2780.0,2780,2780,2780,1.0,103.47605,0,4,230440020111319589,2023-08-20,Fortaleza,0.0,1.4058203,2686612,23.8571428571429,98.2857142857143,1,1,2,87.2425591428571,67.5714285714286,26.1678805714286,29.4285714285714,2577.0,,,,,388082,dengue
2011-03-20,201112,2290.0,2290,2290,2290,1.0,85.237465,0,4,230440020111219589,2023-08-20,Fortaleza,0.0,1.4284056,2686612,24.1428571428571,95.1428571428571,1,1,2,80.9247921428571,62.8571428571429,26.9514361428571,30.1428571428571,2101.0,,,,,388082,dengue
2011-03-13,201111,2110.0,2110,2110,2110,1.0,78.537575,0,3,230440020111119589,2023-08-20,Fortaleza,0.0,1.6040773,2686612,23.2857142857143,98.2857142857143,1,1,2,81.6037457142857,60.4285714285714,26.507511,29.8571428571429,1914.0,,,,,388082,dengue
2011-03-06,201110,1468.0,1468,1468,1468,1.0,54.64131,0,3,230440020111019589,2023-08-20,Fortaleza,0.0,1.3413098,2686612,23.0,99.1428571428571,1,1,1,88.638696,70.1428571428571,25.5775774285714,28.7142857142857,1317.0,,,,,388082,dengue
2011-02-27,201109,1320.0,1320,1320,1320,1.0,49.132515,0,3,230440020110919589,2023-08-20,Fortaleza,0.0,1.4999157,2686612,23.4285714285714,98.2857142857143,1,1,1,82.1641591428571,62.5714285714286,26.1197792857143,29.5714285714286,1153.0,,,,,388082,dengue
2011-02-20,201108,1109.0,1109,1109,1109,1.0,41.278755,0,3,230440020110819589,2023-08-20,Fortaleza,0.0,1.620558,2686612,23.2857142857143,100.0,1,1,1,88.3725637142857,72.2857142857143,25.5938017142857,28.5714285714286,988.0,,,,,388082,dengue
2011-02-13,201107,898.0,898,898,898,1.0,33.425,0,3,230440020110719589,2023-08-20,Fortaleza,0.0,1.6241179,2686612,22.5714285714286,99.1428571428571,1,1,1,88.4132034285714,72.4285714285714,25.2128497142857,27.8571428571429,793.0,,,,,388082,dengue
2011-02-06,201106,622.0,622,622,622,0.9999857,23.151836,0,3,230440020110619589,2023-08-20,Fortaleza,0.0,1.2873826,2686612,24.2857142857143,92.1428571428571,1,1,1,82.050452,66.2857142857143,26.2243608571429,28.8571428571429,532.0,,,,,388082,dengue
2011-01-30,201105,549.0,549,549,549,0.9973442,20.434658,0,2,230440020110519589,2023-08-20,Fortaleza,0.0,1.1921152,2686612,24.1428571428571,95.1428571428571,1,1,1,81.8721027142857,63.7142857142857,26.5329521428571,29.2857142857143,439.0,,,,,388082,dengue
2011-01-23,201104,446.0,446,446,446,0.48414183,16.600834,0,2,230440020110419589,2023-08-20,Fortaleza,0.0,0.99734396,2686612,22.4285714285714,98.5714285714286,1,0,1,87.8978137142857,68.7142857142857,24.8291977142857,27.8571428571429,364.0,,,,,388082,dengue
2011-01-16,201103,460.0,460,460,460,0.97836685,17.121937,0,3,230440020110319589,2023-08-20,Fortaleza,0.0,1.1478335,2686612,23.1428571428571,98.2857142857143,1,1,1,88.7626465714286,73.5714285714286,25.0612021428571,27.4285714285714,338.0,,,,,388082,dengue
2011-01-09,201102,472.0,472,472,472,0.9999959,17.568596,0,3,230440020110219589,2023-08-20,Fortaleza,0.0,1.3684741,2686612,22.8571428571429,96.5714285714286,1,1,1,83.8069457142857,65.4285714285714,25.6204957142857,28.2857142857143,382.0,,,,,388082,dengue
2011-01-02,201101,445.0,445,445,445,0.99973714,16.563612,0,1,230440020110119589,2023-08-20,Fortaleza,0.0,1.2803451,2686612,24.0,90.2857142857143,1,1,1,76.9952262857143,58.2857142857143,26.7292628571429,29.8571428571429,353.0,,,,,388082,dengue
2010-12-26,201052,264.0,264,264,264,4.433799e-07,9.826503,0,1,230440020105219589,2023-08-20,Fortaleza,0.0,0.6784047,2686612,25.0,86.2857142857143,0,0,1,72.9115648571428,52.7142857142857,27.1789494285714,30.1428571428571,246.0,,,,,388082,dengue
2010-12-19,201051,342.0,342,342,342,0.011736304,12.729788,0,2,230440020105119589,2023-08-20,Fortaleza,0.0,0.84694654,2686612,24.7142857142857,91.1428571428571,1,0,1,76.9967428571429,60.2857142857143,27.1406768571429,30.0,284.0,,,,,388082,dengue
2010-12-12,201050,400.0,400,400,400,0.9707236,14.88864,0,3,230440020105019589,2023-08-20,Fortaleza,0.0,1.1484151,2686612,24.5714285714286,92.5714285714286,1,1,1,79.7507208571429,62.5714285714286,26.3790945714286,29.2857142857143,337.0,,,,,388082,dengue
2010-12-05,201049,457.0,457,457,457,1.0,17.010271,0,3,230440020104919589,2023-08-20,Fortaleza,0.0,1.7832744,2686612,25.1428571428571,88.2857142857143,1,1,1,73.9870565714286,58.0,27.2182538571429,30.0,358.0,,,,,388082,dengue
2010-11-28,201048,390.0,390,390,390,1.0,14.516424,0,3,230440020104819589,2023-08-20,Fortaleza,0.0,2.0694194,2686612,25.0,84.1428571428571,0,1,1,71.77551,53.1428571428571,27.3061222857143,30.0,294.0,,,,,388082,dengue
2010-11-21,201047,203.0,203,203,203,0.9996293,7.555985,0,3,230440020104719589,2023-08-20,Fortaleza,0.0,1.4427683,2686612,25.0,83.1428571428571,0,1,1,72.0088078571429,55.4285714285714,27.1202977142857,30.2857142857143,146.0,,,,,388082,dengue
2010-11-14,201046,200.0,200,200,200,0.99999994,7.44432,0,1,230440020104619589,2023-08-20,Fortaleza,0.0,1.8774661,2686612,25.0,85.4285714285714,0,1,1,72.3591971428571,54.5714285714286,27.184985,30.1428571428571,154.0,,,,,388082,dengue
2010-11-07,201045,138.0,138,138,138,0.9966359,5.136581,0,1,230440020104519589,2023-08-20,Fortaleza,0.0,1.4275622,2686612,25.0,84.2857142857143,0,0,0,69.0069495714286,46.2857142857143,27.401032,30.5714285714286,112.0,,,,,388082,dengue
2010-10-31,201044,87.0,87,87,87,0.08957037,3.2382793,0,1,230440020104419589,2023-08-20,Fortaleza,0.0,0.82395464,2686612,24.8571428571429,84.7142857142857,0,0,0,70.9242257142857,52.8571428571429,27.2369615714286,30.4285714285714,66.0,,,,,388082,dengue
2010-10-24,201043,88.0,88,88,88,0.022619931,3.2755008,0,1,230440020104319589,2023-08-20,Fortaleza,0.0,0.75515616,2686612,24.5714285714286,85.4285714285714,0,0,0,72.2243014285714,55.0,26.9646634285714,30.0,67.0,,,,,388082,dengue
2010-10-17,201042,107.0,107,107,107,0.1995927,3.9827113,0,1,230440020104219589,2023-08-20,Fortaleza,0.0,0.8941536,2686612,24.2857142857143,87.2857142857143,1,0,0,73.6122442857143,54.5714285714286,26.8367342857143,30.0,91.0,,,,,388082,dengue
2010-10-10,201041,122.0,122,122,122,0.5145189,4.541035,0,1,230440020104119589,2023-08-20,Fortaleza,0.0,1.0046691,2686612,24.1428571428571,84.8571428571429,0,0,0,70.1683671428572,48.0,26.8214284285714,30.5714285714286,104.0,,,,,388082,dengue
2010-10-03,201040,128.0,128,128,128,0.3267514,4.7643647,0,1,230440020104019589,2023-08-20,Fortaleza,0.0,0.9462435,2686612,23.8571428571429,86.2857142857143,0,0,0,71.9950871428571,49.4285714285714,26.6086544285714,30.0,89.0,,,,,388082,dengue
2010-09-26,201039,104.0,104,104,104,0.00027751178,3.8710465,0,1,230440020103919589,2023-08-20,Fortaleza,0.0,0.650918,2686612,24.2857142857143,84.7142857142857,0,0,0,73.2997987142857,55.5714285714286,26.326109,29.2857142857143,65.0,,,,,388082,dengue
2010-09-19,201038,138.0,138,138,138,0.005972631,5.136581,0,1,230440020103819589,2023-08-20,Fortaleza,0.0,0.7545195,2686612,23.4285714285714,80.1428571428571,0,0,0,67.213061,44.2857142857143,26.4742857142857,30.0,78.0,,,,,388082,dengue
2010-09-12,201037,149.0,149,149,149,0.01179072,5.5460186,0,1,230440020103719589,2023-08-20,Fortaleza,0.0,0.781674,2686612,23.2857142857143,84.7142857142857,0,0,0,67.329932,42.1428571428571,26.3690478571429,30.1428571428571,114.0,,,,,388082,dengue
2010-09-05,201036,208.0,208,208,208,0.7273369,7.742093,0,1,230440020103619589,2023-08-20,Fortaleza,0.0,1.0619848,2686612,22.8571428571429,84.5714285714286,0,0,1,69.1734695714286,45.0,26.0306124285714,29.2857142857143,167.0,,,,,388082,dengue
2010-08-29,201035,188.0,188,188,188,0.14569154,6.997661,0,1,230440020103519589,2023-08-20,Fortaleza,0.0,0.899541,2686612,23.1428571428571,82.4285714285714,0,0,1,67.770409,45.7142857142857,26.3316324285714,29.7142857142857,146.0,,,,,388082,dengue
2010-08-22,201034,184.0,184,184,184,0.056048054,6.8487744,0,1,230440020103419589,2023-08-20,Fortaleza,0.0,0.8529746,2686612,23.2857142857143,83.0,0,0,1,71.5224871428571,51.0,26.3446711428571,30.0,122.0,,,,,388082,dengue
2010-08-15,201033,216.0,216,216,216,0.6556571,8.0398655,0,1,230440020103319589,2023-08-20,Fortaleza,0.0,1.039656,2686612,23.1428571428571,85.4285714285714,0,0,1,69.0069914285714,43.4285714285714,26.1995461428571,30.0,158.0,,,,,388082,dengue
2010-08-08,201032,232.0,232,232,232,0.92062306,8.635411,0,1,230440020103219589,2023-08-20,Fortaleza,0.0,1.1447849,2686612,22.7142857142857,85.5714285714286,0,0,1,66.493842,40.8571428571429,26.3075301428571,30.1428571428571,178.0,,,,,388082,dengue
2010-08-01,201031,207.0,207,207,207,0.50826687,7.704871,0,2,230440020103119589,2023-08-20,Fortaleza,0.0,1.0020381,2686612,23.1428571428571,87.8571428571429,1,0,1,69.7551028571429,45.8571428571429,26.3265305714286,30.0,154.0,,,,,388082,dengue
2010-07-25,201030,182.0,182,182,182,0.18633422,6.7743316,0,2,230440020103019589,2023-08-20,Fortaleza,0.0,0.91279346,2686612,23.0,87.2857142857143,1,0,1,70.3555651428571,48.5714285714286,26.4413568571429,30.1428571428571,140.0,,,,,388082,dengue
2010-07-18,201029,230.0,230,230,230,0.9932473,8.560968,0,3,230440020102919589,2023-08-20,Fortaleza,0.0,1.2771343,2686612,23.4285714285714,89.2857142857143,1,1,1,71.1730928571429,48.4285714285714,26.5691611428571,30.1428571428571,166.0,,,,,388082,dengue
2010-07-11,201028,203.0,203,203,203,0.9871949,7.555985,0,3,230440020102819589,2023-08-20,Fortaleza,0.0,1.2644881,2686612,23.7142857142857,93.5714285714286,1,1,1,77.3002371428571,54.2857142857143,26.4010605714286,29.8571428571429,158.0,,,,,388082,dengue
2010-07-04,201027,181.0,181,181,181,0.96062577,6.7371097,0,2,230440020102719589,2023-08-20,Fortaleza,0.0,1.213757,2686612,23.4285714285714,91.1428571428571,1,1,1,73.0428928571429,49.5714285714286,26.5874907142857,30.1428571428571,146.0,,,,,388082,dengue
2010-06-27,201026,157.0,157,157,157,0.7522196,5.8437915,0,2,230440020102619589,2023-08-20,Fortaleza,0.0,1.0814799,2686612,23.7142857142857,91.0,1,0,0,73.5517214285714,48.4285714285714,26.856966,30.4285714285714,109.0,,,,,388082,dengue
2010-06-20,201025,142.0,142,142,142,0.5120989,5.285467,0,2,230440020102519589,2023-08-20,Fortaleza,0.0,1.0036042,2686612,23.7142857142857,88.7142857142857,1,0,0,72.7091842857143,50.7142857142857,26.9580062857143,30.8571428571429,90.0,,,,,388082,dengue
2010-06-13,201024,151.0,151,151,151,0.87590235,5.620462,0,2,230440020102419589,2023-08-20,Fortaleza,0.0,1.1472125,2686612,24.0,91.8571428571429,1,0,0,75.07842,51.4285714285714,27.0496977142857,30.8571428571429,93.0,,,,,388082,dengue
2010-06-06,201023,139.0,139,139,139,0.94135433,5.1738024,0,2,230440020102319589,2023-08-20,Fortaleza,0.0,1.2177858,2686612,23.8571428571429,91.7142857142857,1,0,0,75.7492878571429,53.7142857142857,27.1001511428571,30.7142857142857,75.0,,,,,388082,dengue
2010-05-30,201022,148.0,148,148,148,0.9989444,5.508797,0,2,230440020102219589,2023-08-20,Fortaleza,0.0,1.4823667,2686612,23.7142857142857,96.5714285714286,1,0,0,81.552035,62.7142857142857,26.7562592857143,29.8571428571429,83.0,,,,,388082,dengue
2010-05-23,201021,103.0,103,103,103,0.8035333,3.8338249,0,2,230440020102119589,2023-08-20,Fortaleza,0.0,1.1303,2686612,25.0,94.2857142857143,1,0,0,80.2060721428571,60.8571428571429,27.5519065714286,30.2857142857143,63.0,,,,,388082,dengue
2010-05-16,201020,101.0,101,101,101,0.7281632,3.7593818,0,2,230440020102019589,2023-08-20,Fortaleza,0.0,1.0910587,2686612,24.7142857142857,92.1428571428571,1,0,0,75.9067657142857,57.1428571428571,27.5365005714286,30.7142857142857,54.0,,,,,388082,dengue
2010-05-09,201019,92.0,92,92,92,0.27296847,3.4243872,0,2,230440020101919589,2023-08-20,Fortaleza,0.0,0.91673994,2686612,24.5714285714286,94.2857142857143,1,0,0,80.3663307142857,59.5714285714286,27.3715108571429,30.7142857142857,41.0,,,,,388082,dengue
2010-05-02,201018,70.0,70,70,70,0.028921818,2.6055121,0,2,230440020101819589,2023-08-20,Fortaleza,0.0,0.743096,2686612,24.5714285714286,96.5714285714286,1,0,0,82.9056394285714,64.1428571428571,26.9864625714286,30.2857142857143,40.0,,,,,388082,dengue
2010-04-25,201017,131.0,131,131,131,0.99886197,4.87603,0,2,230440020101719589,2023-08-20,Fortaleza,0.0,1.518537,2686612,24.7142857142857,93.4285714285714,1,0,0,78.9452025714286,58.1428571428571,27.6732611428571,30.8571428571429,71.0,,,,,388082,dengue
2010-04-18,201016,91.0,91,91,91,0.4916618,3.3871658,0,2,230440020101619589,2023-08-20,Fortaleza,0.0,0.99691546,2686612,24.4285714285714,98.2857142857143,1,0,0,82.6127012857143,62.8571428571429,27.1846727142857,30.8571428571429,58.0,,,,,388082,dengue
2010-04-11,201015,69.0,69,69,69,0.01915227,2.5682905,0,2,230440020101519589,2023-08-20,Fortaleza,0.0,0.72297287,2686612,24.0,97.4285714285714,1,0,0,82.201265,57.8571428571429,27.0928271428571,30.5714285714286,54.0,,,,,388082,dengue
2010-04-04,201014,97.0,97,97,97,0.74310374,3.6104953,0,2,230440020101419589,2023-08-20,Fortaleza,0.0,1.1005543,2686612,25.2857142857143,94.8571428571429,1,0,0,80.5899828571429,63.4285714285714,27.851148,31.1428571428571,67.0,,,,,388082,dengue
2010-03-28,201013,107.0,107,107,107,0.979148,3.9827113,0,2,230440020101319589,2023-08-20,Fortaleza,0.0,1.349022,2686612,24.5714285714286,97.8571428571429,1,0,0,83.82199,64.5714285714286,27.4161825714286,30.4285714285714,58.0,,,,,388082,dengue
2010-03-21,201012,88.0,88,88,88,0.7031277,3.2755008,0,1,230440020101219589,2023-08-20,Fortaleza,0.0,1.0853217,2686612,23.2857142857143,98.4285714285714,1,0,0,84.0948048571429,61.7142857142857,26.4773658571429,30.0,62.0,,,,,388082,dengue
2010-03-14,201011,73.0,73,73,73,0.16835895,2.717177,0,1,230440020101119589,2023-08-20,Fortaleza,0.0,0.85842746,2686612,25.7142857142857,88.4285714285714,1,0,0,76.436402,57.0,27.943123,30.7142857142857,48.0,,,,,388082,dengue
2010-03-07,201010,69.0,69,69,69,0.23615254,2.5682905,0,1,230440020101019589,2023-08-20,Fortaleza,0.0,0.88829,2686612,26.2857142857143,84.0,0,0,0,72.0941057142857,55.0,28.6485267142857,31.4285714285714,46.0,,,,,388082,dengue
2010-02-28,201009,114.0,114,114,114,0.9993518,4.2432623,0,2,230440020100919589,2023-08-20,Fortaleza,0.0,1.6147505,2686612,25.8571428571429,88.4285714285714,1,0,0,74.8907785714286,55.8571428571429,28.3941797142857,31.1428571428571,56.0,,,,,388082,dengue
2010-02-21,201008,59.0,59,59,59,0.1254777,2.1960745,0,2,230440020100819589,2023-08-20,Fortaleza,0.0,0.8184033,2686612,25.7142857142857,89.0,1,0,0,76.5816328571429,57.0,28.2142858571429,31.2857142857143,33.0,,,,,388082,dengue
2010-02-14,201007,82.0,82,82,82,0.5779279,3.0521712,0,2,230440020100719589,2023-08-20,Fortaleza,0.0,1.0313421,2686612,24.8571428571429,90.5714285714286,1,0,0,78.5045721428571,62.0,27.5594648571429,30.7142857142857,45.0,,,,,388082,dengue
2010-02-07,201006,46.0,46,46,46,0.00213074,1.7121936,0,2,230440020100619589,2023-08-20,Fortaleza,0.0,0.59373987,2686612,25.0,92.0,1,0,0,78.3642871428572,61.0,27.4993198571429,30.7142857142857,24.0,,,,,388082,dengue
2010-01-31,201005,112.0,112,112,112,0.0,4.1688194,0,2,230440020100519589,2023-08-20,Fortaleza,0.0,0.0,2686612,25.5714285714286,89.0,1,0,0,74.5991678571429,55.8571428571429,28.1882842857143,31.2857142857143,35.0,,,,,388082,dengue
2010-01-24,201004,60.0,60,60,60,0.0,2.2332962,0,2,230440020100419589,2023-08-20,Fortaleza,0.0,0.0,2686612,24.5714285714286,92.0,1,0,0,78.3479991428571,60.7142857142857,27.3881711428571,30.7142857142857,22.0,,,,,388082,dengue
2010-01-17,201003,82.0,82,82,82,0.0,3.0521712,0,2,230440020100319589,2023-08-20,Fortaleza,0.0,0.0,2686612,24.7142857142857,90.4285714285714,1,0,0,75.2397957142857,54.8571428571429,27.5370371428571,30.7142857142857,41.0,,,,,388082,dengue
2010-01-10,201002,71.0,71,71,71,0.0,2.6427336,0,1,230440020100219589,2023-08-20,Fortaleza,0.0,0.0,2686612,25.0,88.1428571428571,1,0,0,75.68141,59.7142857142857,27.3066177142857,30.2857142857143,37.0,,,,,388082,dengue
2010-01-03,201001,63.0,63,63,63,0.0,2.344961,0,1,230440020100119589,2023-08-20,Fortaleza,0.0,0.0,2686612,24.4285714285714,90.5714285714286,1,0,0,77.7894557142857,60.7142857142857,26.7809525714286,29.4285714285714,31.0,,,,,388082,dengue
2024-02-11,202407,0.0,0,0,0,0.0,0.0,0,1,230440020240719779,2024-02-26,Fortaleza,0.0,0.0,2596157,27.6666666666667,85.5660295714286,0,0,0,84.7072082380952,83.9285498571429,27.8412698095238,28.0,,,,,,6548,zika
2024-02-04,202406,0.0,0,0,0,0.0,0.0,0,1,230440020240619779,2024-02-26,Fortaleza,0.0,0.0,2596157,29.0,79.05851,0,0,0,78.7140725,78.369635,29.0,29.0,,,,,,6548,zika
2024-01-28,202405,0.0,0,0,0,0.0,0.0,0,1,230440020240519779,2024-02-26,Fortaleza,0.0,0.0,2596157,28.8571428571429,76.4873237142857,0,0,0,75.5263371428571,74.5653514285714,28.9285714285714,29.0,,,,,,6548,zika
2024-01-21,202404,0.0,0,0,0,0.0,0.0,0,1,230440020240419779,2024-02-26,Fortaleza,0.0,0.0,2596157,28.7142857142857,77.746113,0,0,0,77.4180772857143,77.0900415714286,28.7142857142857,28.7142857142857,,,,,,6548,zika
2024-01-14,202403,0.0,0,0,0,0.0,0.0,0,1,230440020240319779,2024-02-26,Fortaleza,0.0,0.0,2596157,28.0,79.4069861,0,0,0,78.470939,77.5348935,28.0,28.0,,,,,,6548,zika
2024-01-07,202402,1.0,1,1,1,0.58240587,0.038518474,0,1,230440020240219779,2024-02-26,Fortaleza,0.0,1.2822105,2596157,28.1428571428571,78.319558,0,0,0,77.6537392857143,76.98792,28.2142857142857,28.2857142857143,,,,,,6548,zika
2023-12-31,202401,3.0,3,3,3,0.9872154,0.11555541,0,1,230440020240119779,2024-02-26,Fortaleza,0.0,18.521618,2596157,27.85,82.3107347,0,0,0,80.9860754,79.66141765,27.95,28.05,,,,,,6548,zika
2023-12-24,202352,0.0,0,0,0,0.0,0.0,0,1,230440020235219779,2024-02-26,Fortaleza,0.0,0.0,2596157,27.695652173913,82.5313637826087,0,0,0,79.9348277826087,76.7658870869565,28.1014493913043,28.695652173913,,,,,,6548,zika
2023-12-17,202351,0.0,0,0,0,0.0,0.0,0,1,230440020235119779,2024-02-26,Fortaleza,0.0,0.0,2596157,27.5217391304348,80.892031173913,0,0,0,79.0631762173913,76.5488045652174,27.9782608695652,28.3913043478261,,,,,,6548,zika
2023-12-10,202350,0.0,0,0,0,0.0,0.0,0,1,230440020235019779,2024-02-26,Fortaleza,0.0,0.0,2596157,27.0645161290323,83.9642276774194,0,0,0,76.0383689032258,67.6265021935484,27.9193545806452,29.5161290322581,,,,,,6548,zika
2023-12-03,202349,0.0,0,0,0,0.0,0.0,0,1,230440020234919779,2024-02-26,Fortaleza,0.0,0.0,2596157,26.5,86.217953,0,0,0,73.7726225,55.4432235,28.4027775,31.5,,,,,,6548,zika
2023-11-26,202348,0.0,0,0,0,0.0,0.0,0,1,230440020234819779,2024-02-26,Fortaleza,0.0,0.0,2596157,,84.1226642051282,0,0,0,,,,,,,,,,6548,zika
2023-11-19,202347,0.0,0,0,0,0.0,0.0,0,1,230440020234719779,2024-02-26,Fortaleza,0.0,0.0,2596157,,82.0273754102564,0,0,0,,,,,,,,,,6548,zika
2023-11-12,202346,0.0,0,0,0,0.0,0.0,0,1,230440020234619779,2024-02-26,Fortaleza,0.0,0.0,2596157,27.1538461538462,79.9320866153846,0,0,0,79.0226472307692,78.1132072307692,27.2307692307692,27.3076923076923,,,,,,6548,zika
2023-11-05,202345,0.0,0,0,0,0.0,0.0,0,1,230440020234519779,2024-02-26,Fortaleza,0.0,0.0,2596157,27.45,76.6239886,0,0,0,73.5166318,69.8653814,27.8,28.45,,,,,,6548,zika
2023-10-29,202344,0.0,0,0,0,0.0,0.0,0,1,230440020234419779,2024-02-26,Fortaleza,0.0,0.0,2596157,27.0,80.5732996521739,0,0,0,77.1097173913043,71.139631826087,27.5072462608696,28.1739130434783,,,,,,6548,zika
2023-10-22,202343,0.0,0,0,0,0.0,0.0,0,1,230440020234319779,2024-02-26,Fortaleza,0.0,0.0,2596157,26.3809523809524,80.6325348571429,0,0,0,77.9251724761905,73.8962372380952,27.0158731428571,27.952380952381,,,,,,6548,zika
2023-10-15,202342,0.0,0,0,0,0.0,0.0,0,1,230440020234219779,2024-02-26,Fortaleza,0.0,0.0,2596157,26.8636363636364,78.1819825454545,0,0,0,76.6320772727273,74.1583676818182,27.1193181818182,27.5454545454545,,,,,,6548,zika
2023-10-08,202341,0.0,0,0,0,0.0,0.0,0,1,230440020234119779,2024-02-26,Fortaleza,0.0,0.0,2596157,26.85,81.0615872,0,0,0,78.1533698,74.66274265,27.1937499,27.6,,,,,,6548,zika
2023-10-01,202340,0.0,0,0,0,0.0,0.0,0,1,230440020234019779,2024-02-26,Fortaleza,0.0,0.0,2596157,26.7619047619048,78.8034097142857,0,0,0,76.2990587619048,72.1369444761905,27.1250000952381,27.7142857142857,,,,,,6548,zika
2023-09-24,202339,0.0,0,0,0,0.0,0.0,0,1,230440020233919779,2024-02-26,Fortaleza,0.0,0.0,2596157,26.2777777777778,82.9625766666667,0,0,0,78.7471374444444,72.4752378888889,26.9166666666667,27.9444444444444,,,,,,6548,zika
2023-09-17,202338,0.0,0,0,0,0.0,0.0,0,1,230440020233819779,2024-02-26,Fortaleza,0.0,0.0,2596157,26.7272727272727,80.7837232727273,0,0,0,79.001807,76.0028098181818,27.1420453636364,27.6818181818182,,,,,,6548,zika
2023-09-10,202337,0.0,0,0,0,0.0,0.0,0,1,230440020233719779,2024-02-26,Fortaleza,0.0,0.0,2596157,26.0,83.730138,0,0,0,76.4591905,66.929103,27.333333,29.0,,,,,,6548,zika
2023-09-03,202336,0.0,0,0,0,0.0,0.0,0,1,230440020233619779,2024-02-26,Fortaleza,0.0,0.0,2596157,,82.4927825,0,0,0,,,,,,,,,,6548,zika
2023-08-27,202335,0.0,0,0,0,0.0,0.0,0,1,230440020233519779,2024-02-26,Fortaleza,0.0,0.0,2596157,,81.255427,0,0,0,,,,,,,,,,6548,zika
2023-08-20,202334,0.0,0,0,0,0.0,0.0,0,1,230440020233419779,2024-02-26,Fortaleza,0.0,0.0,2596157,,80.0180715,0,0,0,,,,,,,,,,6548,zika
2023-08-13,202333,0.0,0,0,0,0.0,0.0,0,1,230440020233319779,2024-02-26,Fortaleza,0.0,0.0,2596157,27.0,78.780716,0,0,0,77.619848,76.458978,27.0,27.0,,,,,,6548,zika
2023-08-06,202332,0.0,0,0,0,0.0,0.0,0,1,230440020233219779,2024-02-26,Fortaleza,0.0,0.0,2596157,26.5714285714286,80.9098614285714,0,0,0,79.1021711428571,77.4540085714286,26.7755102857143,27.0,,,,,,6548,zika
2023-07-30,202331,3.0,3,3,3,0.1398801,0.11555541,0,1,230440020233119779,2024-02-26,Fortaleza,0.0,0.49419752,2596157,26.7619047619048,80.1636974285714,0,0,0,79.0303149047619,77.7112356190476,26.914966,27.0,,,,,,6548,zika
2023-07-23,202330,9.0,9,9,9,0.82980835,0.34666625,0,1,230440020233019779,2024-02-26,Fortaleza,0.0,1.6382614,2596157,26.5714285714286,81.5307345714286,0,0,0,80.2562521428571,78.8008808571429,26.7448978571429,26.8571428571429,,,,,,6548,zika
2023-07-16,202329,5.0,5,5,5,0.51775384,0.19259235,0,1,230440020232919779,2024-02-26,Fortaleza,0.0,1.0275378,2596157,26.7368421052632,80.6196253157895,0,0,0,79.0519075263158,77.3282650526316,26.9511278947368,27.1052631578947,,,,,,6548,zika
2023-07-09,202328,6.0,6,6,6,0.62191325,0.23111083,0,1,230440020232819779,2024-02-26,Fortaleza,0.0,1.1978292,2596157,26.7368421052632,82.5038213684211,0,0,0,79.3058687368421,76.6193214736842,26.9248120526316,27.0,,,,,,6548,zika
2023-07-02,202327,5.0,5,5,5,0.29678008,0.19259235,0,1,230440020232719779,2024-02-26,Fortaleza,0.0,0.7393909,2596157,26.35,86.2808227,0,0,0,83.0783313,79.5610931,26.675,27.0,,,,,,6548,zika
2023-06-25,202326,3.0,3,3,3,0.04328709,0.11555541,0,1,230440020232619779,2024-02-26,Fortaleza,0.0,0.35465875,2596157,26.2105263157895,83.4131688421053,0,0,0,81.7296067368421,80.0558203157895,26.4999998947368,26.7368421052632,,,,,,6548,zika
2023-06-18,202325,7.0,7,7,7,0.4029725,0.2696293,0,1,230440020232519779,2024-02-26,Fortaleza,0.0,0.88357514,2596157,26.8421052631579,83.7576492105263,0,0,0,83.1661505789474,82.7415512105263,26.9122806315789,27.0526315789474,,,,,,6548,zika
2023-06-11,202324,10.0,10,10,10,0.83181465,0.3851847,0,1,230440020232419779,2024-02-26,Fortaleza,0.0,1.6017376,2596157,27.0526315789474,83.463951,0,0,0,82.4733617894737,81.6622182105263,27.2017543157895,27.3157894736842,,,,,,6548,zika
2023-06-04,202323,10.0,10,10,10,0.8510134,0.3851847,0,1,230440020232319779,2024-02-26,Fortaleza,0.0,1.6743085,2596157,27.45,82.3061753,0,0,0,80.58808625,79.37500175,27.6500001,27.75,,,,,,6548,zika
2023-05-28,202322,3.0,3,3,3,0.13772176,0.11555541,0,1,230440020232219779,2024-02-26,Fortaleza,0.0,0.49149367,2596157,27.4090909090909,84.7404584545455,0,0,0,83.4187548181818,82.4098184545455,27.4772727272727,27.5454545454545,,,,,,6548,zika
2023-05-21,202321,7.0,7,7,7,0.5248502,0.2696293,0,1,230440020232119779,2024-02-26,Fortaleza,0.0,1.0331191,2596157,25.5714285714286,91.8974085714286,1,0,0,82.9635585714286,72.0462855714286,27.5059522857143,29.5714285714286,,,,,,6548,zika
2023-05-14,202320,7.0,7,7,7,0.3718142,0.2696293,0,1,230440020232019779,2024-02-26,Fortaleza,0.0,0.8493685,2596157,26.76,88.68801024,1,0,0,82.12363944,74.66627164,27.94,29.12,,,,,,6548,zika
2023-05-07,202319,3.0,3,3,3,0.04273252,0.11555541,0,1,230440020231919779,2024-02-26,Fortaleza,0.0,0.35360897,2596157,27.4,84.7532768,0,0,0,80.4507546,74.7840691,28.0,29.0,,,,,,6548,zika
2023-04-30,202318,13.0,13,13,13,0.7771287,0.5007401,0,1,230440020231819779,2024-02-26,Fortaleza,0.0,1.3740829,2596157,27.1,86.5953904,0,0,0,85.6935366,85.5005954,27.2333332,27.3,,,,,,6548,zika
2023-04-23,202317,6.0,6,6,6,0.110702135,0.23111083,0,2,230440020231719779,2024-02-26,Fortaleza,0.0,0.55254614,2596157,25.1428571428571,93.5346714285714,1,0,0,81.4073677142857,67.7129744285714,27.2559525714286,30.2857142857143,,,,,,6548,zika
2023-04-16,202316,8.0,8,8,8,0.2723373,0.3081478,0,2,230440020231619779,2024-02-26,Fortaleza,0.0,0.7585794,2596157,25.2857142857143,94.2747964285714,1,0,0,82.1057221428571,66.4866514285714,27.7678571428571,30.5714285714286,,,,,,6548,zika
2023-04-09,202315,15.0,15,15,15,0.87579304,0.5777771,0,2,230440020231519779,2024-02-26,Fortaleza,0.0,1.5923786,2596157,24.4285714285714,95.0448171428571,1,0,0,84.8817374285714,69.1412817142857,26.7797617142857,30.1428571428571,,,,,,6548,zika
2023-04-02,202314,8.0,8,8,8,0.5340993,0.3081478,0,2,230440020231419779,2024-02-26,Fortaleza,0.0,1.0429996,2596157,24.1428571428571,96.6925528571429,1,0,0,87.0079291428571,69.7779632857143,26.2976191428571,29.5714285714286,,,,,,6548,zika
2023-03-26,202313,12.0,12,12,12,0.8097765,0.46222165,0,2,230440020231319779,2024-02-26,Fortaleza,0.0,1.4712759,2596157,25.4583333333333,91.7764849166667,1,0,0,86.9498855,80.2670434166667,26.2881945,27.375,,,,,,6548,zika
2023-03-19,202312,7.0,7,7,7,0.18488947,0.2696293,0,1,230440020231219779,2024-02-26,Fortaleza,0.0,0.65625286,2596157,24.2307692307692,94.21723,1,0,0,81.7898036153846,67.3970634615385,26.8653849230769,29.8461538461538,,,,,,6548,zika
2023-03-12,202311,2.0,2,2,2,0.005052805,0.07703695,0,1,230440020231119779,2024-02-26,Fortaleza,0.0,0.19526426,2596157,26.1818181818182,89.9016550909091,1,0,0,88.4880111818182,87.0743696818182,26.3181818181818,26.4545454545455,,,,,,6548,zika
2023-03-05,202310,19.0,19,19,19,0.9729674,0.731851,0,1,230440020231019779,2024-02-26,Fortaleza,0.0,2.0964608,2596157,27.7,82.33815965,0,0,0,81.3592934,80.3804283,27.85,28.0,,,,,,6548,zika
2023-02-26,202309,7.0,7,7,7,0.384074,0.2696293,0,1,230440020230919779,2024-02-26,Fortaleza,0.0,0.862688,2596157,26.9130434782609,85.0126223478261,0,0,0,83.7531966956522,82.5229054782609,27.0289853913043,27.2608695652174,,,,,,6548,zika
2023-02-19,202308,9.0,9,9,9,0.7961419,0.34666625,0,1,230440020230819779,2024-02-26,Fortaleza,0.0,1.524121,2596157,25.2916666666667,91.3647552083333,1,0,0,82.8142120416667,71.8143407916667,27.0225694166667,29.375,,,,,,6548,zika
2023-02-12,202307,10.0,10,10,10,0.9704377,0.3851847,0,1,230440020230719779,2024-02-26,Fortaleza,0.0,2.8951335,2596157,27.2,84.4666862,0,0,0,83.6242122,82.7817414,27.2,27.2,,,,,,6548,zika
2023-02-05,202306,6.0,6,6,6,0.89433193,0.2233296,0,1,230440020230619759,2024-02-06,Fortaleza,0.0,2.330059,2686612,27.5714285714286,80.2949991428571,0,0,0,79.9473411428571,79.5996832857143,27.5714285714286,27.5714285714286,,,,,,6548,zika
2023-01-29,202305,2.0,2,2,2,0.29634547,0.0744432,0,1,230440020230519759,2024-02-06,Fortaleza,0.0,0.64367193,2686612,26.5714285714286,84.5405547142857,0,0,0,80.2642725714286,75.7676025714286,27.4464285714286,28.2857142857143,,,,,,6548,zika
2023-01-22,202304,2.0,2,2,2,0.16815844,0.0744432,0,1,230440020230419718,2023-12-27,Fortaleza,0.0,0.47554496,2686612,26.7142857142857,83.075269,0,0,0,83.075269,83.075269,26.7142857142857,26.7142857142857,,,,,,6548,zika
2023-01-15,202303,3.0,3,3,3,0.22812176,0.1116648,0,1,230440020230319718,2023-12-27,Fortaleza,0.0,0.60190123,2686612,26.7142857142857,82.3323757142857,0,0,0,82.3323757142857,82.3323757142857,26.7142857142857,26.7142857142857,,,,,,6548,zika
2023-01-08,202302,4.0,4,4,4,0.47500065,0.1488864,0,1,230440020230219718,2023-12-27,Fortaleza,0.0,0.9591777,2686612,26.5714285714286,85.1289542857143,0,0,0,76.3165211428571,65.4517624285714,27.9583334285714,30.1428571428571,,,,,,6548,zika
2023-01-01,202301,6.0,6,6,6,0.9173616,0.2233296,0,1,230440020230119718,2023-12-27,Fortaleza,0.0,2.6230857,2686612,26.0,85.1160938571429,0,0,0,74.4659814285714,62.0516348571429,28.1190474285714,30.7142857142857,,,,,,6548,zika
2022-12-25,202252,6.0,6,6,6,0.96624273,0.2233296,0,1,230440020225219718,2023-12-27,Fortaleza,0.0,4.0484657,2686612,25.3333333333333,83.490202,0,0,0,75.6661633333333,68.9519556666667,26.8050506666667,28.0,,,,,,6548,zika
2022-12-18,202251,0.0,0,0,0,0.0,0.0,0,1,230440020225119718,2023-12-27,Fortaleza,0.0,0.0,2686612,25.5,81.173031,0,0,0,72.909875,58.690465,27.5625,30.5,,,,,,6548,zika
2022-12-11,202250,2.0,2,2,2,0.122801036,0.0744432,0,1,230440020225019718,2023-12-27,Fortaleza,0.0,0.41764536,2686612,26.3333333333333,82.0990931666667,0,0,0,73.1809623333333,60.7857986666667,28.017045,30.3333333333333,,,,,,6548,zika
2022-12-04,202249,0.0,0,0,0,0.0,0.0,0,1,230440020224919617,2023-09-17,Fortaleza,0.0,0.0,2686612,25.7142857142857,85.8540868571429,0,0,0,73.16359,57.8666952857143,27.8820348571429,31.0,,,,,,6548,zika
2022-11-27,202248,6.0,6,6,6,0.44629195,0.2233296,0,1,230440020224819617,2023-09-17,Fortaleza,0.0,0.92867273,2686612,26.2857142857143,81.5147902857143,0,0,0,72.4192072857143,59.4643968571429,27.770238,30.2857142857143,,,,,,6548,zika
2022-11-20,202247,8.0,8,8,8,0.6961469,0.2977728,0,1,230440020224719617,2023-09-17,Fortaleza,0.0,1.3050863,2686612,26.1428571428571,81.5417505714286,0,0,0,72.6957478571429,60.5606511428571,27.700397,29.8571428571429,,,,,,6548,zika
2022-11-13,202246,6.0,6,6,6,0.48211253,0.2233296,0,1,230440020224619617,2023-09-17,Fortaleza,0.0,0.9754449,2686612,25.8571428571429,82.3532862857143,0,0,0,73.3746991428571,63.7348662857143,27.5571428571429,29.2857142857143,,,,,,6548,zika
2022-11-06,202245,6.0,6,6,6,0.500116,0.2233296,0,1,230440020224519617,2023-09-17,Fortaleza,0.0,1.0001621,2686612,25.7142857142857,85.8298442857143,0,0,0,74.3288985714286,62.1810008571429,27.5487011428571,30.2857142857143,,,,,,6548,zika
2022-10-30,202244,6.0,6,6,6,0.6169711,0.2233296,0,1,230440020224419617,2023-09-17,Fortaleza,0.0,1.1884556,2686612,25.2857142857143,85.8723248571429,0,0,0,73.2638652857143,57.4400791428571,27.8417917142857,30.8571428571429,,,,,,6548,zika
2022-10-23,202243,7.0,7,7,7,0.86224294,0.2605512,0,1,230440020224319617,2023-09-17,Fortaleza,0.0,1.9339823,2686612,25.8571428571429,82.8818274285714,0,0,0,73.2093607142857,61.2658278571429,27.7103177142857,29.8571428571429,,,,,,6548,zika
2022-10-16,202242,5.0,5,5,5,0.8025529,0.18610801,0,1,230440020224219617,2023-09-17,Fortaleza,0.0,1.8032779,2686612,25.4285714285714,83.7179377142857,0,0,0,71.4639482857143,54.146758,27.6604557142857,30.5714285714286,,,,,,6548,zika
2022-10-09,202241,4.0,4,4,4,0.535856,0.1488864,0,1,230440020224119617,2023-09-17,Fortaleza,0.0,1.0631247,2686612,25.8571428571429,80.8942994285714,0,0,0,70.853955,52.618701,27.9583334285714,31.2857142857143,,,,,,6548,zika
2022-10-02,202240,1.0,1,1,1,0.019012552,0.0372216,0,1,230440020224019617,2023-09-17,Fortaleza,0.0,0.17491986,2686612,25.2857142857143,85.8972531428571,0,0,0,72.6827,56.107463,27.4350645714286,30.4285714285714,,,,,,6548,zika
2022-09-25,202239,3.0,3,3,3,0.09743382,0.1116648,0,1,230440020223919617,2023-09-17,Fortaleza,0.0,0.43906307,2686612,25.4285714285714,82.2562502857143,0,0,0,72.4194042857143,58.222506,27.2115388571429,29.8571428571429,,,,,,6548,zika
2022-09-18,202238,7.0,7,7,7,0.53744256,0.2605512,0,1,230440020223819617,2023-09-17,Fortaleza,0.0,1.0505639,2686612,25.4285714285714,84.2857822857143,0,0,0,74.8755998571429,61.2212342857143,27.0141774285714,29.4285714285714,,,,,,6548,zika
2022-09-11,202237,7.0,7,7,7,0.58093077,0.2605512,0,1,230440020223719617,2023-09-17,Fortaleza,0.0,1.1148345,2686612,25.0,85.856362,0,0,0,75.6241244285714,64.4444011428571,26.6527777142857,28.5714285714286,,,,,,6548,zika
2022-09-04,202236,8.0,8,8,8,0.55608374,0.2977728,0,1,230440020223619617,2023-09-17,Fortaleza,0.0,1.072343,2686612,24.5714285714286,80.8026988571429,0,0,0,65.8117125714286,44.8360584285714,27.345238,31.1428571428571,,,,,,6548,zika
2022-08-28,202235,4.0,4,4,4,0.085370384,0.1488864,0,1,230440020223519617,2023-09-17,Fortaleza,0.0,0.46247834,2686612,24.1428571428571,82.1782514285714,0,0,0,71.8595151428571,55.802585,26.5693725714286,29.4285714285714,,,,,,6548,zika
2022-08-21,202234,7.0,7,7,7,0.39063105,0.2605512,0,1,230440020223419617,2023-09-17,Fortaleza,0.0,0.8698839,2686612,24.0,84.2740011428571,0,0,0,71.6180652857143,50.9563738571429,26.7069598571429,30.1428571428571,,,,,,6548,zika
2022-08-14,202233,12.0,12,12,12,0.8900528,0.4466592,0,1,230440020223319594,2023-08-25,Fortaleza,0.0,1.7568731,2686612,23.2857142857143,82.7117668571429,0,0,0,70.1304648571429,50.9580555714286,26.3239011428571,29.5714285714286,,,,,,6548,zika
2022-08-07,202232,6.0,6,6,6,0.5177578,0.2233296,0,1,230440020223219589,2023-08-20,Fortaleza,0.0,1.0252831,2686612,24.2857142857143,87.246134,1,0,0,74.9370078571429,58.164465,26.9285714285714,30.0,,,,,,6548,zika
2022-07-31,202231,9.0,9,9,9,0.7611405,0.3349944,0,1,230440020223119589,2023-08-20,Fortaleza,0.0,1.4273542,2686612,24.0,90.3805802857143,1,0,0,80.18555,65.4887371428571,26.0837304285714,28.8571428571429,,,,,,6548,zika
2022-07-24,202230,3.0,3,3,3,0.08853302,0.1116648,0,1,230440020223019589,2023-08-20,Fortaleza,0.0,0.42673153,2686612,24.4285714285714,86.5652922857143,0,0,0,73.802012,54.6859028571429,26.9189775714286,30.2857142857143,,,,,,6548,zika
2022-07-17,202229,7.0,7,7,7,0.45122933,0.2605512,0,2,230440020222919589,2023-08-20,Fortaleza,0.0,0.93927526,2686612,24.1428571428571,90.3184265714286,1,0,0,76.401962,62.2905298571429,26.5103175714286,29.2857142857143,,,,,,6548,zika
2022-07-10,202228,8.0,8,8,8,0.4745214,0.2977728,0,2,230440020222819589,2023-08-20,Fortaleza,0.0,0.9695711,2686612,24.5714285714286,87.9260408571429,1,0,0,77.2674492857143,61.162032,26.5952382857143,29.2857142857143,,,,,,6548,zika
2022-07-03,202227,6.0,6,6,6,0.25742978,0.2233296,0,2,230440020222719589,2023-08-20,Fortaleza,0.0,0.71482307,2686612,22.8571428571429,93.41572,1,0,0,80.60768,65.0953854285714,25.5698054285714,28.5714285714286,,,,,,6548,zika
2022-06-26,202226,9.0,9,9,9,0.605907,0.3349944,0,2,230440020222619589,2023-08-20,Fortaleza,0.0,1.1360449,2686612,24.4285714285714,93.4826185714286,1,0,0,78.6128784285714,60.8960234285714,26.8571428571429,30.1428571428571,,,,,,6548,zika
2022-06-19,202225,10.0,10,10,10,0.54408216,0.37221602,0,2,230440020222519589,2023-08-20,Fortaleza,0.0,1.050288,2686612,24.0,92.5980342857143,1,0,0,80.5667957142857,66.0244368571429,26.1071431428571,28.7142857142857,,,,,,6548,zika
2022-06-12,202224,6.0,6,6,6,0.0445663,0.2233296,0,2,230440020222419589,2023-08-20,Fortaleza,0.0,0.45495835,2686612,24.5714285714286,88.0238194285714,1,0,0,76.6857224285714,61.453564,26.7678568571429,29.7142857142857,,,,,,6548,zika
2022-06-05,202223,7.0,7,7,7,0.01772802,0.2605512,0,2,230440020222319589,2023-08-20,Fortaleza,0.0,0.41302922,2686612,23.7142857142857,94.2327514285714,1,0,0,86.3264035714286,73.5189848571429,25.6736392857143,28.1428571428571,,,,,,6548,zika
2022-05-29,202222,16.0,16,16,16,0.2388137,0.5955456,0,2,230440020222219589,2023-08-20,Fortaleza,0.0,0.79130906,2686612,23.8571428571429,95.8567092857143,1,0,0,86.2912812857143,70.1319608571429,26.062925,29.1428571428571,,,,,,6548,zika
2022-05-22,202221,14.0,14,14,14,0.14661312,0.5211024,0,2,230440020222119589,2023-08-20,Fortaleza,0.0,0.6985799,2686612,23.4285714285714,96.6745242857143,1,0,0,84.0637298571429,65.6281137142857,26.1179651428571,29.8571428571429,,,,,,6548,zika
2022-05-15,202220,24.0,24,24,24,0.8671781,0.8933184,0,2,230440020222019589,2023-08-20,Fortaleza,0.0,1.4146043,2686612,25.2857142857143,94.2269371428571,1,0,0,82.3192214285714,66.8579342857143,27.6428571428571,30.4285714285714,,,,,,6548,zika
2022-05-08,202219,23.0,23,23,23,0.9246689,0.8560968,0,2,230440020221919589,2023-08-20,Fortaleza,0.0,1.6022199,2686612,24.1428571428571,95.0388292857143,1,0,0,86.003804,74.5844617142857,26.2358057142857,28.7142857142857,,,,,,6548,zika
2022-05-01,202218,14.0,14,14,14,0.62681234,0.5211024,0,2,230440020221819589,2023-08-20,Fortaleza,0.0,1.1321374,2686612,24.7142857142857,91.940758,1,0,0,81.9068878571428,67.6607372857143,27.195346,29.8571428571429,,,,,,6548,zika
2022-04-24,202217,16.0,16,16,16,0.8424103,0.5955456,0,2,230440020221719589,2023-08-20,Fortaleza,0.0,1.4694064,2686612,24.4285714285714,92.7144071428571,1,0,0,81.29799,65.4715802857143,27.2278142857143,30.4285714285714,,,,,,6548,zika
2022-04-17,202216,11.0,11,11,11,0.5149544,0.4094376,0,2,230440020221619589,2023-08-20,Fortaleza,0.0,1.0158703,2686612,24.5714285714286,95.88652,1,0,0,84.2459612857143,71.2063958571429,27.1837474285714,30.0,,,,,,6548,zika
2022-04-10,202215,12.0,12,12,12,0.4393304,0.4466592,0,2,230440020221519589,2023-08-20,Fortaleza,0.0,0.94142246,2686612,25.1428571428571,94.2568328571429,1,0,0,81.9017677142857,67.1763677142857,27.5392857142857,30.4285714285714,,,,,,6548,zika
2022-04-03,202214,7.0,7,7,7,0.08547042,0.2605512,0,2,230440020221419589,2023-08-20,Fortaleza,0.0,0.5410978,2686612,24.4285714285714,96.6985407142857,1,0,0,87.8782357142857,74.53404,26.3190474285714,29.0,,,,,,6548,zika
2022-03-27,202213,15.0,15,15,15,0.87706935,0.55832404,0,2,230440020221319589,2023-08-20,Fortaleza,0.0,1.596908,2686612,23.5714285714286,99.1701442857143,1,0,0,88.2442544285714,73.6933582857143,26.0214171428571,28.8571428571429,,,,,,6548,zika
2022-03-20,202212,16.0,16,16,16,0.99215823,0.5955456,0,2,230440020221219589,2023-08-20,Fortaleza,0.0,3.0028412,2686612,24.1428571428571,96.686565,1,0,0,85.248446,70.9489978571429,26.693877,29.7142857142857,,,,,,6548,zika
2022-03-13,202211,10.0,10,10,10,0.9558427,0.37221602,0,2,230440020221119589,2023-08-20,Fortaleza,0.0,2.5365973,2686612,24.0,97.5164207142857,1,0,0,87.4729358571429,75.7044831428571,26.2566325714286,28.5714285714286,,,,,,6548,zika
2022-03-06,202210,2.0,2,2,2,0.2283358,0.0744432,0,2,230440020221019589,2023-08-20,Fortaleza,0.0,0.552211,2686612,24.2857142857143,96.686565,1,0,0,82.9120492857143,69.1081985714286,26.940476,29.8571428571429,,,,,,6548,zika
2022-02-27,202209,4.0,4,4,4,0.71589154,0.1488864,0,2,230440020220919589,2023-08-20,Fortaleza,0.0,1.5222727,2686612,26.0,88.1099731428571,1,0,0,77.1288762857143,64.1643,28.1726194285714,30.7142857142857,,,,,,6548,zika
2022-02-20,202208,5.0,5,5,5,0.9024617,0.18610801,0,1,230440020220819589,2023-08-20,Fortaleza,0.0,2.6607723,2686612,25.7142857142857,89.6409652857143,1,0,0,76.8640301428571,63.1198384285714,28.1190477142857,30.7142857142857,,,,,,6548,zika
2022-02-13,202207,2.0,2,2,2,0.6036369,0.0744432,0,1,230440020220719589,2023-08-20,Fortaleza,0.0,1.2818797,2686612,25.2857142857143,91.3158715714286,1,0,0,76.1162858571429,64.1128785714286,27.9960317142857,30.2857142857143,,,,,,6548,zika
2022-02-06,202206,1.0,1,1,1,0.51895887,0.0372216,0,1,230440020220619589,2023-08-20,Fortaleza,0.0,1.0567385,2686612,26.5714285714286,81.7312088571429,0,0,0,74.2721975714286,63.0965094285714,28.2619048571429,30.5714285714286,,,,,,6548,zika
2022-01-30,202205,3.0,3,3,3,0.88471735,0.1116648,0,1,230440020220519589,2023-08-20,Fortaleza,0.0,3.1851325,2686612,25.2857142857143,91.1421565714286,1,0,0,78.4306784285714,64.2628032857143,28.0178574285714,30.7142857142857,,,,,,6548,zika
2022-01-23,202204,0.0,0,0,0,0.0,0.0,0,1,230440020220419589,2023-08-20,Fortaleza,0.0,0.0,2686612,24.2857142857143,88.9429611428571,0,0,0,80.0923502857143,69.8361392857143,26.6170635714286,29.0,,,,,,6548,zika
2022-01-16,202203,0.0,0,0,0,0.0,0.0,0,1,230440020220319589,2023-08-20,Fortaleza,0.0,0.0,2686612,25.5714285714286,88.9226528571429,0,0,0,80.8500647142857,68.2217762857143,27.477241,29.8571428571429,,,,,,6548,zika
2022-01-09,202202,3.0,3,3,3,0.96201503,0.1116648,0,1,230440020220219589,2023-08-20,Fortaleza,0.0,7.426779,2686612,25.1428571428571,90.4648331428571,1,0,0,77.9770842857143,62.5360528571429,27.5416668571429,30.4285714285714,,,,,,6548,zika
2022-01-02,202201,1.0,1,1,1,0.9632679,0.0372216,0,1,230440020220119589,2023-08-20,Fortaleza,0.0,18.521618,2686612,25.0,91.9069408571429,1,0,0,80.3651507142857,67.0270498571429,27.3317805714286,29.8571428571429,,,,,,6548,zika
2021-12-26,202152,0.0,0,0,0,0.0,0.0,0,1,230440020215219589,2023-08-20,Fortaleza,0.0,0.0,2686612,26.4285714285714,87.4063068571429,0,0,0,77.3717134285714,65.1923567142857,28.3493791428571,30.5714285714286,,,,,,6548,zika
2021-12-19,202151,0.0,0,0,0,0.0,0.0,0,1,230440020215119589,2023-08-20,Fortaleza,0.0,0.0,2686612,27.0,81.6184385714286,0,0,0,71.8688857142857,58.4685042857143,28.8289337142857,31.5714285714286,,,,,,6548,zika
2021-12-12,202150,0.0,0,0,0,0.0,0.0,0,1,230440020215019589,2023-08-20,Fortaleza,0.0,0.0,2686612,26.8571428571429,83.1581538571429,0,0,0,70.8612062857143,58.4447698571429,29.0499482857143,31.8571428571429,,,,,,6548,zika
2021-12-05,202149,0.0,0,0,0,0.0,0.0,0,1,230440020214919589,2023-08-20,Fortaleza,0.0,0.0,2686612,26.2857142857143,85.9574225714286,0,0,0,72.8824901428572,57.5163881428571,28.7424948571429,31.8571428571429,,,,,,6548,zika
2021-11-28,202148,0.0,0,0,0,0.0,0.0,0,1,230440020214819589,2023-08-20,Fortaleza,0.0,0.0,2686612,26.8571428571429,82.3019571428571,0,0,0,72.2541341428571,57.0160092857143,28.97412,32.0,,,,,,6548,zika
2021-11-21,202147,0.0,0,0,0,0.0,0.0,0,1,230440020214719589,2023-08-20,Fortaleza,0.0,0.0,2686612,26.7142857142857,82.9615488571429,0,0,0,71.9569682857143,58.4156958571429,28.7884434285714,31.5714285714286,,,,,,6548,zika
2021-11-14,202146,0.0,0,0,0,0.0,0.0,0,1,230440020214619589,2023-08-20,Fortaleza,0.0,0.0,2686612,26.7142857142857,81.7113822857143,0,0,0,69.6920007142857,54.1964544285714,28.8069357142857,32.0,,,,,,6548,zika
2021-11-07,202145,0.0,0,0,0,0.0,0.0,0,1,230440020214519589,2023-08-20,Fortaleza,0.0,0.0,2686612,26.4285714285714,81.7812182857143,0,0,0,70.8869722857143,56.0058554285714,28.6407862857143,31.5714285714286,,,,,,6548,zika
2021-10-31,202144,0.0,0,0,0,0.0,0.0,0,1,230440020214419589,2023-08-20,Fortaleza,0.0,0.0,2686612,26.0,86.6150177142857,0,0,0,74.2117642857143,59.4237455714286,28.2093685714286,31.1428571428571,,,,,,6548,zika
2021-10-24,202143,1.0,1,1,1,0.4511757,0.0372216,0,1,230440020214319589,2023-08-20,Fortaleza,0.0,0.870899,2686612,25.7142857142857,82.3228897142857,0,0,0,69.259558,52.7907497142857,28.338768,31.2857142857143,,,,,,6548,zika
2021-10-17,202142,0.0,0,0,0,0.0,0.0,0,1,230440020214219589,2023-08-20,Fortaleza,0.0,0.0,2686612,26.5714285714286,83.7234278571429,0,0,0,72.1072958571429,57.3986188571429,28.4940477142857,31.5714285714286,,,,,,6548,zika
2021-10-10,202141,2.0,2,2,2,0.7740582,0.0744432,0,1,230440020214119589,2023-08-20,Fortaleza,0.0,2.1953857,2686612,26.0,82.2724904285714,0,0,0,70.4792377142857,55.8745051428571,28.2173914285714,31.1428571428571,,,,,,6548,zika
2021-10-03,202140,1.0,1,1,1,0.49096423,0.0372216,0,1,230440020214019589,2023-08-20,Fortaleza,0.0,0.9743643,2686612,25.8571428571429,83.697982,0,0,0,72.5558585714286,58.0193015714286,28.095238,31.1428571428571,,,,,,6548,zika
2021-09-26,202139,1.0,1,1,1,0.40466088,0.0372216,0,1,230440020213919589,2023-08-20,Fortaleza,0.0,0.76615745,2686612,26.0,83.6762065714286,0,0,0,71.3335921428571,51.2865044285714,28.1666665714286,31.8571428571429,,,,,,6548,zika
2021-09-19,202138,0.0,0,0,0,0.0,0.0,0,1,230440020213819589,2023-08-20,Fortaleza,0.0,0.0,2686612,25.8571428571429,81.5619154285714,0,0,0,70.5195257142857,54.4347215714286,27.8690477142857,31.1428571428571,,,,,,6548,zika
2021-09-12,202137,3.0,3,3,3,0.917112,0.1116648,0,1,230440020213719589,2023-08-20,Fortaleza,0.0,4.0713367,2686612,25.4285714285714,81.5305765714286,0,0,0,68.5991871428571,48.4985167142857,28.0701342857143,31.8571428571429,,,,,,6548,zika
2021-09-05,202136,0.0,0,0,0,0.0,0.0,0,1,230440020213619589,2023-08-20,Fortaleza,0.0,0.0,2686612,25.4285714285714,85.0849748571429,0,0,0,70.3256764285714,53.1146324285714,27.6990168571429,30.7142857142857,,,,,,6548,zika
2021-08-29,202135,1.0,1,1,1,0.20807505,0.0372216,0,1,230440020213519589,2023-08-20,Fortaleza,0.0,0.44153538,2686612,25.5714285714286,80.12763,0,0,0,68.5390651428571,50.0450222857143,27.8747411428571,31.2857142857143,,,,,,6548,zika
2021-08-22,202134,0.0,0,0,0,0.0,0.0,0,1,230440020213419589,2023-08-20,Fortaleza,0.0,0.0,2686612,25.0,80.8855177142857,0,0,0,69.2591542857143,51.615178,27.6526911428571,31.1428571428571,,,,,,6548,zika
2021-08-15,202133,3.0,3,3,3,0.3376634,0.1116648,0,1,230440020213319589,2023-08-20,Fortaleza,0.0,0.74169,2686612,24.8571428571429,80.1115277142857,0,0,0,67.8211934285714,48.6227347142857,27.5905797142857,30.8571428571429,,,,,,6548,zika
2021-08-08,202132,3.0,3,3,3,0.32815456,0.1116648,0,1,230440020213219589,2023-08-20,Fortaleza,0.0,0.7288546,2686612,25.1428571428571,85.2033005714286,0,0,0,70.8023855714286,52.6860372857143,27.7305902857143,31.1428571428571,,,,,,6548,zika
2021-08-01,202131,5.0,5,5,5,0.54294676,0.18610801,0,1,230440020213119589,2023-08-20,Fortaleza,0.0,1.0686673,2686612,24.4285714285714,84.405942,0,0,0,67.5381291428571,44.8876325714286,27.7032985714286,31.8571428571429,,,,,,6548,zika
2021-07-25,202130,4.0,4,4,4,0.22545432,0.1488864,0,1,230440020213019589,2023-08-20,Fortaleza,0.0,0.6336446,2686612,24.5714285714286,86.457048,0,0,0,72.2577337142857,51.5276714285714,27.4192542857143,30.8571428571429,,,,,,6548,zika
2021-07-18,202129,3.0,3,3,3,0.09055126,0.1116648,0,1,230440020212919589,2023-08-20,Fortaleza,0.0,0.42956093,2686612,24.5714285714286,86.5519834285714,0,0,0,71.6208527142857,50.0618392857143,27.4270182857143,30.5714285714286,,,,,,6548,zika
2021-07-11,202128,7.0,7,7,7,0.4926642,0.2605512,0,2,230440020212819589,2023-08-20,Fortaleza,0.0,0.99052703,2686612,24.7142857142857,88.1193117142857,1,0,0,74.0630795714286,56.2636551428571,27.4684268571429,30.7142857142857,,,,,,6548,zika
2021-07-04,202127,10.0,10,10,10,0.5087543,0.37221602,0,1,230440020212719589,2023-08-20,Fortaleza,0.0,1.0096798,2686612,24.8571428571429,87.2963368571429,1,0,0,74.8174065714286,57.6615234285714,27.2282608571429,30.2857142857143,,,,,,6548,zika
2021-06-27,202126,2.0,2,2,2,0.00037533807,0.0744432,0,1,230440020212619589,2023-08-20,Fortaleza,0.0,0.13872892,2686612,25.0,89.5562322857143,1,0,0,75.912823,54.3123661428571,27.2885377142857,30.7142857142857,,,,,,6548,zika
2021-06-20,202125,11.0,11,11,11,0.13332984,0.4094376,0,1,230440020212519589,2023-08-20,Fortaleza,0.0,0.6570816,2686612,25.0,85.7361308571429,0,0,0,72.5751,56.2608948571429,27.5465842857143,30.4285714285714,,,,,,6548,zika
2021-06-13,202124,13.0,13,13,13,0.36222512,0.48388082,0,2,230440020212419589,2023-08-20,Fortaleza,0.0,0.8765257,2686612,25.2857142857143,93.578693,1,0,0,80.4177544285714,64.0312094285714,27.2637162857143,29.7142857142857,,,,,,6548,zika
2021-06-06,202123,24.0,24,24,24,0.9680801,0.8933184,0,2,230440020212319589,2023-08-20,Fortaleza,0.0,1.8531957,2686612,25.2857142857143,88.8429074285714,1,0,0,76.5573941428571,60.8503667142857,27.6643774285714,30.7142857142857,,,,,,6548,zika
2021-05-30,202122,11.0,11,11,11,0.45272255,0.4094376,0,2,230440020212219589,2023-08-20,Fortaleza,0.0,0.95207405,2686612,25.0,88.062138,1,0,0,73.8479134285714,55.4920805714286,27.7242497142857,30.8571428571429,,,,,,6548,zika
2021-05-23,202121,13.0,13,13,13,0.76214945,0.48388082,0,2,230440020212119589,2023-08-20,Fortaleza,0.0,1.3440148,2686612,24.7142857142857,87.2521051428571,1,0,0,73.7002034285714,55.973911,27.8928568571429,31.1428571428571,,,,,,6548,zika
2021-05-16,202120,14.0,14,14,14,0.85933644,0.5211024,0,2,230440020212019589,2023-08-20,Fortaleza,0.0,1.5635375,2686612,25.1428571428571,91.9167142857143,1,0,0,78.9875415714286,63.0475821428571,27.5059522857143,30.2857142857143,,,,,,6548,zika
2021-05-09,202119,7.0,7,7,7,0.35956514,0.2605512,0,2,230440020211919589,2023-08-20,Fortaleza,0.0,0.8362222,2686612,24.0,95.8386157142857,1,0,0,84.3814028571429,68.674674,26.5357142857143,29.4285714285714,,,,,,6548,zika
2021-05-02,202118,9.0,9,9,9,0.6943291,0.3349944,0,2,230440020211819589,2023-08-20,Fortaleza,0.0,1.281806,2686612,23.7142857142857,97.5164207142857,1,0,0,85.6279542857143,69.6911125714286,26.1547617142857,29.1428571428571,,,,,,6548,zika
2021-04-25,202117,11.0,11,11,11,0.86991364,0.4094376,0,2,230440020211719589,2023-08-20,Fortaleza,0.0,1.7083112,2686612,24.7142857142857,92.7083185714286,1,0,0,78.3224435714286,63.0793147142857,27.7505174285714,30.7142857142857,,,,,,6548,zika
2021-04-18,202116,4.0,4,4,4,0.27978495,0.1488864,0,2,230440020211619589,2023-08-20,Fortaleza,0.0,0.69706255,2686612,24.7142857142857,93.463495,1,0,0,83.0847401428571,69.2196618571429,26.9997167142857,29.8571428571429,,,,,,6548,zika
2021-04-11,202115,8.0,8,8,8,0.843629,0.2977728,0,2,230440020211519589,2023-08-20,Fortaleza,0.0,1.752596,2686612,25.1428571428571,93.4447491428571,1,0,0,82.0400485714286,65.9661621428571,27.5767541428571,30.7142857142857,,,,,,6548,zika
2021-04-04,202114,6.0,6,6,6,0.8041342,0.2233296,0,2,230440020211419589,2023-08-20,Fortaleza,0.0,1.7175466,2686612,25.8571428571429,88.9484194285714,1,0,0,75.0043657142857,58.9930575714286,28.6023808571429,32.0,,,,,,6548,zika
2021-03-28,202113,4.0,4,4,4,0.7130276,0.1488864,0,2,230440020211319589,2023-08-20,Fortaleza,0.0,1.5119194,2686612,24.8571428571429,93.4746542857143,1,0,0,80.7540744285714,65.1020408571429,27.7257268571429,30.8571428571429,,,,,,6548,zika
2021-03-21,202112,4.0,4,4,4,0.7441587,0.1488864,0,2,230440020211219589,2023-08-20,Fortaleza,0.0,1.633449,2686612,23.5714285714286,96.6623542857143,1,0,0,86.6171035714286,74.6044431428571,25.7415537142857,28.1428571428571,,,,,,6548,zika
2021-03-14,202111,2.0,2,2,2,0.3323801,0.0744432,0,2,230440020211119589,2023-08-20,Fortaleza,0.0,0.6958253,2686612,24.8571428571429,90.3549237142857,1,0,0,80.9446585714286,68.8306548571429,27.0327637142857,29.1428571428571,,,,,,6548,zika
2021-03-07,202110,2.0,2,2,2,0.30510795,0.0744432,0,2,230440020211019589,2023-08-20,Fortaleza,0.0,0.6560715,2686612,25.2857142857143,88.9493972857143,1,0,0,80.3506921428571,70.4667002857143,27.5119048571429,29.7142857142857,,,,,,6548,zika
2021-02-28,202109,3.0,3,3,3,0.5456221,0.1116648,0,2,230440020210919589,2023-08-20,Fortaleza,0.0,1.092991,2686612,25.5714285714286,90.3109021428571,1,0,0,80.1226664285714,70.0745932857143,27.5221611428571,29.4285714285714,,,,,,6548,zika
2021-02-21,202108,4.0,4,4,4,0.64553636,0.1488864,0,1,230440020210819589,2023-08-20,Fortaleza,0.0,1.3043207,2686612,25.4285714285714,89.5675737142857,1,0,0,78.6291172857143,66.4832097142857,27.8530741428571,30.1428571428571,,,,,,6548,zika
2021-02-14,202107,2.0,2,2,2,0.23250714,0.0744432,0,1,230440020210719589,2023-08-20,Fortaleza,0.0,0.55762625,2686612,25.5714285714286,88.9029254285714,1,0,0,80.2768022857143,70.0592861428571,27.3300397142857,29.4285714285714,,,,,,6548,zika
2021-02-07,202106,2.0,2,2,2,0.31895357,0.0744432,0,1,230440020210619589,2023-08-20,Fortaleza,0.0,0.67602295,2686612,26.7142857142857,85.2248875714286,0,0,0,76.8858871428571,65.4602558571429,28.5000002857143,30.7142857142857,,,,,,6548,zika
2021-01-31,202105,6.0,6,6,6,0.9239514,0.2233296,0,1,230440020210519589,2023-08-20,Fortaleza,0.0,2.729963,2686612,26.0,83.7027428571429,0,0,0,75.2607862857143,64.2077832857143,27.869824,30.2857142857143,,,,,,6548,zika
2021-01-24,202104,2.0,2,2,2,0.52742106,0.0744432,0,1,230440020210419589,2023-08-20,Fortaleza,0.0,1.0647049,2686612,26.0,88.0941845714286,1,0,0,78.7506565714286,65.7199437142857,27.7063492857143,30.0,,,,,,6548,zika
2021-01-17,202103,2.0,2,2,2,0.63057214,0.0744432,0,1,230440020210319589,2023-08-20,Fortaleza,0.0,1.3762722,2686612,25.2857142857143,89.5675737142857,1,0,0,78.456925,66.4700267142857,27.3325334285714,29.8571428571429,,,,,,6548,zika
2021-01-10,202102,2.0,2,2,2,0.7608387,0.0744432,0,1,230440020210219589,2023-08-20,Fortaleza,0.0,2.0836098,2686612,26.4285714285714,82.2660772857143,0,0,0,73.1414255714286,58.3665465714286,28.1252068571429,31.0,,,,,,6548,zika
2021-01-03,202101,2.0,2,2,2,0.6922481,0.0744432,0,1,230440020210119589,2023-08-20,Fortaleza,0.0,1.6449667,2686612,26.5714285714286,84.6298292857143,0,0,0,74.5683437142857,60.8252875714286,28.3371211428571,31.0,,,,,,6548,zika
2020-12-27,202053,0.0,0,0,0,0.0,0.0,0,1,230440020205319589,2023-08-20,Fortaleza,0.0,0.0,2686612,27.0,83.676956,0,0,0,72.161975,53.9766265,28.565217,31.5,,,,,,6548,zika
2020-12-20,202052,1.0,1,1,1,0.15592882,0.0372216,0,1,230440020205219589,2023-08-20,Fortaleza,0.0,0.37298954,2686612,,83.7092055666667,0,0,0,,,,,,,,,,6548,zika
2020-12-13,202051,2.0,2,2,2,0.44834358,0.0744432,0,1,230440020205119589,2023-08-20,Fortaleza,0.0,0.8920196,2686612,,83.7414551333333,0,0,0,,,,,,,,,,6548,zika
2020-12-06,202050,4.0,4,4,4,0.83815026,0.1488864,0,1,230440020205019589,2023-08-20,Fortaleza,0.0,2.1962135,2686612,,83.7737047,0,0,0,,,,,,,,,,6548,zika
2020-11-29,202049,2.0,2,2,2,0.41696885,0.0744432,0,1,230440020204919589,2023-08-20,Fortaleza,0.0,0.8335959,2686612,,83.8059542666667,0,0,0,,,,,,,,,,6548,zika
2020-11-22,202048,1.0,1,1,1,0.087478355,0.0372216,0,1,230440020204819589,2023-08-20,Fortaleza,0.0,0.2845007,2686612,26.1666666666667,83.8382038333333,0,0,0,72.7590541666667,58.2593918333333,28.1449276666667,31.0,,,,,,6548,zika
2020-11-15,202047,2.0,2,2,2,0.19529468,0.0744432,0,1,230440020204719589,2023-08-20,Fortaleza,0.0,0.50988203,2686612,26.5714285714286,85.1289542857143,0,0,0,74.8971568571429,61.9671715714286,28.3217447142857,31.1428571428571,,,,,,6548,zika
2020-11-08,202046,4.0,4,4,4,0.6030864,0.1488864,0,1,230440020204619589,2023-08-20,Fortaleza,0.0,1.200353,2686612,25.8571428571429,85.2254355714286,0,0,0,74.0881464285714,56.4480862857143,28.1332817142857,31.4285714285714,,,,,,6548,zika
2020-11-01,202045,5.0,5,5,5,0.7862704,0.18610801,0,1,230440020204519589,2023-08-20,Fortaleza,0.0,1.723597,2686612,26.4285714285714,86.6034011428571,0,0,0,74.6376985714286,60.3900897142857,28.1580524285714,31.0,,,,,,6548,zika
2020-10-25,202044,3.0,3,3,3,0.4805265,0.1116648,0,1,230440020204419589,2023-08-20,Fortaleza,0.0,0.9637943,2686612,26.0,82.9296602857143,0,0,0,73.0525657142857,57.9005812857143,27.9997411428571,31.1428571428571,,,,,,6548,zika
2020-10-18,202043,2.0,2,2,2,0.22103027,0.0744432,0,1,230440020204319589,2023-08-20,Fortaleza,0.0,0.5427715,2686612,25.7142857142857,86.6475418571429,0,0,0,74.138898,57.0808157142857,27.8470497142857,31.0,,,,,,6548,zika
2020-10-11,202042,4.0,4,4,4,0.4855717,0.1488864,0,1,230440020204219589,2023-08-20,Fortaleza,0.0,0.97615004,2686612,25.7142857142857,83.655334,0,0,0,71.7536211428571,55.3699808571429,27.8276397142857,31.1428571428571,,,,,,6548,zika
2020-10-04,202041,2.0,2,2,2,0.27640152,0.0744432,0,1,230440020204119589,2023-08-20,Fortaleza,0.0,0.6160434,2686612,25.5714285714286,83.6009708571429,0,0,0,72.3586948571429,56.2640225714286,27.6920288571429,30.7142857142857,,,,,,6548,zika
2020-09-27,202040,7.0,7,7,7,0.94550776,0.2605512,0,1,230440020204019589,2023-08-20,Fortaleza,0.0,2.8952227,2686612,25.4285714285714,82.2245291428571,0,0,0,69.910616,49.9618948571429,27.652353,31.2857142857143,,,,,,6548,zika
2020-09-20,202039,2.0,2,2,2,0.4564541,0.0744432,0,1,230440020203919589,2023-08-20,Fortaleza,0.0,0.9079296,2686612,25.2857142857143,84.3470745714286,0,0,0,71.4728571428571,56.1041608571429,27.3216874285714,30.1428571428571,,,,,,6548,zika
2020-09-13,202038,2.0,2,2,2,0.31527653,0.0744432,0,1,230440020203819589,2023-08-20,Fortaleza,0.0,0.6706796,2686612,24.5714285714286,82.1404157142857,0,0,0,70.1810085714286,51.972187,27.21765,30.5714285714286,,,,,,6548,zika
2020-09-06,202037,3.0,3,3,3,0.21036018,0.1116648,0,1,230440020203719589,2023-08-20,Fortaleza,0.0,0.58030444,2686612,24.4285714285714,84.3114497142857,0,0,0,69.6530522857143,50.392795,27.3330748571429,31.1428571428571,,,,,,6548,zika
2020-08-30,202036,0.0,0,0,0,0.0,0.0,0,1,230440020203619589,2023-08-20,Fortaleza,0.0,0.0,2686612,24.2857142857143,82.864964,0,0,0,69.256835,49.6800337142857,27.2530481428571,30.7142857142857,,,,,,6548,zika
2020-08-23,202035,7.0,7,7,7,0.72063583,0.2605512,0,1,230440020203519589,2023-08-20,Fortaleza,0.0,1.3874782,2686612,24.5714285714286,85.0487494285714,0,0,0,71.519715,54.702031,27.0608177142857,30.0,,,,,,6548,zika
2020-08-16,202034,8.0,8,8,8,0.89465714,0.2977728,0,1,230440020203419589,2023-08-20,Fortaleza,0.0,2.0592654,2686612,24.5714285714286,84.2417531428571,0,0,0,70.3536644285714,50.7447318571429,27.2349894285714,30.7142857142857,,,,,,6548,zika
2020-08-09,202033,5.0,5,5,5,0.51826835,0.18610801,0,1,230440020203319589,2023-08-20,Fortaleza,0.0,1.0283529,2686612,24.1428571428571,81.3896905714286,0,0,0,68.5901448571429,50.0781227142857,27.0313148571429,30.2857142857143,,,,,,6548,zika
2020-08-02,202032,2.0,2,2,2,0.031944778,0.0744432,0,1,230440020203219589,2023-08-20,Fortaleza,0.0,0.27916193,2686612,23.2857142857143,82.7802711428571,0,0,0,66.600461,44.5857278571429,26.8783645714286,31.2857142857143,,,,,,6548,zika
2020-07-26,202031,4.0,4,4,4,0.08538993,0.1488864,0,1,230440020203119589,2023-08-20,Fortaleza,0.0,0.462506,2686612,23.5714285714286,79.9780325714286,0,0,0,66.5433028571429,48.7139904285714,26.8447202857143,30.4285714285714,,,,,,6548,zika
2020-07-19,202030,8.0,8,8,8,0.41455147,0.2977728,0,1,230440020203019589,2023-08-20,Fortaleza,0.0,0.9024793,2686612,23.7142857142857,85.8212525714286,0,0,0,69.7477744285714,50.3342498571429,26.917117,30.4285714285714,,,,,,6548,zika
2020-07-12,202029,10.0,10,10,10,0.6413393,0.37221602,0,1,230440020202919589,2023-08-20,Fortaleza,0.0,1.179317,2686612,24.0,84.288414,0,0,0,70.596325,52.0041548571429,26.9565217142857,30.2857142857143,,,,,,6548,zika
2020-07-05,202028,8.0,8,8,8,0.550745,0.2977728,0,1,230440020202819589,2023-08-20,Fortaleza,0.0,1.0650884,2686612,23.8571428571429,88.7457302857143,1,0,0,77.2885484285714,62.7120222857143,26.2134837142857,28.8571428571429,,,,,,6548,zika
2020-06-28,202027,10.0,10,10,10,0.714042,0.37221602,0,1,230440020202719589,2023-08-20,Fortaleza,0.0,1.3016596,2686612,25.0,85.788016,0,0,0,74.1313557142857,56.6283315714286,27.133206,30.0,,,,,,6548,zika
2020-06-21,202026,7.0,7,7,7,0.23900458,0.2605512,0,1,230440020202619589,2023-08-20,Fortaleza,0.0,0.7119754,2686612,24.2857142857143,85.7207354285714,0,0,0,72.4030328571429,54.5505834285714,26.8116342857143,29.7142857142857,,,,,,6548,zika
2020-06-14,202025,5.0,5,5,5,0.06161902,0.18610801,0,2,230440020202519589,2023-08-20,Fortaleza,0.0,0.4584232,2686612,24.1428571428571,90.2813908571429,1,0,0,76.9440584285714,61.9303574285714,26.858884,29.8571428571429,,,,,,6548,zika
2020-06-07,202024,11.0,11,11,11,0.64227784,0.4094376,0,2,230440020202419589,2023-08-20,Fortaleza,0.0,1.171673,2686612,24.1428571428571,91.8108014285714,1,0,0,80.8362777142857,66.4349541428571,26.2946428571429,29.0,,,,,,6548,zika
2020-05-31,202023,14.0,14,14,14,0.93508327,0.5211024,0,2,230440020202319589,2023-08-20,Fortaleza,0.0,1.938169,2686612,24.8571428571429,90.326188,1,0,0,78.1014481428571,59.990658,27.3630954285714,30.8571428571429,,,,,,6548,zika
2020-05-24,202022,8.0,8,8,8,0.7951367,0.2977728,0,2,230440020202219589,2023-08-20,Fortaleza,0.0,1.5621113,2686612,24.8571428571429,89.5576822857143,1,0,0,76.2673428571429,59.8892222857143,27.8035714285714,31.0,,,,,,6548,zika
2020-05-17,202021,8.0,8,8,8,0.9053862,0.2977728,0,2,230440020202119589,2023-08-20,Fortaleza,0.0,2.149512,2686612,24.7142857142857,92.6501521428571,1,0,0,80.1446165714286,61.3805272857143,27.4166665714286,31.0,,,,,,6548,zika
2020-05-10,202020,5.0,5,5,5,0.74370223,0.18610801,0,2,230440020202019589,2023-08-20,Fortaleza,0.0,1.5506744,2686612,24.7142857142857,90.3049551428571,1,0,0,79.1828251428571,63.197789,27.0916668571429,30.0,,,,,,6548,zika
2020-05-03,202019,2.0,2,2,2,0.32741976,0.0744432,0,2,230440020201919589,2023-08-20,Fortaleza,0.0,0.6884548,2686612,25.2857142857143,88.73615,1,0,0,74.742315,56.9601151428571,28.1785714285714,31.7142857142857,,,,,,6548,zika
2020-04-26,202018,5.0,5,5,5,0.75637203,0.18610801,0,2,230440020201819589,2023-08-20,Fortaleza,0.0,1.5976628,2686612,24.4285714285714,92.6155457142857,1,0,0,80.5717865714286,63.3815905714286,27.2023808571429,30.5714285714286,,,,,,6548,zika
2020-04-19,202017,1.0,1,1,1,0.13774903,0.0372216,0,2,230440020201719589,2023-08-20,Fortaleza,0.0,0.3496643,2686612,24.2857142857143,93.4150014285714,1,0,0,82.53169,64.841107,26.779762,30.2857142857143,,,,,,6548,zika
2020-04-12,202016,4.0,4,4,4,0.8692762,0.1488864,0,2,230440020201619589,2023-08-20,Fortaleza,0.0,2.5124655,2686612,24.7142857142857,91.0928464285714,1,0,0,80.3588565714286,62.1213945714286,27.4345234285714,31.0,,,,,,6548,zika
2020-04-05,202015,4.0,4,4,4,0.9725517,0.1488864,0,1,230440020201519589,2023-08-20,Fortaleza,0.0,6.897911,2686612,25.7142857142857,91.1879494285714,1,0,0,78.9544014285714,63.8336071428571,28.5357145714286,31.5714285714286,,,,,,6548,zika
2020-03-29,202014,1.0,1,1,1,0.60605997,0.0372216,0,1,230440020201419589,2023-08-20,Fortaleza,0.0,1.3841451,2686612,25.4285714285714,91.9086328571429,1,0,0,81.4924021428571,67.9016035714286,27.8273811428571,30.5714285714286,,,,,,6548,zika
2020-03-22,202013,0.0,0,0,0,0.0,0.0,0,1,230440020201319589,2023-08-20,Fortaleza,0.0,0.0,2686612,25.7142857142857,88.8200665714286,0,0,0,74.3693592857143,59.003325,28.6249997142857,31.7142857142857,,,,,,6548,zika
2020-03-15,202012,0.0,0,0,0,0.0,0.0,0,1,230440020201219589,2023-08-20,Fortaleza,0.0,0.0,2686612,25.1428571428571,91.0982,0,0,0,79.3096294285714,64.4315948571429,27.6704542857143,30.8571428571429,,,,,,6548,zika
2020-03-08,202011,2.0,2,2,2,0.2277833,0.0744432,0,2,230440020201119589,2023-08-20,Fortaleza,0.0,0.55149513,2686612,24.5714285714286,91.0928464285714,1,0,0,84.1875334285714,76.0979267142857,26.5000002857143,28.1428571428571,,,,,,6548,zika
2020-03-01,202010,3.0,3,3,3,0.49380338,0.1116648,0,2,230440020201019589,2023-08-20,Fortaleza,0.0,0.9882753,2686612,25.4285714285714,90.3273628571429,1,0,0,80.336565,67.2822325714286,27.5497834285714,30.0,,,,,,6548,zika
2020-02-23,202009,5.0,5,5,5,0.8386711,0.18610801,0,2,230440020200919589,2023-08-20,Fortaleza,0.0,2.0196738,2686612,25.5714285714286,88.8755172857143,1,0,0,82.913632,75.5460208571428,27.1677488571429,28.7142857142857,,,,,,6548,zika
2020-02-16,202008,3.0,3,3,3,0.5805794,0.1116648,0,2,230440020200819589,2023-08-20,Fortaleza,0.0,1.1737505,2686612,24.8571428571429,90.2996257142857,1,0,0,85.6782,80.1834454285714,26.0649348571429,27.2857142857143,,,,,,6548,zika
2020-02-09,202007,1.0,1,1,1,0.20368919,0.0372216,0,2,230440020200719589,2023-08-20,Fortaleza,0.0,0.4356238,2686612,26.1428571428571,87.3645307142857,1,0,0,81.8140114285714,75.831264,26.9428571428571,27.5714285714286,,,,,,6548,zika
2020-02-02,202006,4.0,4,4,4,0.7692337,0.1488864,0,1,230440020200619589,2023-08-20,Fortaleza,0.0,1.7486126,2686612,24.8571428571429,91.0688171428571,1,0,0,82.8587435714286,72.5088541428571,26.6154762857143,28.5714285714286,,,,,,6548,zika
2020-01-26,202005,2.0,2,2,2,0.31545573,0.0744432,0,1,230440020200519589,2023-08-20,Fortaleza,0.0,0.67093927,2686612,24.8571428571429,91.0972014285714,1,0,0,79.0628127142857,63.8746062857143,27.5833334285714,30.2857142857143,,,,,,6548,zika
2020-01-19,202004,1.0,1,1,1,0.123108685,0.0372216,0,1,230440020200419589,2023-08-20,Fortaleza,0.0,0.33090717,2686612,27.2857142857143,80.2671802857143,0,0,0,70.985105,57.4438875714286,29.029762,31.7142857142857,,,,,,6548,zika
2020-01-12,202003,4.0,4,4,4,0.7638112,0.1488864,0,1,230440020200319589,2023-08-20,Fortaleza,0.0,1.7221568,2686612,25.8571428571429,86.5696111428571,0,0,0,76.1617985714286,63.0497965714286,28.1071431428571,30.7142857142857,,,,,,6548,zika
2020-01-05,202002,4.0,4,4,4,0.8356388,0.1488864,0,1,230440020200219589,2023-08-20,Fortaleza,0.0,2.1749027,2686612,25.8571428571429,86.6527782857143,0,0,0,76.5129394285714,64.6823847142857,27.7238097142857,29.8571428571429,,,,,,6548,zika
2019-12-29,202001,1.0,1,1,1,0.2902227,0.0372216,0,1,230440020200119589,2023-08-20,Fortaleza,0.0,0.560297,2686612,25.6666666666667,87.2293603333333,1,0,0,78.2967196666667,68.5742188333333,27.3944443333333,29.1666666666667,,,,,,6548,zika
2019-12-22,201952,3.0,3,3,3,0.5573069,0.1116648,0,1,230440020195219589,2023-08-20,Fortaleza,0.0,1.1189556,2686612,27.0,76.9551738571429,0,0,0,73.9821612857143,70.5632217142857,27.4428571428571,28.0,,,,,,6548,zika
2019-12-15,201951,0.0,0,0,0,0.0,0.0,0,1,230440020195119589,2023-08-20,Fortaleza,0.0,0.0,2686612,26.4285714285714,80.1713834285714,0,0,0,74.8462812857143,70.4713337142857,27.3,27.8571428571429,,,,,,6548,zika
2019-12-08,201950,3.0,3,3,3,0.6052143,0.1116648,0,1,230440020195019589,2023-08-20,Fortaleza,0.0,1.2368504,2686612,26.5714285714286,78.9407677142857,0,0,0,74.3997465714286,71.1359208571429,27.2,27.5714285714286,,,,,,6548,zika
2019-12-01,201949,5.0,5,5,5,0.9479661,0.18610801,0,1,230440020194919589,2023-08-20,Fortaleza,0.0,3.751474,2686612,26.4285714285714,78.1173622857143,0,0,0,75.9322564285714,73.4845985714286,26.9428571428571,27.2857142857143,,,,,,6548,zika
2019-11-24,201948,2.0,2,2,2,0.6698553,0.0744432,0,1,230440020194819589,2023-08-20,Fortaleza,0.0,1.5373174,2686612,26.5714285714286,80.1636974285714,0,0,0,77.7600048571429,74.2457142857143,27.0285714285714,27.5714285714286,,,,,,6548,zika
2019-11-17,201947,1.0,1,1,1,0.1980283,0.0372216,0,1,230440020194719589,2023-08-20,Fortaleza,0.0,0.4280416,2686612,26.1428571428571,79.5551131428571,0,0,0,76.1249691428571,72.9140737142857,26.9,27.2857142857143,,,,,,6548,zika
2019-11-10,201946,0.0,0,0,0,0.0,0.0,0,1,230440020194619589,2023-08-20,Fortaleza,0.0,0.0,2686612,26.0,78.7606345714286,0,0,0,74.85394,71.5980785714286,26.7285714285714,27.0,,,,,,6548,zika
2019-11-03,201945,3.0,3,3,3,0.5537411,0.1116648,0,1,230440020194519589,2023-08-20,Fortaleza,0.0,1.1109285,2686612,25.8571428571429,79.4441531428571,0,0,0,75.6306508571429,74.0658357142857,26.6428571428571,27.0,,,,,,6548,zika
2019-10-27,201944,4.0,4,4,4,0.66269606,0.1488864,0,1,230440020194419589,2023-08-20,Fortaleza,0.0,1.3514116,2686612,25.7142857142857,76.1178902857143,0,0,0,72.3448022857143,67.479576,26.4025974285714,27.2857142857143,,,,,,6548,zika
2019-10-20,201943,2.0,2,2,2,0.18618993,0.0744432,0,1,230440020194319589,2023-08-20,Fortaleza,0.0,0.49834138,2686612,25.7142857142857,80.1115694285714,0,0,0,76.2652302857143,69.3273471428571,26.3896102857143,27.4285714285714,,,,,,6548,zika
2019-10-13,201942,2.0,2,2,2,0.09886443,0.0744432,0,1,230440020194219589,2023-08-20,Fortaleza,0.0,0.38587773,2686612,25.4285714285714,80.9456451428571,0,0,0,75.4330621428571,69.855716,26.3636362857143,27.1428571428571,,,,,,6548,zika
2019-10-06,201941,5.0,5,5,5,0.37510574,0.18610801,0,1,230440020194119589,2023-08-20,Fortaleza,0.0,0.83107376,2686612,25.2857142857143,78.0855371428571,0,0,0,72.8850032857143,68.4300185714286,26.2077922857143,27.0,,,,,,6548,zika
2019-09-29,201940,4.0,4,4,4,0.31934187,0.1488864,0,1,230440020194019589,2023-08-20,Fortaleza,0.0,0.74468404,2686612,24.8571428571429,78.7320617142857,0,0,0,74.7745022857143,70.2446765714286,25.896104,26.7142857142857,,,,,,6548,zika
2019-09-22,201939,8.0,8,8,8,0.8597596,0.2977728,0,1,230440020193919589,2023-08-20,Fortaleza,0.0,1.8334895,2686612,25.5714285714286,79.3640031428571,0,0,0,74.3944857142857,69.6607142857143,26.1558442857143,26.8571428571429,,,,,,6548,zika
2019-09-15,201938,6.0,6,6,6,0.7038442,0.2233296,0,1,230440020193819589,2023-08-20,Fortaleza,0.0,1.3793302,2686612,25.1428571428571,79.3922097142857,0,0,0,74.5623177142857,70.89141,26.1428568571429,26.8571428571429,,,,,,6548,zika
2019-09-08,201937,2.0,2,2,2,0.17552154,0.0744432,0,1,230440020193719589,2023-08-20,Fortaleza,0.0,0.48485005,2686612,24.7142857142857,79.368024,0,0,0,74.0754547142857,68.9744028571429,26.0896105714286,27.0,,,,,,6548,zika
2019-09-01,201936,6.0,6,6,6,0.768121,0.2233296,0,1,230440020193619589,2023-08-20,Fortaleza,0.0,1.5739005,2686612,25.1428571428571,80.8942828571429,0,0,0,74.9786577142857,69.7293978571429,26.12987,26.8571428571429,,,,,,6548,zika
2019-08-25,201935,4.0,4,4,4,0.44364953,0.1488864,0,1,230440020193519589,2023-08-20,Fortaleza,0.0,0.9110843,2686612,24.7142857142857,76.1035414285714,0,0,0,71.65144,66.5246385714286,26.0000002857143,26.7142857142857,,,,,,6548,zika
2019-08-18,201934,3.0,3,3,3,0.18044892,0.1116648,0,1,230440020193419589,2023-08-20,Fortaleza,0.0,0.5440442,2686612,24.1428571428571,78.028914,0,0,0,73.541842,68.357,25.7272725714286,26.7142857142857,,,,,,6548,zika
2019-08-11,201933,4.0,4,4,4,0.25314236,0.1488864,0,1,230440020193319589,2023-08-20,Fortaleza,0.0,0.6657759,2686612,24.2857142857143,80.7464288571429,0,0,0,76.0383414285714,71.9920878571429,25.7922077142857,26.7142857142857,,,,,,6548,zika
2019-08-04,201932,6.0,6,6,6,0.54292274,0.2233296,0,1,230440020193219589,2023-08-20,Fortaleza,0.0,1.0628527,2686612,23.2857142857143,80.194283,0,0,0,73.846807,67.7115678571429,25.1428568571429,26.2857142857143,,,,,,6548,zika
2019-07-28,201931,7.0,7,7,7,0.7295763,0.2605512,0,1,230440020193119589,2023-08-20,Fortaleza,0.0,1.4102991,2686612,24.4285714285714,83.4798608571429,0,0,0,77.8664314285714,72.0532207142857,25.8181817142857,27.0,,,,,,6548,zika
2019-07-21,201930,5.0,5,5,5,0.5835448,0.18610801,0,1,230440020193019589,2023-08-20,Fortaleza,0.0,1.1409409,2686612,23.5714285714286,85.7722814285714,0,0,0,78.7698105714286,73.5501858571429,25.103896,26.1428571428571,,,,,,6548,zika
2019-07-14,201929,6.0,6,6,6,0.627133,0.2233296,0,1,230440020192919589,2023-08-20,Fortaleza,0.0,1.2078899,2686612,24.7142857142857,85.6973865714286,0,0,0,79.2423234285714,74.564742,25.9480522857143,26.8571428571429,,,,,,6548,zika
2019-07-07,201928,3.0,3,3,3,0.16937226,0.1116648,0,1,230440020192819589,2023-08-20,Fortaleza,0.0,0.53056514,2686612,24.4285714285714,84.9619802857143,0,0,0,78.5928091428571,72.8319571428571,25.8571428571429,27.0,,,,,,6548,zika
2019-06-30,201927,4.0,4,4,4,0.32088012,0.1488864,0,1,230440020192719589,2023-08-20,Fortaleza,0.0,0.74657243,2686612,24.2857142857143,86.5154685714286,0,0,0,80.6301064285714,75.3924194285714,25.5454545714286,26.7142857142857,,,,,,6548,zika
2019-06-23,201926,9.0,9,9,9,0.8423427,0.3349944,0,1,230440020192619589,2023-08-20,Fortaleza,0.0,1.6880627,2686612,24.5714285714286,83.5202988571429,0,0,0,78.3933014285714,70.8795187142857,25.948052,27.0,,,,,,6548,zika
2019-06-16,201925,2.0,2,2,2,0.11773247,0.0744432,0,1,230440020192519589,2023-08-20,Fortaleza,0.0,0.41102743,2686612,24.1428571428571,88.900726,1,0,0,83.6120064285714,77.3024665714286,25.4935062857143,27.1428571428571,,,,,,6548,zika
2019-06-09,201924,8.0,8,8,8,0.80822307,0.2977728,0,1,230440020192419589,2023-08-20,Fortaleza,0.0,1.6074235,2686612,24.4285714285714,87.4455748571429,1,0,0,82.4755114285714,77.0020908571429,25.8593074285714,27.2857142857143,,,,,,6548,zika
2019-06-02,201923,4.0,4,4,4,0.27687022,0.1488864,0,1,230440020192319589,2023-08-20,Fortaleza,0.0,0.69361466,2686612,25.1428571428571,85.8428625714286,0,0,0,80.1411992857143,74.882325,26.7142854285714,27.8571428571429,,,,,,6548,zika
2019-05-26,201922,3.0,3,3,3,0.14434622,0.1116648,0,2,230440020192219589,2023-08-20,Fortaleza,0.0,0.49976978,2686612,25.2857142857143,88.7249257142857,1,0,0,82.7090534285714,75.5685558571429,26.4415582857143,27.7142857142857,,,,,,6548,zika
2019-05-19,201921,9.0,9,9,9,0.76562905,0.3349944,0,2,230440020192119589,2023-08-20,Fortaleza,0.0,1.4387885,2686612,25.0,91.142973,1,0,0,86.4307684285714,80.2696794285714,26.0389605714286,27.1428571428571,,,,,,6548,zika
2019-05-12,201920,3.0,3,3,3,0.17011964,0.1116648,0,2,230440020192019589,2023-08-20,Fortaleza,0.0,0.5314767,2686612,25.7142857142857,88.75895,1,0,0,84.2559085714286,80.9030314285714,26.7142857142857,27.5714285714286,,,,,,6548,zika
2019-05-05,201919,9.0,9,9,9,0.86784387,0.3349944,0,2,230440020191919589,2023-08-20,Fortaleza,0.0,1.8065426,2686612,25.4285714285714,88.837671,1,0,0,83.2660872857143,78.9565661428571,26.6233765714286,27.8571428571429,,,,,,6548,zika
2019-04-28,201918,5.0,5,5,5,0.5155198,0.18610801,0,2,230440020191819589,2023-08-20,Fortaleza,0.0,1.0240104,2686612,24.8571428571429,92.6621928571429,1,0,0,87.6260634285714,79.0354148571429,26.1323054285714,27.8571428571429,,,,,,6548,zika
2019-04-21,201917,4.0,4,4,4,0.40951678,0.1488864,0,2,230440020191719589,2023-08-20,Fortaleza,0.0,0.86202776,2686612,24.8571428571429,94.2628207142857,1,0,0,87.754886,80.4971084285714,25.9267164285714,27.4285714285714,,,,,,6548,zika
2019-04-14,201916,6.0,6,6,6,0.7365426,0.2233296,0,2,230440020191619589,2023-08-20,Fortaleza,0.0,1.4705377,2686612,24.8571428571429,95.0866885714286,1,0,0,88.7475751428571,79.9326622857143,25.8766237142857,27.5714285714286,,,,,,6548,zika
2019-04-07,201915,4.0,4,4,4,0.6498451,0.1488864,0,2,230440020191519589,2023-08-20,Fortaleza,0.0,1.3158386,2686612,25.2857142857143,91.868855,1,0,0,84.3175451428571,76.3405052857143,26.5405845714286,27.8571428571429,,,,,,6548,zika
2019-03-31,201914,5.0,5,5,5,0.86067957,0.18610801,0,2,230440020191419589,2023-08-20,Fortaleza,0.0,2.1901357,2686612,24.4285714285714,93.4088835714286,1,0,0,88.9292605714286,83.0516362857143,25.5454545714286,26.7142857142857,,,,,,6548,zika
2019-03-24,201913,3.0,3,3,3,0.6223829,0.1116648,0,2,230440020191319589,2023-08-20,Fortaleza,0.0,1.2844192,2686612,24.1428571428571,95.8626971428571,1,0,0,91.4643008571429,82.3342392857143,25.3116885714286,26.7142857142857,,,,,,6548,zika
2019-03-17,201912,1.0,1,1,1,0.23493198,0.0372216,0,2,230440020191219589,2023-08-20,Fortaleza,0.0,0.47854102,2686612,24.5714285714286,95.0978478571429,1,0,0,89.6657664285714,78.3531917142857,25.7012988571429,26.8571428571429,,,,,,6548,zika
2019-03-10,201911,3.0,3,3,3,0.79504,0.1116648,0,1,230440020191119589,2023-08-20,Fortaleza,0.0,2.0774405,2686612,24.4285714285714,95.8626971428571,1,0,0,91.5132008571429,85.8444838571429,25.2987011428571,26.2857142857143,,,,,,6548,zika
2019-03-03,201910,3.0,3,3,3,0.7965792,0.1116648,0,1,230440020191019589,2023-08-20,Fortaleza,0.0,2.0892494,2686612,23.5714285714286,95.0268535714286,1,0,0,89.4032471428571,82.2898204285714,25.1298702857143,26.7142857142857,,,,,,6548,zika
2019-02-24,201909,0.0,0,0,0,0.0,0.0,0,1,230440020190919589,2023-08-20,Fortaleza,0.0,0.0,2686612,24.2857142857143,92.7645608571429,0,0,0,88.3497662857143,81.6179184285714,25.5194805714286,26.7142857142857,,,,,,6548,zika
2019-02-17,201908,2.0,2,2,2,0.30033177,0.0744432,0,2,230440020190819589,2023-08-20,Fortaleza,0.0,0.64929193,2686612,26.0,91.9146207142857,1,0,0,86.3973084285714,82.3688204285714,26.9480517142857,27.5714285714286,,,,,,6548,zika
2019-02-10,201907,1.0,1,1,1,0.09430358,0.0372216,0,2,230440020190719589,2023-08-20,Fortaleza,0.0,0.29355267,2686612,25.5714285714286,94.3561485714286,1,0,0,88.293488,83.8136111428571,26.9428571428571,28.1428571428571,,,,,,6548,zika
2019-02-03,201906,4.0,4,4,4,0.69875574,0.1488864,0,2,230440020190619589,2023-08-20,Fortaleza,0.0,1.462491,2686612,25.5714285714286,95.93968,1,0,0,87.0050777142857,74.3841644285714,27.2446341428571,29.1428571428571,,,,,,6548,zika
2019-01-27,201905,4.0,4,4,4,0.83000666,0.1488864,0,2,230440020190519589,2023-08-20,Fortaleza,0.0,2.1289194,2686612,25.4285714285714,93.6654765714286,1,0,0,79.5143537142857,62.6068408571429,28.0773811428571,30.7142857142857,,,,,,6548,zika
2019-01-20,201904,3.0,3,3,3,0.7942063,0.1116648,0,2,230440020190419589,2023-08-20,Fortaleza,0.0,2.071106,2686612,25.2857142857143,92.0247931428571,1,0,0,78.7605608571429,62.0197532857143,27.8392857142857,30.5714285714286,,,,,,6548,zika
2019-01-13,201903,1.0,1,1,1,0.500001,0.0372216,0,2,230440020190319589,2023-08-20,Fortaleza,0.0,1.000003,2686612,24.4285714285714,100.0,1,0,0,88.1783135714286,76.599186,26.5142857142857,28.2857142857143,,,,,,6548,zika
2019-01-06,201902,2.0,2,2,2,0.8286693,0.0744432,0,1,230440020190219589,2023-08-20,Fortaleza,0.0,2.8217938,2686612,25.4285714285714,91.9400314285714,1,0,0,86.2655357142857,80.2792105714286,26.5428571428571,27.4285714285714,,,,,,6548,zika
2018-12-30,201901,1.0,1,1,1,0.48469257,0.0372216,0,1,230440020190119589,2023-08-20,Fortaleza,0.0,0.9570677,2686612,26.4285714285714,87.3579152857143,1,0,0,81.7558828571429,78.2169311428571,27.1142857142857,27.5714285714286,,,,,,6548,zika
2018-12-23,201852,0.0,0,0,0,0.0,0.0,0,1,230440020185219589,2023-08-20,Fortaleza,0.0,0.0,2686612,24.7142857142857,89.6747637142857,0,0,0,81.9691814285714,72.7401298571429,26.2880951428571,28.4285714285714,,,,,,6548,zika
2018-12-16,201851,1.0,1,1,1,0.39484102,0.0372216,0,2,230440020185119589,2023-08-20,Fortaleza,0.0,0.7459034,2686612,25.4285714285714,88.0496217142857,1,0,0,75.3117978571428,59.932876,27.714286,30.1428571428571,,,,,,6548,zika
2018-12-09,201850,2.0,2,2,2,0.8417954,0.0744432,0,1,230440020185019589,2023-08-20,Fortaleza,0.0,3.0314596,2686612,25.4285714285714,87.4798615714286,1,0,0,74.7957387142857,58.9706897142857,27.9761902857143,30.8571428571429,,,,,,6548,zika
2018-12-02,201849,2.0,2,2,2,0.8761021,0.0744432,0,1,230440020184919589,2023-08-20,Fortaleza,0.0,3.7741394,2686612,26.2857142857143,100.768192285714,1,0,0,86.7295642857143,79.9783667142857,26.9523808571429,27.7142857142857,,,,,,6548,zika
2018-11-25,201848,0.0,0,0,0,0.0,0.0,0,1,230440020184819589,2023-08-20,Fortaleza,0.0,0.0,2686612,26.1428571428571,85.2899632857143,0,0,0,80.2075378571429,74.8889448571429,27.1142857142857,27.8571428571429,,,,,,6548,zika
2018-11-18,201847,0.0,0,0,0,0.0,0.0,0,1,230440020184719589,2023-08-20,Fortaleza,0.0,0.0,2686612,26.5714285714286,83.0040294285714,0,0,0,78.1022628571429,75.5183967142857,27.1428571428571,27.8571428571429,,,,,,6548,zika
2018-11-11,201846,1.0,1,1,1,0.13143584,0.0372216,0,1,230440020184619589,2023-08-20,Fortaleza,0.0,0.3415803,2686612,26.4285714285714,79.5003437142857,0,0,0,77.2017387142857,74.1717537142857,26.9142857142857,27.1428571428571,,,,,,6548,zika
2018-11-04,201845,3.0,3,3,3,0.6189002,0.1116648,0,1,230440020184519589,2023-08-20,Fortaleza,0.0,1.274509,2686612,26.2857142857143,80.1477531428571,0,0,0,76.7884257142857,73.5084,26.9,27.1428571428571,,,,,,6548,zika
2018-10-28,201844,4.0,4,4,4,0.79842854,0.1488864,0,1,230440020184419589,2023-08-20,Fortaleza,0.0,1.9091994,2686612,26.1428571428571,81.5104534285714,0,0,0,77.974152,72.3891725714286,26.7792208571429,28.0,,,,,,6548,zika
2018-10-21,201843,2.0,2,2,2,0.34961772,0.0744432,0,1,230440020184319589,2023-08-20,Fortaleza,0.0,0.7219697,2686612,26.2857142857143,81.5106114285714,0,0,0,78.1360542857143,72.980304,26.792208,27.7142857142857,,,,,,6548,zika
2018-10-14,201842,1.0,1,1,1,0.1297923,0.0372216,0,1,230440020184219589,2023-08-20,Fortaleza,0.0,0.3394752,2686612,25.4285714285714,85.960054,0,0,0,74.2359354285714,59.2719064285714,27.400974,30.2857142857143,,,,,,6548,zika
2018-10-07,201841,3.0,3,3,3,0.6456569,0.1116648,0,1,230440020184119589,2023-08-20,Fortaleza,0.0,1.3544104,2686612,25.8571428571429,82.9470894285714,0,0,0,70.3565807142857,52.6046757142857,27.7976191428571,31.1428571428571,,,,,,6548,zika
2018-09-30,201840,5.0,5,5,5,0.88329256,0.18610801,0,1,230440020184019589,2023-08-20,Fortaleza,0.0,2.4131215,2686612,25.7142857142857,80.1747551428571,0,0,0,73.3105974285714,62.9915542857143,26.8436151428571,28.5714285714286,,,,,,6548,zika
2018-09-23,201839,0.0,0,0,0,0.0,0.0,0,1,230440020183919589,2023-08-20,Fortaleza,0.0,0.0,2686612,25.8571428571429,83.630608,0,0,0,79.9652822857143,74.2303002857143,26.1688314285714,27.0,,,,,,6548,zika
2018-09-16,201838,3.0,3,3,3,0.65185523,0.1116648,0,1,230440020183819589,2023-08-20,Fortaleza,0.0,1.3742505,2686612,24.7142857142857,83.6253545714286,0,0,0,78.2934764285714,72.7333235714286,25.8311685714286,26.8571428571429,,,,,,6548,zika
2018-09-09,201837,2.0,2,2,2,0.510968,0.0744432,0,1,230440020183719589,2023-08-20,Fortaleza,0.0,1.0251874,2686612,24.7142857142857,79.3627337142857,0,0,0,75.7097314285714,70.3404347142857,25.7922077142857,26.2857142857143,,,,,,6548,zika
2018-09-02,201836,2.0,2,2,2,0.6025005,0.0744432,0,1,230440020183619589,2023-08-20,Fortaleza,0.0,1.2781366,2686612,24.4285714285714,83.607808,0,0,0,79.5728057142857,74.0643911428571,25.7012985714286,26.2857142857143,,,,,,6548,zika
2018-08-26,201835,3.0,3,3,3,0.79752135,0.1116648,0,1,230440020183519589,2023-08-20,Fortaleza,0.0,2.0965517,2686612,24.4285714285714,82.1402537142857,0,0,0,77.2358607142857,71.4295112857143,25.6753245714286,26.2857142857143,,,,,,6548,zika
2018-08-19,201834,0.0,0,0,0,0.0,0.0,0,1,230440020183419589,2023-08-20,Fortaleza,0.0,0.0,2686612,24.2857142857143,80.7507791428571,0,0,0,76.3708935714286,70.0787257142857,25.7402597142857,26.4285714285714,,,,,,6548,zika
2018-08-12,201833,3.0,3,3,3,0.7467969,0.1116648,0,1,230440020183319589,2023-08-20,Fortaleza,0.0,1.7690015,2686612,24.7142857142857,83.7381025714286,0,0,0,78.288488,71.3302734285714,26.1953462857143,27.5714285714286,,,,,,6548,zika
2018-08-05,201832,0.0,0,0,0,0.0,0.0,0,1,230440020183219589,2023-08-20,Fortaleza,0.0,0.0,2686612,24.8571428571429,88.062454,0,0,0,76.1118057142857,57.1699405714286,26.9761908571429,30.2857142857143,,,,,,6548,zika
2018-07-29,201831,1.0,1,1,1,0.1506185,0.0372216,0,1,230440020183119589,2023-08-20,Fortaleza,0.0,0.36616233,2686612,24.2857142857143,90.3381388571429,1,0,0,75.8115922857143,59.8326907142857,26.7075571428571,29.7142857142857,,,,,,6548,zika
2018-07-22,201830,4.0,4,4,4,0.7259802,0.1488864,0,1,230440020183019589,2023-08-20,Fortaleza,0.0,1.5600008,2686612,24.4285714285714,84.2947931428571,0,0,0,70.7304771428571,50.6250481428571,27.1547614285714,30.7142857142857,,,,,,6548,zika
2018-07-15,201829,3.0,3,3,3,0.57886434,0.1116648,0,1,230440020182919589,2023-08-20,Fortaleza,0.0,1.169562,2686612,23.7142857142857,85.8112808571429,0,0,0,74.2868437142857,58.445134,26.3685065714286,29.0,,,,,,6548,zika
2018-07-08,201828,1.0,1,1,1,0.24248639,0.0372216,0,1,230440020182819589,2023-08-20,Fortaleza,0.0,0.48923096,2686612,24.0,93.561818,1,0,0,87.3222007142857,81.609103,25.2207791428571,26.1428571428571,,,,,,6548,zika
2018-07-01,201827,5.0,5,5,5,0.9172498,0.18610801,0,1,230440020182719589,2023-08-20,Fortaleza,0.0,2.9096384,2686612,24.4285714285714,88.8144208571429,1,0,0,84.1048842857143,78.7534882857143,25.6753248571429,26.7142857142857,,,,,,6548,zika
2018-06-24,201826,0.0,0,0,0,0.0,0.0,0,1,230440020182619589,2023-08-20,Fortaleza,0.0,0.0,2686612,23.8571428571429,85.0513147142857,0,0,0,79.8933185714286,73.4158664285714,25.3636362857143,26.2857142857143,,,,,,6548,zika
2018-06-17,201825,3.0,3,3,3,0.8337775,0.1116648,0,1,230440020182519589,2023-08-20,Fortaleza,0.0,2.4292817,2686612,24.1428571428571,89.6052831428571,1,0,0,83.462812,76.6316054285714,25.7012985714286,26.7142857142857,,,,,,6548,zika
2018-06-10,201824,1.0,1,1,1,0.16434257,0.0372216,0,1,230440020182419589,2023-08-20,Fortaleza,0.0,0.38384447,2686612,24.0,87.8935585714286,1,0,0,81.4628328571429,76.6189142857143,25.7662337142857,26.8571428571429,,,,,,6548,zika
2018-06-03,201823,0.0,0,0,0,0.0,0.0,0,1,230440020182319589,2023-08-20,Fortaleza,0.0,0.0,2686612,24.7142857142857,95.1725165714286,0,0,0,88.1947314285714,82.9908617142857,25.6753245714286,26.2857142857143,,,,,,6548,zika
2018-05-27,201822,2.0,2,2,2,0.08324466,0.0744432,0,2,230440020182219589,2023-08-20,Fortaleza,0.0,0.36417842,2686612,25.0,91.8801964285714,1,0,0,84.3321628571429,78.8124435714286,26.3246754285714,27.1428571428571,,,,,,6548,zika
2018-05-20,201821,6.0,6,6,6,0.5423261,0.2233296,0,2,230440020182119589,2023-08-20,Fortaleza,0.0,1.0619364,2686612,25.0,95.1844922857143,1,0,0,85.9005971428571,75.3295241428571,26.5638525714286,28.1428571428571,,,,,,6548,zika
2018-05-13,201820,5.0,5,5,5,0.44656324,0.18610801,0,2,230440020182019589,2023-08-20,Fortaleza,0.0,0.92312074,2686612,24.7142857142857,95.1039007142857,1,0,0,80.423238,62.5542118571429,27.4761905714286,30.8571428571429,,,,,,6548,zika
2018-05-06,201819,7.0,7,7,7,0.6384878,0.2605512,0,2,230440020181919589,2023-08-20,Fortaleza,0.0,1.2120761,2686612,24.0,100.0,1,0,0,84.9604342857143,63.5103887142857,26.6369042857143,30.5714285714286,,,,,,6548,zika
2018-04-29,201818,4.0,4,4,4,0.24106008,0.1488864,0,2,230440020181819589,2023-08-20,Fortaleza,0.0,0.6517226,2686612,24.5714285714286,96.6925528571429,1,0,0,80.3195942857143,60.3924607142857,27.589286,31.0,,,,,,6548,zika
2018-04-22,201817,6.0,6,6,6,0.5600656,0.2233296,0,2,230440020181719589,2023-08-20,Fortaleza,0.0,1.089761,2686612,24.8571428571429,95.0447528571429,1,0,0,80.0673528571429,61.4039262857143,27.6071434285714,30.8571428571429,,,,,,6548,zika
2018-04-15,201816,7.0,7,7,7,0.8135848,0.2605512,0,2,230440020181619589,2023-08-20,Fortaleza,0.0,1.6857564,2686612,24.2857142857143,95.89915,1,0,0,89.7401701428571,81.1453385714286,25.6829002857143,27.1428571428571,,,,,,6548,zika
2018-04-04,201815,6.0,6,6,6,0.8147473,0.2233296,0,2,230440020181519589,2023-08-20,Fortaleza,0.0,1.7668934,2686612,23.8571428571429,96.6745242857143,1,0,0,91.2326484285714,79.9817152857143,25.1298702857143,27.4285714285714,,,,,,6548,zika
2018-04-01,201814,4.0,4,4,4,0.50866073,0.1488864,0,2,230440020181419589,2023-08-20,Fortaleza,0.0,1.0147212,2686612,25.0,97.5283964285714,1,0,0,90.4110011428571,84.4722928571429,26.285714,27.2857142857143,,,,,,6548,zika
2018-03-25,201813,2.0,2,2,2,0.13443261,0.0744432,0,2,230440020181319589,2023-08-20,Fortaleza,0.0,0.43267578,2686612,24.7142857142857,99.1761321428571,1,0,0,92.2077085714286,85.4310167142857,25.7792208571429,27.1428571428571,,,,,,6548,zika
2018-03-18,201812,4.0,4,4,4,0.34358853,0.1488864,0,2,230440020181219589,2023-08-20,Fortaleza,0.0,0.774835,2686612,26.2857142857143,89.7106371428571,1,0,0,81.8380835714286,76.980221,27.4025974285714,28.1428571428571,,,,,,6548,zika
2018-03-11,201811,6.0,6,6,6,0.42473456,0.2233296,0,2,230440020181119589,2023-08-20,Fortaleza,0.0,0.90185666,2686612,26.1428571428571,89.672488,1,0,0,83.2444165714286,77.6364787142857,27.3246751428571,28.0,,,,,,6548,zika
2018-03-04,201810,3.0,3,3,3,0.079680406,0.1116648,0,2,230440020181019589,2023-08-20,Fortaleza,0.0,0.41405454,2686612,25.5714285714286,93.601893,1,0,0,86.0311965714286,80.2392608571429,26.792208,27.7142857142857,,,,,,6548,zika
2018-02-25,201809,7.0,7,7,7,0.5663804,0.2605512,0,2,230440020180919589,2023-08-20,Fortaleza,0.0,1.0925767,2686612,24.7142857142857,95.9217807142857,1,0,0,84.8725531428571,72.7433462857143,26.7705628571429,28.8571428571429,,,,,,6548,zika
2018-02-18,201808,11.0,11,11,11,0.8639002,0.4094376,0,2,230440020180819589,2023-08-20,Fortaleza,0.0,1.6825596,2686612,24.1428571428571,99.1701442857143,1,0,0,92.5893557142857,85.509073,25.3344154285714,26.7142857142857,,,,,,6548,zika
2018-02-11,201807,2.0,2,2,2,0.063376874,0.0744432,0,2,230440020180719589,2023-08-20,Fortaleza,0.0,0.33470175,2686612,23.5714285714286,98.3342357142857,1,0,0,91.9360514285714,86.8275965714286,24.6714285714286,25.7142857142857,,,,,,6548,zika
2018-02-04,201806,9.0,9,9,9,0.9151968,0.3349944,0,2,230440020180619589,2023-08-20,Fortaleza,0.0,2.130613,2686612,26.0,91.2651938571429,1,0,0,85.3767977142857,79.073289,27.0273808571429,28.0,,,,,,6548,zika
2018-01-28,201805,7.0,7,7,7,0.91287506,0.2605512,0,1,230440020180519589,2023-08-20,Fortaleza,0.0,2.364633,2686612,25.8571428571429,88.8876154285714,1,0,0,81.1363922857143,74.4170294285714,26.9166665714286,28.2857142857143,,,,,,6548,zika
2018-01-21,201804,3.0,3,3,3,0.5747211,0.1116648,0,1,230440020180419589,2023-08-20,Fortaleza,0.0,1.159546,2686612,25.8571428571429,87.3973801428571,1,0,0,82.006675,77.5011857142857,26.7571428571429,27.2857142857143,,,,,,6548,zika
2018-01-14,201803,3.0,3,3,3,0.5465598,0.1116648,0,1,230440020180319589,2023-08-20,Fortaleza,0.0,1.0950391,2686612,25.2857142857143,85.3597227142857,0,0,0,77.4652044285714,72.5011234285714,26.9892857142857,28.1428571428571,,,,,,6548,zika
2018-01-07,201802,2.0,2,2,2,0.3331653,0.0744432,0,1,230440020180219589,2023-08-20,Fortaleza,0.0,0.69699806,2686612,24.7142857142857,83.6559997142857,0,0,0,78.941362,75.4115208571429,26.1428571428571,27.0,,,,,,6548,zika
2017-12-31,201801,3.0,3,3,3,0.56565154,0.1116648,0,1,230440020180119589,2023-08-20,Fortaleza,0.0,1.1381108,2686612,26.5714285714286,80.847216,0,0,0,78.6217005714286,75.487536,26.9714285714286,27.4285714285714,,,,,,6548,zika
2017-12-24,201752,3.0,3,3,3,0.66986626,0.1116648,0,1,230440020175219589,2023-08-20,Fortaleza,0.0,1.435142,2686612,26.1428571428571,83.6556594285714,0,0,0,79.7594065714286,78.1409508571429,26.9142857142857,27.2857142857143,,,,,,6548,zika
2017-12-17,201751,3.0,3,3,3,0.7278774,0.1116648,0,1,230440020175119589,2023-08-20,Fortaleza,0.0,1.6729895,2686612,26.5714285714286,80.9569448571429,0,0,0,75.5832022857143,72.0107861428571,27.125,27.8571428571429,,,,,,6548,zika
2017-12-10,201750,2.0,2,2,2,0.5396152,0.0744432,0,1,230440020175019589,2023-08-20,Fortaleza,0.0,1.0954503,2686612,26.4285714285714,79.4441531428571,0,0,0,76.6859208571429,74.1717537142857,26.8857142857143,27.2857142857143,,,,,,6548,zika
2017-12-03,201749,1.0,1,1,1,0.23288597,0.0372216,0,1,230440020174919589,2023-08-20,Fortaleza,0.0,0.47566852,2686612,26.2857142857143,79.4642345714286,0,0,0,76.6269742857143,70.6252772857143,27.1680272857143,28.1428571428571,,,,,,6548,zika
2017-11-26,201748,3.0,3,3,3,0.5539975,0.1116648,0,1,230440020174819589,2023-08-20,Fortaleza,0.0,1.1115028,2686612,26.0,79.4912365714286,0,0,0,69.9981021428571,56.7432711428571,28.035714,31.0,,,,,,6548,zika
2017-11-19,201747,0.0,0,0,0,0.0,0.0,0,1,230440020174719589,2023-08-20,Fortaleza,0.0,0.0,2686612,25.7142857142857,82.2723525714286,0,0,0,70.18519,56.174585,27.7916665714286,30.7142857142857,,,,,,6548,zika
2017-11-12,201746,5.0,5,5,5,0.9434696,0.18610801,0,1,230440020174619589,2023-08-20,Fortaleza,0.0,3.5836878,2686612,25.5,81.158405,0,0,0,69.6615,56.8294385,27.541666,30.5,,,,,,6548,zika
2017-11-05,201745,2.0,2,2,2,0.81429356,0.0744432,0,1,230440020174519589,2023-08-20,Fortaleza,0.0,2.6240056,2686612,,81.0225645,0,0,0,,,,,,,,,,6548,zika
2017-10-29,201744,1.0,1,1,1,0.7278897,0.0372216,0,1,230440020174419589,2023-08-20,Fortaleza,0.0,2.182414,2686612,,80.886724,0,0,0,,,,,,,,,,6548,zika
2017-10-22,201743,1.0,1,1,1,0.5786227,0.0372216,0,1,230440020174319589,2023-08-20,Fortaleza,0.0,1.2669371,2686612,,80.7508835,0,0,0,,,,,,,,,,6548,zika
2017-10-15,201742,0.0,0,0,0,0.0,0.0,0,1,230440020174219589,2023-08-20,Fortaleza,0.0,0.0,2686612,,80.615043,0,0,0,,,,,,,,,,6548,zika
2017-10-08,201741,0.0,0,0,0,0.0,0.0,0,1,230440020174119589,2023-08-20,Fortaleza,0.0,0.0,2686612,,80.4792025,0,0,0,,,,,,,,,,6548,zika
2017-10-01,201740,3.0,3,3,3,0.6770138,0.1116648,0,1,230440020174019589,2023-08-20,Fortaleza,0.0,1.4607615,2686612,,80.343362,0,0,0,,,,,,,,,,6548,zika
2017-09-24,201739,0.0,0,0,0,0.0,0.0,0,1,230440020173919589,2023-08-20,Fortaleza,0.0,0.0,2686612,,80.2075215,0,0,0,,,,,,,,,,6548,zika
2017-09-17,201738,2.0,2,2,2,0.3173572,0.0744432,0,1,230440020173819589,2023-08-20,Fortaleza,0.0,0.6736991,2686612,,80.071681,0,0,0,,,,,,,,,,6548,zika
2017-09-10,201737,4.0,4,4,4,0.6497766,0.1488864,0,1,230440020173719589,2023-08-20,Fortaleza,0.0,1.3156539,2686612,,79.9358405,0,0,0,,,,,,,,,,6548,zika
2017-09-03,201736,2.0,2,2,2,0.25628915,0.0744432,0,1,230440020173619589,2023-08-20,Fortaleza,0.0,0.58891726,2686612,23.8,79.8,0,0,0,71.870237,61.4,25.6099208,26.8,,,,,,6548,zika
2017-08-27,201735,4.0,4,4,4,0.3733646,0.1488864,0,1,230440020173519589,2023-08-20,Fortaleza,0.0,0.81315243,2686612,24.8571428571429,78.1428571428571,0,0,0,72.8472224285714,64.4285714285714,25.8869045714286,26.5714285714286,,,,,,6548,zika
2017-08-20,201734,2.0,2,2,2,0.051468797,0.0744432,0,1,230440020173419589,2023-08-20,Fortaleza,0.0,0.31544507,2686612,24.4285714285714,77.7142857142857,0,0,0,74.4345234285714,66.2857142857143,25.5416665714286,26.2857142857143,,,,,,6548,zika
2017-08-13,201733,4.0,4,4,4,0.1860446,0.1488864,0,1,230440020173319589,2023-08-20,Fortaleza,0.0,0.58799535,2686612,24.4285714285714,84.7142857142857,0,0,0,79.0535714285714,72.0,25.4285714285714,26.0,,,,,,6548,zika
2017-08-06,201732,10.0,10,10,10,0.6192637,0.37221602,0,1,230440020173219589,2023-08-20,Fortaleza,0.0,1.1472644,2686612,24.2857142857143,79.5714285714286,0,0,0,74.2876977142857,67.1428571428571,25.4880951428571,26.1428571428571,,,,,,6548,zika
2017-07-30,201731,3.0,3,3,3,0.015813235,0.1116648,0,1,230440020173119589,2023-08-20,Fortaleza,0.0,0.2893044,2686612,23.7142857142857,81.1428571428571,0,0,0,77.30754,70.7142857142857,25.0833334285714,26.1428571428571,,,,,,6548,zika
2017-07-23,201730,9.0,9,9,9,0.4484604,0.3349944,0,1,230440020173019589,2023-08-20,Fortaleza,0.0,0.9428616,2686612,23.5714285714286,84.7142857142857,0,0,0,80.7817457142857,74.5714285714286,24.5694447142857,25.8571428571429,,,,,,6548,zika
2017-07-16,201729,14.0,14,14,14,0.908472,0.5211024,0,1,230440020172919589,2023-08-20,Fortaleza,0.0,1.7661408,2686612,23.8571428571429,87.1428571428571,1,0,0,81.8293657142857,76.1428571428571,24.6825398571429,25.5714285714286,,,,,,6548,zika
2017-07-09,201728,8.0,8,8,8,0.5968412,0.2977728,0,1,230440020172819589,2023-08-20,Fortaleza,0.0,1.1308223,2686612,24.0,81.0,0,0,0,75.2023805714286,68.5714285714286,25.1011905714286,26.1428571428571,,,,,,6548,zika
2017-07-02,201727,9.0,9,9,9,0.49508184,0.3349944,0,1,230440020172719589,2023-08-20,Fortaleza,0.0,0.9943457,2686612,23.8571428571429,85.8571428571429,0,0,0,81.2281742857143,75.7142857142857,24.7896827142857,26.1428571428571,,,,,,6548,zika
2017-06-25,201726,5.0,5,5,5,0.0077464115,0.18610801,0,1,230440020172619589,2023-08-20,Fortaleza,0.0,0.32372093,2686612,24.8571428571429,86.5714285714286,0,0,0,81.4186514285714,76.2857142857143,25.7757935714286,26.2857142857143,,,,,,6548,zika
2017-06-18,201725,7.0,7,7,7,0.00049923256,0.2605512,0,1,230440020172519589,2023-08-20,Fortaleza,0.0,0.28296596,2686612,24.7142857142857,86.4285714285714,0,0,0,81.9087314285714,75.4285714285714,25.644841,26.5714285714286,,,,,,6548,zika
2017-06-11,201724,12.0,12,12,12,0.0003554189,0.4466592,0,1,230440020172419589,2023-08-20,Fortaleza,0.0,0.3493992,2686612,24.5714285714286,88.0,1,0,0,80.9919264285714,73.0,25.9857005714286,27.5714285714286,,,,,,6548,zika
2017-06-04,201723,28.0,28,28,28,0.011342419,1.0422049,0,1,230440020172319589,2023-08-20,Fortaleza,0.0,0.5883964,2686612,24.8571428571429,83.4285714285714,0,0,0,79.32738,72.0,26.0119048571429,27.7142857142857,,,,,,6548,zika
2017-05-28,201722,32.0,32,32,32,0.00033439722,1.1910912,0,1,230440020172219589,2023-08-20,Fortaleza,0.0,0.49209735,2686612,24.7142857142857,92.4285714285714,1,0,0,89.2214285714286,85.0,25.3285714285714,25.8571428571429,,,,,,6548,zika
2017-05-21,201721,41.0,41,41,41,5.6251673e-05,1.5260856,0,1,230440020172119589,2023-08-20,Fortaleza,0.0,0.49095476,2686612,25.5714285714286,86.7142857142857,0,0,0,83.0958057142857,78.4285714285714,26.2307254285714,27.0,,,,,,6548,zika
2017-05-14,201720,72.0,72,72,72,0.0074540167,2.6799552,0,2,230440020172019589,2023-08-20,Fortaleza,0.0,0.69134855,2686612,25.7142857142857,89.7142857142857,1,0,0,83.2923404285714,76.8571428571429,26.8271564285714,27.8571428571429,,,,,,6548,zika
2017-05-07,201719,75.0,75,75,75,0.00036667957,2.79162,0,2,230440020171919589,2023-08-20,Fortaleza,0.0,0.61438394,2686612,25.5714285714286,92.0,1,0,0,87.0127557142857,81.4285714285714,26.5841835714286,27.5714285714286,,,,,,6548,zika
2017-04-30,201718,110.0,110,110,110,0.07300596,4.094376,0,2,230440020171819589,2023-08-20,Fortaleza,0.0,0.829642,2686612,24.8571428571429,94.1428571428571,1,0,0,86.9131771428571,80.0,26.278941,27.7142857142857,,,,,,6548,zika
2017-04-23,201717,124.0,124,124,124,0.22806981,4.6154785,0,2,230440020171719589,2023-08-20,Fortaleza,0.0,0.9117997,2686612,25.2857142857143,94.4285714285714,1,0,0,89.3146822857143,83.2857142857143,26.4200677142857,27.2857142857143,,,,,,6548,zika
2017-04-16,201716,141.0,141,141,141,0.60708606,5.2482457,0,2,230440020171619589,2023-08-20,Fortaleza,0.0,1.033115,2686612,25.7142857142857,93.2857142857143,1,0,0,87.98441,82.1428571428571,26.7140024285714,27.8571428571429,,,,,,6548,zika
2017-04-09,201715,133.0,133,133,133,0.6125161,4.950473,0,2,230440020171519589,2023-08-20,Fortaleza,0.0,1.0359426,2686612,25.0,93.8571428571429,1,0,0,88.7435785714286,74.7142857142857,26.0103682857143,27.1428571428571,,,,,,6548,zika
2017-04-02,201714,140.0,140,140,140,0.9826167,5.2110243,0,2,230440020171419589,2023-08-20,Fortaleza,0.0,1.3092363,2686612,25.2857142857143,93.4285714285714,1,0,0,87.4538872857143,79.8571428571429,26.2487684285714,27.4285714285714,,,,,,6548,zika
2017-03-26,201713,144.0,144,144,144,0.99999046,5.3599105,0,2,230440020171319589,2023-08-20,Fortaleza,0.0,1.7886733,2686612,25.0,95.7142857142857,1,0,0,91.5809522857143,86.7142857142857,25.9214285714286,27.2857142857143,,,,,,6548,zika
2017-03-19,201712,104.0,104,104,104,0.99994653,3.8710465,0,2,230440020171219589,2023-08-20,Fortaleza,0.0,1.8713685,2686612,24.7142857142857,94.2857142857143,1,0,0,90.5498314285714,85.0,25.6204101428571,26.5714285714286,,,,,,6548,zika
2017-03-12,201711,83.0,83,83,83,0.99999434,3.089393,0,2,230440020171119589,2023-08-20,Fortaleza,0.0,2.3087213,2686612,25.0,95.0,1,0,0,88.4002255714286,80.7142857142857,25.9613622857143,27.2857142857143,,,,,,6548,zika
2017-03-05,201710,52.0,52,52,52,0.9995239,1.9355233,0,2,230440020171019589,2023-08-20,Fortaleza,0.0,2.1892142,2686612,25.0,93.4285714285714,1,0,0,88.0236005714286,81.2857142857143,26.3071924285714,27.5714285714286,,,,,,6548,zika
2017-02-26,201709,33.0,33,33,33,0.96442735,1.2283128,0,2,230440020170919589,2023-08-20,Fortaleza,0.0,1.6474941,2686612,24.0,96.5714285714286,1,0,0,92.5039691428571,85.0,25.0170067142857,26.4285714285714,,,,,,6548,zika
2017-02-19,201708,20.0,20,20,20,0.43916148,0.74443203,0,2,230440020170819589,2023-08-20,Fortaleza,0.0,0.953746,2686612,25.1428571428571,93.4285714285714,1,0,0,87.1720514285714,79.1428571428571,26.0566894285714,26.8571428571429,,,,,,6548,zika
2017-02-12,201707,14.0,14,14,14,0.16465437,0.5211024,0,1,230440020170719589,2023-08-20,Fortaleza,0.0,0.71544045,2686612,25.2857142857143,89.7142857142857,1,0,0,85.98593,80.0,25.8496542857143,26.8571428571429,,,,,,6548,zika
2017-02-05,201706,28.0,28,28,28,0.9626728,1.0422049,0,1,230440020170619589,2023-08-20,Fortaleza,0.0,1.7160115,2686612,25.7142857142857,88.2857142857143,1,0,0,82.4031251428571,76.5714285714286,26.9534854285714,27.7142857142857,,,,,,6548,zika
2017-01-29,201705,18.0,18,18,18,0.8241863,0.6699888,0,1,230440020170519589,2023-08-20,Fortaleza,0.0,1.394921,2686612,26.1428571428571,85.4285714285714,0,0,0,80.9655171428571,75.8571428571429,26.7902887142857,27.5714285714286,,,,,,6548,zika
2017-01-22,201704,17.0,17,17,17,0.91987205,0.6327672,0,2,230440020170419589,2023-08-20,Fortaleza,0.0,1.720961,2686612,25.5714285714286,89.0,1,0,0,81.9755437142857,73.7142857142857,26.7419951428571,27.8571428571429,,,,,,6548,zika
2017-01-15,201703,13.0,13,13,13,0.8928586,0.48388082,0,1,230440020170319589,2023-08-20,Fortaleza,0.0,1.7278101,2686612,25.1428571428571,88.8571428571429,1,0,0,82.8632648571429,75.2857142857143,26.3527211428571,27.2857142857143,,,,,,6548,zika
2017-01-08,201702,9.0,9,9,9,0.81141657,0.3349944,0,1,230440020170219589,2023-08-20,Fortaleza,0.0,1.5728213,2686612,25.0,88.7142857142857,1,0,0,83.3635685714286,77.0,25.9100528571429,26.5714285714286,,,,,,6548,zika
2017-01-01,201701,8.0,8,8,8,0.81729174,0.2977728,0,1,230440020170119589,2023-08-20,Fortaleza,0.0,1.6411648,2686612,26.2857142857143,86.7142857142857,0,0,0,79.1232991428571,68.8571428571429,27.1607144285714,28.1428571428571,,,,,,6548,zika
2016-12-25,201652,5.0,5,5,5,0.5449953,0.18610801,0,1,230440020165219589,2023-08-20,Fortaleza,0.0,1.0721273,2686612,26.0,83.8571428571429,0,0,0,76.3163257142857,65.8571428571429,27.260204,28.2857142857143,,,,,,6548,zika
2016-12-18,201651,4.0,4,4,4,0.42385942,0.1488864,0,1,230440020165119589,2023-08-20,Fortaleza,0.0,0.88226193,2686612,26.0,83.8571428571429,0,0,0,76.3877557142857,66.8571428571429,27.1496597142857,28.1428571428571,,,,,,6548,zika
2016-12-11,201650,6.0,6,6,6,0.5816235,0.2233296,0,1,230440020165019589,2023-08-20,Fortaleza,0.0,1.1253176,2686612,26.1428571428571,82.8571428571429,0,0,0,78.1148828571429,72.4285714285714,26.8628607142857,27.4285714285714,,,,,,6548,zika
2016-12-04,201649,3.0,3,3,3,0.12143896,0.1116648,0,1,230440020164919589,2023-08-20,Fortaleza,0.0,0.47081637,2686612,25.8571428571429,82.4285714285714,0,0,0,77.6403057142857,70.8571428571429,26.5510204285714,27.2857142857143,,,,,,6548,zika
2016-11-27,201648,5.0,5,5,5,0.3241624,0.18610801,0,1,230440020164819589,2023-08-20,Fortaleza,0.0,0.7706565,2686612,26.2857142857143,79.4285714285714,0,0,0,71.7661548571429,60.2857142857143,27.3928572857143,29.2857142857143,,,,,,6548,zika
2016-11-20,201647,8.0,8,8,8,0.63493407,0.2977728,0,1,230440020164719589,2023-08-20,Fortaleza,0.0,1.1913877,2686612,26.2857142857143,79.4285714285714,0,0,0,75.1632657142857,67.5714285714286,26.9336735714286,27.5714285714286,,,,,,6548,zika
2016-11-13,201646,6.0,6,6,6,0.26807564,0.2233296,0,1,230440020164619589,2023-08-20,Fortaleza,0.0,0.72610146,2686612,25.8571428571429,82.5714285714286,0,0,0,77.2245842857143,69.0,26.7191987142857,27.8571428571429,,,,,,6548,zika
2016-11-06,201645,6.0,6,6,6,0.14139608,0.2233296,0,1,230440020164519589,2023-08-20,Fortaleza,0.0,0.58917844,2686612,25.8571428571429,82.7142857142857,0,0,0,76.2508491428571,67.8571428571429,26.7257178571429,28.1428571428571,,,,,,6548,zika
2016-10-30,201644,7.0,7,7,7,0.16081806,0.2605512,0,1,230440020164419589,2023-08-20,Fortaleza,0.0,0.6306091,2686612,25.7142857142857,79.4285714285714,0,0,0,72.1709181428571,62.8571428571429,26.7091838571429,27.5714285714286,,,,,,6548,zika
2016-10-23,201643,13.0,13,13,13,0.61070657,0.48388082,0,1,230440020164319589,2023-08-20,Fortaleza,0.0,1.1179376,2686612,25.7142857142857,80.5714285714286,0,0,0,74.4742057142857,67.4285714285714,26.3591271428571,27.1428571428571,,,,,,6548,zika
2016-10-16,201642,9.0,9,9,9,0.28075904,0.3349944,0,1,230440020164219589,2023-08-20,Fortaleza,0.0,0.7774087,2686612,25.5714285714286,80.0,0,0,0,75.5,68.5714285714286,26.364796,27.5714285714286,,,,,,6548,zika
2016-10-09,201641,14.0,14,14,14,0.67115253,0.5211024,0,1,230440020164119589,2023-08-20,Fortaleza,0.0,1.1876945,2686612,25.5714285714286,75.0,0,0,0,70.6150792857143,62.8571428571429,26.405612,27.4285714285714,,,,,,6548,zika
2016-10-02,201640,10.0,10,10,10,0.1185484,0.37221602,0,1,230440020164019589,2023-08-20,Fortaleza,0.0,0.6292616,2686612,25.2857142857143,82.7142857142857,0,0,0,74.670918,63.1428571428571,26.5728454285714,28.7142857142857,,,,,,6548,zika
2016-09-25,201639,13.0,13,13,13,0.0023367663,0.48388082,0,1,230440020163919589,2023-08-20,Fortaleza,0.0,0.41436085,2686612,25.5714285714286,79.0,0,0,0,73.2088907142857,64.7142857142857,26.3739678571429,27.8571428571429,,,,,,6548,zika
2016-09-18,201638,9.0,9,9,9,9.374437e-08,0.3349944,0,1,230440020163819589,2023-08-20,Fortaleza,0.0,0.19808164,2686612,25.4285714285714,80.8571428571429,0,0,0,75.6507935714286,69.4285714285714,26.1031742857143,27.0,,,,,,6548,zika
2016-09-11,201637,16.0,16,16,16,0.0012081809,0.5955456,0,1,230440020163719589,2023-08-20,Fortaleza,0.0,0.42396116,2686612,25.0,83.4285714285714,0,0,0,77.6615648571429,70.4285714285714,25.8639454285714,26.7142857142857,,,,,,6548,zika
2016-09-04,201636,86.0,86,86,86,1.0,3.2010577,0,1,230440020163619589,2023-08-20,Fortaleza,0.0,3.256621,2686612,25.0,76.2857142857143,0,0,0,72.1048757142857,63.8571428571429,25.7993195714286,26.4285714285714,,,,,,6548,zika
2016-08-28,201635,22.0,22,22,22,0.4348303,0.8188752,0,1,230440020163519589,2023-08-20,Fortaleza,0.0,0.9527252,2686612,24.8571428571429,79.7142857142857,0,0,0,70.7517014285714,57.7142857142857,26.496032,28.2857142857143,,,,,,6548,zika
2016-08-21,201634,25.0,25,25,25,0.43500695,0.93054,0,1,230440020163419589,2023-08-20,Fortaleza,0.0,0.95562434,2686612,24.2857142857143,83.4285714285714,0,0,0,75.2567612857143,65.0,25.8271482857143,26.8571428571429,,,,,,6548,zika
2016-08-14,201633,21.0,21,21,21,0.030868819,0.78165364,0,1,230440020163319589,2023-08-20,Fortaleza,0.0,0.6039027,2686612,24.4285714285714,85.5714285714286,0,0,0,78.1793242857143,70.2857142857143,25.5665704285714,26.5714285714286,,,,,,6548,zika
2016-08-07,201632,23.0,23,23,23,0.003041997,0.8560968,0,1,230440020163219589,2023-08-20,Fortaleza,0.0,0.50745225,2686612,24.4285714285714,82.8571428571429,0,0,0,74.9846944285714,66.7142857142857,25.6156468571429,26.4285714285714,,,,,,6548,zika
2016-07-31,201631,31.0,31,31,31,0.012472236,1.1538696,0,1,230440020163119589,2023-08-20,Fortaleza,0.0,0.6065343,2686612,23.7142857142857,80.8571428571429,0,0,0,73.2303458571429,61.1428571428571,25.5510205714286,27.4285714285714,,,,,,6548,zika
2016-07-24,201630,52.0,52,52,52,0.3068504,1.9355233,0,1,230440020163019589,2023-08-20,Fortaleza,0.0,0.9082132,2686612,23.8571428571429,81.4285714285714,0,0,0,72.712586,62.7142857142857,25.6184811428571,27.0,,,,,,6548,zika
2016-07-17,201629,54.0,54,54,54,0.050384924,2.0099664,0,1,230440020162919589,2023-08-20,Fortaleza,0.0,0.74633336,2686612,24.4285714285714,84.7142857142857,0,0,0,78.6947277142857,71.1428571428571,25.7318598571429,26.7142857142857,,,,,,6548,zika
2016-07-10,201628,45.0,45,45,45,2.2727621e-05,1.674972,0,1,230440020162819589,2023-08-20,Fortaleza,0.0,0.48852843,2686612,24.8571428571429,83.4285714285714,0,0,0,76.7287414285714,67.7142857142857,26.0119052857143,27.4285714285714,,,,,,6548,zika
2016-07-03,201627,74.0,74,74,74,0.0016771416,2.7543986,0,1,230440020162719589,2023-08-20,Fortaleza,0.0,0.6492822,2686612,24.4285714285714,85.7142857142857,0,0,0,78.5454277142857,68.1428571428571,25.8440747142857,27.0,,,,,,6548,zika
2016-06-26,201626,93.0,93,93,93,0.0006927375,3.461609,0,1,230440020162619589,2023-08-20,Fortaleza,0.0,0.6562033,2686612,23.8571428571429,79.0,0,0,0,72.1836742857143,62.0,25.5768144285714,27.1428571428571,,,,,,6548,zika
2016-06-19,201625,109.0,109,109,109,3.6787842e-05,4.0571547,0,1,230440020162519589,2023-08-20,Fortaleza,0.0,0.62124294,2686612,25.1428571428571,81.1428571428571,0,0,0,75.6774364285714,66.5714285714286,26.3914395714286,27.4285714285714,,,,,,6548,zika
2016-06-12,201624,139.0,139,139,139,0.0001526263,5.1738024,0,1,230440020162419589,2023-08-20,Fortaleza,0.0,0.6755778,2686612,24.8571428571429,86.4285714285714,0,0,0,79.5223898571429,70.8571428571429,26.1746032857143,27.5714285714286,,,,,,6548,zika
2016-06-05,201623,173.0,173,173,173,0.008807799,6.439337,0,1,230440020162319589,2023-08-20,Fortaleza,0.0,0.7865594,2686612,25.2857142857143,89.7142857142857,1,0,1,82.4392871428571,74.4285714285714,26.2605444285714,27.8571428571429,,,,,,6548,zika
2016-05-29,201622,222.0,222,222,222,0.6044038,8.263195,0,1,230440020162219589,2023-08-20,Fortaleza,0.0,1.0255872,2686612,25.7142857142857,91.1428571428571,1,0,1,84.2312905714286,77.0,26.8287984285714,27.4285714285714,,,,,,6548,zika
2016-05-22,201621,225.0,225,225,225,0.8202564,8.37486,0,1,230440020162119589,2023-08-20,Fortaleza,0.0,1.0922449,2686612,25.8571428571429,86.0,0,0,1,80.5229601428571,72.7142857142857,26.703515,27.5714285714286,,,,,,6548,zika
2016-05-15,201620,232.0,232,232,232,0.9424348,8.635411,0,2,230440020162019589,2023-08-20,Fortaleza,0.0,1.1639237,2686612,25.5714285714286,88.8571428571429,1,0,1,82.00312,74.5714285714286,26.623583,27.8571428571429,,,,,,6548,zika
2016-05-08,201619,185.0,185,185,185,0.49897024,6.8859963,0,2,230440020161919589,2023-08-20,Fortaleza,0.0,0.99973196,2686612,25.4285714285714,92.7142857142857,1,0,1,87.3713664285714,79.5714285714286,26.4615334285714,27.7142857142857,,,,,,6548,zika
2016-05-01,201618,220.0,220,220,220,0.99923116,8.188752,0,3,230440020161819589,2023-08-20,Fortaleza,0.0,1.3873566,2686612,25.7142857142857,90.4285714285714,1,1,1,83.2111672857143,74.8571428571429,26.6244334285714,27.5714285714286,,,,,,6548,zika
2016-04-24,201617,183.0,183,183,183,0.99906415,6.811553,0,3,230440020161719589,2023-08-20,Fortaleza,0.0,1.4258671,2686612,25.7142857142857,89.0,1,1,1,82.5304672857143,74.8571428571429,26.9375315714286,28.0,,,,,,6548,zika
2016-04-17,201616,176.0,176,176,176,0.9999017,6.5510015,0,2,230440020161619589,2023-08-20,Fortaleza,0.0,1.5569113,2686612,25.1428571428571,88.0,1,1,1,80.1961677142857,68.8571428571429,26.755905,29.0,,,,,,6548,zika
2016-04-10,201615,106.0,106,106,106,0.39630187,3.9454896,0,2,230440020161519589,2023-08-20,Fortaleza,0.0,0.9649045,2686612,25.4285714285714,90.4285714285714,1,0,0,78.2551585714286,59.4285714285714,27.9434764285714,30.5714285714286,,,,,,6548,zika
2016-04-03,201614,112.0,112,112,112,0.57863325,4.1688194,0,2,230440020161419589,2023-08-20,Fortaleza,0.0,1.026997,2686612,25.1428571428571,95.1428571428571,1,0,0,91.5896815714286,86.0,25.984127,26.8571428571429,,,,,,6548,zika
2016-03-27,201613,111.0,111,111,111,0.65738726,4.1315975,0,2,230440020161319589,2023-08-20,Fortaleza,0.0,1.0566013,2686612,24.8571428571429,97.0,1,0,0,91.6691192857143,77.2857142857143,25.7689957142857,27.1428571428571,,,,,,6548,zika
2016-03-20,201612,108.0,108,108,108,0.7788811,4.0199327,0,2,230440020161219589,2023-08-20,Fortaleza,0.0,1.1131461,2686612,25.8571428571429,91.1428571428571,1,0,0,84.1512041428571,77.0,27.1478045714286,28.4285714285714,,,,,,6548,zika
2016-03-13,201611,115.0,115,115,115,0.9612848,4.280484,0,2,230440020161119589,2023-08-20,Fortaleza,0.0,1.2804409,2686612,25.2857142857143,92.8571428571429,1,0,0,84.7918972857143,75.2857142857143,26.7810247142857,28.7142857142857,,,,,,6548,zika
2016-03-06,201610,89.0,89,89,89,0.75812,3.3127224,0,2,230440020161019589,2023-08-20,Fortaleza,0.0,1.1135687,2686612,26.2857142857143,88.2857142857143,1,0,0,81.8051448571429,74.4285714285714,27.4696225714286,28.5714285714286,,,,,,6548,zika
2016-02-28,201609,95.0,95,95,95,0.9880381,3.536052,0,2,230440020160919589,2023-08-20,Fortaleza,0.0,1.4295517,2686612,26.1428571428571,88.1428571428571,1,0,0,81.3461842857143,72.7142857142857,27.4668365714286,28.7142857142857,,,,,,6548,zika
2016-02-21,201608,85.0,85,85,85,0.99561524,3.163836,0,2,230440020160819589,2023-08-20,Fortaleza,0.0,1.5657046,2686612,26.1428571428571,89.7142857142857,1,0,0,84.2879814285714,77.2857142857143,26.8072561428571,27.7142857142857,,,,,,6548,zika
2016-02-14,201607,62.0,62,62,62,0.9594416,2.3077393,0,2,230440020160719589,2023-08-20,Fortaleza,0.0,1.4045091,2686612,26.0,87.4285714285714,1,0,0,82.896962,76.0,26.7620412857143,27.8571428571429,,,,,,6548,zika
2016-02-07,201606,56.0,56,56,56,0.979656,2.0844097,0,2,230440020160619589,2023-08-20,Fortaleza,0.0,1.5350358,2686612,25.2857142857143,90.4285714285714,1,0,0,77.753365,59.7142857142857,27.6684112857143,30.1428571428571,,,,,,6548,zika
2016-01-31,201605,43.0,43,43,43,0.9528632,1.6005288,0,2,230440020160519589,2023-08-20,Fortaleza,0.0,1.4860004,2686612,24.5714285714286,93.4285714285714,1,0,0,81.8695362857143,65.2857142857143,26.6282981428571,29.2857142857143,,,,,,6548,zika
2016-01-24,201604,33.0,33,33,33,0.97978735,1.2283128,0,2,230440020160419589,2023-08-20,Fortaleza,0.0,1.7826293,2686612,25.1428571428571,90.5714285714286,1,0,0,80.77551,64.8571428571429,26.3852042857143,27.4285714285714,,,,,,6548,zika
2016-01-17,201603,38.0,38,38,38,0.9999811,1.4144208,0,2,230440020160319589,2023-08-20,Fortaleza,0.0,3.6361744,2686612,24.7142857142857,93.0,1,0,0,87.3680428571429,80.1428571428571,25.6679035714286,26.8571428571429,,,,,,6548,zika
2016-01-10,201602,12.0,12,12,12,0.9395776,0.4466592,0,1,230440020160219589,2023-08-20,Fortaleza,0.0,2.1040733,2686612,26.0,90.4285714285714,1,0,0,84.5086408571429,75.8571428571429,26.6768434285714,27.4285714285714,,,,,,6548,zika
2016-01-03,201601,10.0,10,10,10,0.9901956,0.37221602,0,1,230440020160119589,2023-08-20,Fortaleza,0.0,4.1829166,2686612,26.1428571428571,87.5714285714286,1,0,0,84.0807822857143,78.1428571428571,26.6785714285714,27.5714285714286,,,,,,6548,zika
2015-12-27,201552,6.0,6,6,6,0.99427944,0.2233296,0,1,230440020155219589,2023-08-20,Fortaleza,0.0,10.60227,2686612,25.5714285714286,85.4285714285714,0,0,0,79.73082,72.2857142857143,26.505291,27.4285714285714,,,,,,6548,zika
2015-12-20,201551,1.0,1,1,1,0.9632679,0.0372216,0,1,230440020155119589,2023-08-20,Fortaleza,0.0,18.521618,2686612,25.8571428571429,83.4285714285714,0,0,0,78.4409485714286,71.4285714285714,26.6037415714286,27.5714285714286,,,,,,6548,zika
2015-12-13,201550,0.0,0,0,0,0.5,0.0,0,1,230440020155019589,2023-08-20,Fortaleza,0.0,0.0,2686612,26.1428571428571,83.0,0,0,0,77.7448985714286,68.1428571428571,27.0918365714286,28.8571428571429,,,,,,6548,zika
2015-12-06,201549,0.0,0,0,0,0.5,0.0,0,1,230440020154919589,2023-08-20,Fortaleza,0.0,0.0,2686612,26.0,80.7142857142857,0,0,0,72.1454071428571,60.1428571428571,27.4311224285714,29.1428571428571,,,,,,6548,zika
2015-11-29,201548,0.0,0,0,0,0.5,0.0,0,1,230440020154819589,2023-08-20,Fortaleza,0.0,0.0,2686612,26.4285714285714,79.4285714285714,0,0,0,69.07861,52.2857142857143,28.1902874285714,31.0,,,,,,6548,zika
2015-11-22,201547,0.0,0,0,0,0.5,0.0,0,1,230440020154719589,2023-08-20,Fortaleza,0.0,0.0,2686612,25.8571428571429,82.4285714285714,0,0,0,71.6173485714286,54.5714285714286,27.8877554285714,31.0,,,,,,6548,zika
2015-11-15,201546,0.0,0,0,0,0.5,0.0,0,1,230440020154619589,2023-08-20,Fortaleza,0.0,0.0,2686612,25.4285714285714,82.7142857142857,0,0,0,70.4268251428571,54.4285714285714,27.666084,30.8571428571429,,,,,,6548,zika
2015-11-08,201545,0.0,0,0,0,0.5,0.0,0,1,230440020154519589,2023-08-20,Fortaleza,0.0,0.0,2686612,25.0,84.0,0,0,0,69.95408,52.1428571428571,27.2142857142857,30.0,,,,,,6548,zika
2015-11-01,201544,0.0,0,0,0,0.5,0.0,0,1,230440020154419589,2023-08-20,Fortaleza,0.0,0.0,2686612,25.125,79.875,0,0,0,65.956043,46.875,27.5192305,30.625,,,,,,6548,zika
2015-10-25,201543,0.0,0,0,0,0.5,0.0,0,1,230440020154319589,2023-08-20,Fortaleza,0.0,0.0,2686612,25.1428571428571,80.8571428571429,0,0,0,68.34146,50.4285714285714,27.2246788571429,30.0,,,,,,6548,zika
2015-10-18,201542,0.0,0,0,0,0.5,0.0,0,1,230440020154219589,2023-08-20,Fortaleza,0.0,0.0,2686612,25.2857142857143,80.1428571428571,0,0,0,68.6710142857143,49.1428571428571,27.2561412857143,30.1428571428571,,,,,,6548,zika
2015-10-11,201541,0.0,0,0,0,0.5,0.0,0,1,230440020154119589,2023-08-20,Fortaleza,0.0,0.0,2686612,24.8571428571429,82.8571428571429,0,0,0,66.3476938571429,45.4285714285714,27.510015,30.8571428571429,,,,,,6548,zika
2015-10-04,201540,0.0,0,0,0,0.5,0.0,0,1,230440020154019589,2023-08-20,Fortaleza,0.0,0.0,2686612,25.1428571428571,79.5714285714286,0,0,0,68.5050985714286,50.5714285714286,27.2142857142857,30.1428571428571,,,,,,6548,zika
2015-09-27,201539,0.0,0,0,0,0.5,0.0,0,1,230440020153919589,2023-08-20,Fortaleza,0.0,0.0,2686612,24.8571428571429,75.5714285714286,0,0,0,63.3061234285714,43.5714285714286,27.030612,30.1428571428571,,,,,,6548,zika
2015-09-20,201538,0.0,0,0,0,0.5,0.0,0,1,230440020153819589,2023-08-20,Fortaleza,0.0,0.0,2686612,24.8571428571429,74.4285714285714,0,0,0,64.479592,46.1428571428571,26.8367347142857,29.7142857142857,,,,,,6548,zika
2015-09-13,201537,0.0,0,0,0,0.5,0.0,0,1,230440020153719589,2023-08-20,Fortaleza,0.0,0.0,2686612,24.7142857142857,78.8571428571429,0,0,0,63.8573114285714,46.1428571428571,26.8366042857143,29.7142857142857,,,,,,6548,zika
2015-09-06,201536,0.0,0,0,0,0.5,0.0,0,1,230440020153619589,2023-08-20,Fortaleza,0.0,0.0,2686612,25.0,78.4285714285714,0,0,0,65.4451612857143,43.1428571428571,26.9814881428571,29.8571428571429,,,,,,6548,zika
2015-08-30,201535,0.0,0,0,0,0.5,0.0,0,1,230440020153519589,2023-08-20,Fortaleza,0.0,0.0,2686612,24.4285714285714,80.8571428571429,0,0,0,67.2317137142857,49.2857142857143,26.4652508571429,29.1428571428571,,,,,,6548,zika
2015-08-23,201534,0.0,0,0,0,0.5,0.0,0,1,230440020153419589,2023-08-20,Fortaleza,0.0,0.0,2686612,24.7142857142857,75.0,0,0,0,64.0153072857143,46.7142857142857,26.5714282857143,29.0,,,,,,6548,zika
2015-08-16,201533,0.0,0,0,0,0.5,0.0,0,1,230440020153319589,2023-08-20,Fortaleza,0.0,0.0,2686612,23.8571428571429,78.0,0,0,0,64.4377548571428,41.8571428571429,26.4377551428571,29.4285714285714,,,,,,6548,zika
2015-08-09,201532,0.0,0,0,0,0.5,0.0,0,1,230440020153219589,2023-08-20,Fortaleza,0.0,0.0,2686612,23.5714285714286,75.7142857142857,0,0,0,62.8928571428571,42.5714285714286,26.5459182857143,29.7142857142857,,,,,,6548,zika
2015-08-02,201531,0.0,0,0,0,0.5,0.0,0,1,230440020153119589,2023-08-20,Fortaleza,0.0,0.0,2686612,23.5714285714286,78.1428571428571,0,0,0,64.340958,42.8571428571429,26.5640397142857,29.2857142857143,,,,,,6548,zika
2015-07-26,201530,0.0,0,0,0,0.5,0.0,0,1,230440020153019589,2023-08-20,Fortaleza,0.0,0.0,2686612,22.8571428571429,87.1428571428571,0,0,0,67.0760032857143,48.2857142857143,26.1230061428571,29.2857142857143,,,,,,6548,zika
2015-07-19,201529,0.0,0,0,0,0.5,0.0,0,1,230440020152919589,2023-08-20,Fortaleza,0.0,0.0,2686612,24.2857142857143,81.1428571428571,0,0,0,68.3018385714286,50.7142857142857,26.5608161428571,29.2857142857143,,,,,,6548,zika
2015-07-12,201528,0.0,0,0,0,0.5,0.0,0,1,230440020152819589,2023-08-20,Fortaleza,0.0,0.0,2686612,23.1428571428571,87.4285714285714,0,0,0,68.67868,48.4285714285714,26.2279515714286,29.2857142857143,,,,,,6548,zika
2015-07-05,201527,0.0,0,0,0,0.5,0.0,0,1,230440020152719589,2023-08-20,Fortaleza,0.0,0.0,2686612,23.7142857142857,87.0,0,0,0,72.5922277142857,51.4285714285714,26.2320318571429,29.2857142857143,,,,,,6548,zika
2015-06-28,201526,0.0,0,0,0,0.5,0.0,0,1,230440020152619589,2023-08-20,Fortaleza,0.0,0.0,2686612,24.2857142857143,85.5714285714286,0,0,0,73.5831707142857,55.5714285714286,26.4011454285714,29.0,,,,,,6548,zika
2015-06-21,201525,0.0,0,0,0,0.5,0.0,0,1,230440020152519589,2023-08-20,Fortaleza,0.0,0.0,2686612,23.5714285714286,83.1428571428571,0,0,0,68.7421,47.2857142857143,26.4206715714286,29.4285714285714,,,,,,6548,zika
2015-06-14,201524,0.0,0,0,0,0.5,0.0,0,1,230440020152419589,2023-08-20,Fortaleza,0.0,0.0,2686612,24.2857142857143,81.5714285714286,0,0,0,67.4016522857143,48.4285714285714,26.9111541428571,29.7142857142857,,,,,,6548,zika
2015-06-07,201523,0.0,0,0,0,0.5,0.0,0,1,230440020152319589,2023-08-20,Fortaleza,0.0,0.0,2686612,24.2857142857143,84.2857142857143,0,0,0,69.8010214285714,50.1428571428571,27.0051022857143,29.5714285714286,,,,,,6548,zika
2015-05-31,201522,0.0,0,0,0,0.5,0.0,0,1,230440020152219589,2023-08-20,Fortaleza,0.0,0.0,2686612,24.2857142857143,85.5714285714286,0,0,0,71.5166228571429,51.7142857142857,27.0021392857143,29.7142857142857,,,,,,6548,zika
2015-05-24,201521,0.0,0,0,0,0.5,0.0,0,1,230440020152119589,2023-08-20,Fortaleza,0.0,0.0,2686612,25.0,85.8571428571429,0,0,0,72.9675422857143,55.2857142857143,27.4701854285714,30.0,,,,,,6548,zika
2015-05-17,201520,0.0,0,0,0,0.5,0.0,0,1,230440020152019589,2023-08-20,Fortaleza,0.0,0.0,2686612,25.2857142857143,82.1428571428571,0,0,0,68.6856085714286,49.7142857142857,27.8870508571429,30.5714285714286,,,,,,6548,zika
2015-05-10,201519,0.0,0,0,0,0.5,0.0,0,1,230440020151919589,2023-08-20,Fortaleza,0.0,0.0,2686612,24.8571428571429,83.1428571428571,0,0,0,67.0255114285714,48.0,27.7806121428571,30.2857142857143,,,,,,6548,zika
2015-05-03,201518,0.0,0,0,0,0.5,0.0,0,1,230440020151819589,2023-08-20,Fortaleza,0.0,0.0,2686612,24.8571428571429,85.5714285714286,0,0,0,72.0560507142857,52.4285714285714,27.4428251428571,30.2857142857143,,,,,,6548,zika
2015-04-26,201517,0.0,0,0,0,0.5,0.0,0,1,230440020151719589,2023-08-20,Fortaleza,0.0,0.0,2686612,25.0,88.1428571428571,0,0,0,73.58696,56.2857142857143,27.4649657142857,30.0,,,,,,6548,zika
2015-04-19,201516,0.0,0,0,0,0.5,0.0,0,1,230440020151619589,2023-08-20,Fortaleza,0.0,0.0,2686612,24.7142857142857,87.1428571428571,0,0,0,76.8718562857143,60.8571428571429,26.5584925714286,29.4285714285714,,,,,,6548,zika
2015-04-12,201515,0.0,0,0,0,0.5,0.0,0,1,230440020151519589,2023-08-20,Fortaleza,0.0,0.0,2686612,24.4285714285714,90.2857142857143,0,0,0,76.8926265714286,57.1428571428571,26.7428831428571,29.2857142857143,,,,,,6548,zika
2015-04-05,201514,0.0,0,0,0,0.5,0.0,0,1,230440020151419589,2023-08-20,Fortaleza,0.0,0.0,2686612,24.4285714285714,89.4285714285714,0,0,0,74.5258978571429,55.1428571428571,27.155571,30.0,,,,,,6548,zika
2015-03-29,201513,0.0,0,0,0,0.5,0.0,0,1,230440020151319589,2023-08-20,Fortaleza,0.0,0.0,2686612,23.8571428571429,92.4285714285714,0,0,0,79.5495478571429,58.8571428571429,26.2551395714286,28.8571428571429,,,,,,6548,zika
2015-03-22,201512,0.0,0,0,0,0.5,0.0,0,1,230440020151219589,2023-08-20,Fortaleza,0.0,0.0,2686612,23.7142857142857,94.0,0,0,0,75.7199162857143,55.2857142857143,26.5058055714286,29.5714285714286,,,,,,6548,zika
2015-03-15,201511,0.0,0,0,0,0.5,0.0,0,1,230440020151119589,2023-08-20,Fortaleza,0.0,0.0,2686612,25.0,85.2857142857143,0,0,0,71.406538,53.1428571428571,27.4959185714286,30.1428571428571,,,,,,6548,zika
2015-03-08,201510,0.0,0,0,0,0.5,0.0,0,1,230440020151019589,2023-08-20,Fortaleza,0.0,0.0,2686612,24.2857142857143,90.4285714285714,0,0,0,78.38284,62.0,26.3865921428571,28.8571428571429,,,,,,6548,zika
2015-03-01,201509,0.0,0,0,0,0.5,0.0,0,1,230440020150919589,2023-08-20,Fortaleza,0.0,0.0,2686612,23.8571428571429,90.1428571428571,0,0,0,75.6435885714286,55.5714285714286,26.5930677142857,29.4285714285714,,,,,,6548,zika
2015-02-22,201508,0.0,0,0,0,0.5,0.0,0,1,230440020150819589,2023-08-20,Fortaleza,0.0,0.0,2686612,23.8571428571429,91.8571428571429,0,0,0,80.6850162857143,55.8571428571429,25.75046,28.1428571428571,,,,,,6548,zika
2015-02-15,201507,0.0,0,0,0,0.5,0.0,0,1,230440020150719589,2023-08-20,Fortaleza,0.0,0.0,2686612,25.0,84.4285714285714,0,0,0,72.7504057142857,57.0,27.0663008571429,29.2857142857143,,,,,,6548,zika
2015-02-08,201506,0.0,0,0,0,0.5,0.0,0,1,230440020150619589,2023-08-20,Fortaleza,0.0,0.0,2686612,26.2857142857143,75.8571428571429,0,0,0,63.7498098571429,43.7142857142857,28.3531747142857,31.1428571428571,,,,,,6548,zika
2015-02-01,201505,0.0,0,0,0,0.5,0.0,0,1,230440020150519589,2023-08-20,Fortaleza,0.0,0.0,2686612,26.0,79.1428571428571,0,0,0,67.7091842857143,48.7142857142857,27.9132652857143,31.0,,,,,,6548,zika
2015-01-25,201504,0.0,0,0,0,0.5,0.0,0,1,230440020150419589,2023-08-20,Fortaleza,0.0,0.0,2686612,25.4285714285714,77.0,0,0,0,63.9591832857143,44.5714285714286,27.5459184285714,30.2857142857143,,,,,,6548,zika
2015-01-18,201503,0.0,0,0,0,0.5,0.0,0,1,230440020150319589,2023-08-20,Fortaleza,0.0,0.0,2686612,25.7142857142857,77.5714285714286,0,0,0,66.2806132857143,50.1428571428571,27.5153064285714,30.0,,,,,,6548,zika
2015-01-11,201502,0.0,0,0,0,0.5,0.0,0,1,230440020150219589,2023-08-20,Fortaleza,0.0,0.0,2686612,25.5714285714286,78.0,0,0,0,65.6936494285714,45.2857142857143,27.5246031428571,30.2857142857143,,,,,,6548,zika
2015-01-04,201501,0.0,0,0,0,0.5,0.0,0,1,230440020150119589,2023-08-20,Fortaleza,0.0,0.0,2686612,25.2857142857143,78.4285714285714,0,0,0,67.9476581428571,49.5714285714286,27.0319351428571,29.0,,,,,,6548,zika
2014-12-28,201453,0.0,0,0,0,0.5,0.0,0,1,230440020145319589,2023-08-20,Fortaleza,0.0,0.0,2686612,24.8571428571429,81.2857142857143,0,0,0,69.1279314285714,50.7142857142857,26.8700254285714,29.2857142857143,,,,,,6548,zika
2014-12-21,201452,0.0,0,0,0,0.5,0.0,0,1,230440020145219589,2023-08-20,Fortaleza,0.0,0.0,2686612,26.0,72.8571428571429,0,0,0,63.0408165714286,45.2857142857143,27.632653,30.1428571428571,,,,,,6548,zika
2014-12-14,201451,0.0,0,0,0,0.5,0.0,0,1,230440020145119589,2023-08-20,Fortaleza,0.0,0.0,2686612,25.4285714285714,77.0,0,0,0,64.2077765714286,46.0,27.447572,30.0,,,,,,6548,zika
2014-12-07,201450,0.0,0,0,0,0.5,0.0,0,1,230440020145019589,2023-08-20,Fortaleza,0.0,0.0,2686612,25.5714285714286,76.4285714285714,0,0,0,64.5564752857143,47.7142857142857,27.5589374285714,30.5714285714286,,,,,,6548,zika
2014-11-30,201449,0.0,0,0,0,0.5,0.0,0,1,230440020144919589,2023-08-20,Fortaleza,0.0,0.0,2686612,25.4285714285714,77.2857142857143,0,0,0,65.6341328571429,46.0,27.3459677142857,30.2857142857143,,,,,,6548,zika
2014-11-23,201448,0.0,0,0,0,0.5,0.0,0,1,230440020144819589,2023-08-20,Fortaleza,0.0,0.0,2686612,24.8571428571429,80.4285714285714,0,0,0,65.0729418571429,46.4285714285714,27.218719,30.1428571428571,,,,,,6548,zika
2014-11-16,201447,0.0,0,0,0,0.5,0.0,0,1,230440020144719589,2023-08-20,Fortaleza,0.0,0.0,2686612,25.1428571428571,79.5714285714286,0,0,0,65.9693881428571,47.2857142857143,27.2493417142857,30.0,,,,,,6548,zika
2014-11-09,201446,0.0,0,0,0,0.5,0.0,0,1,230440020144619589,2023-08-20,Fortaleza,0.0,0.0,2686612,25.4285714285714,74.5714285714286,0,0,0,64.403062,46.2857142857143,27.2602042857143,29.8571428571429,,,,,,6548,zika
2014-11-02,201445,0.0,0,0,0,0.5,0.0,0,1,230440020144519589,2023-08-20,Fortaleza,0.0,0.0,2686612,25.0,77.1428571428571,0,0,0,63.6275514285714,47.0,27.0816325714286,29.7142857142857,,,,,,6548,zika
2014-10-26,201444,0.0,0,0,0,0.5,0.0,0,1,230440020144419589,2023-08-20,Fortaleza,0.0,0.0,2686612,25.2857142857143,74.4285714285714,0,0,0,62.3212521428571,42.1428571428571,27.2454257142857,30.2857142857143,,,,,,6548,zika
2014-10-19,201443,0.0,0,0,0,0.5,0.0,0,1,230440020144319589,2023-08-20,Fortaleza,0.0,0.0,2686612,25.1428571428571,75.7142857142857,0,0,0,62.2636214285714,42.5714285714286,27.1776432857143,29.8571428571429,,,,,,6548,zika
2014-10-12,201442,0.0,0,0,0,0.5,0.0,0,1,230440020144219589,2023-08-20,Fortaleza,0.0,0.0,2686612,25.1428571428571,72.7142857142857,0,0,0,60.0459175714286,40.4285714285714,27.4368858571429,30.4285714285714,,,,,,6548,zika
2014-10-05,201441,0.0,0,0,0,0.5,0.0,0,1,230440020144119589,2023-08-20,Fortaleza,0.0,0.0,2686612,25.0,74.1428571428571,0,0,0,60.4032371428571,36.5714285714286,27.5168892857143,30.8571428571429,,,,,,6548,zika
2014-09-28,201440,0.0,0,0,0,0.5,0.0,0,1,230440020144019589,2023-08-20,Fortaleza,0.0,0.0,2686612,25.0,78.4285714285714,0,0,0,65.6164018571429,45.5714285714286,27.0876791428571,29.5714285714286,,,,,,6548,zika
2014-09-21,201439,0.0,0,0,0,0.5,0.0,0,1,230440020143919589,2023-08-20,Fortaleza,0.0,0.0,2686612,25.0,75.5714285714286,0,0,0,64.0316684285714,46.4285714285714,27.0749468571429,30.1428571428571,,,,,,6548,zika
2014-09-14,201438,0.0,0,0,0,0.5,0.0,0,1,230440020143819589,2023-08-20,Fortaleza,0.0,0.0,2686612,24.2857142857143,79.0,0,0,0,64.2429047142857,39.4285714285714,26.759696,30.0,,,,,,6548,zika
2014-09-07,201437,0.0,0,0,0,0.5,0.0,0,1,230440020143719589,2023-08-20,Fortaleza,0.0,0.0,2686612,24.2857142857143,77.8571428571429,0,0,0,63.3990681428571,42.2857142857143,26.9378957142857,30.2857142857143,,,,,,6548,zika
2014-08-31,201436,0.0,0,0,0,0.5,0.0,0,1,230440020143619589,2023-08-20,Fortaleza,0.0,0.0,2686612,24.8571428571429,78.0,0,0,0,63.9897967142857,43.5714285714286,26.7755101428571,29.7142857142857,,,,,,6548,zika
2014-08-24,201435,0.0,0,0,0,0.5,0.0,0,1,230440020143519589,2023-08-20,Fortaleza,0.0,0.0,2686612,24.0,78.4285714285714,0,0,0,64.3582447142857,44.4285714285714,26.5693877142857,29.5714285714286,,,,,,6548,zika
2014-08-17,201434,0.0,0,0,0,0.5,0.0,0,1,230440020143419589,2023-08-20,Fortaleza,0.0,0.0,2686612,23.4285714285714,75.7142857142857,0,0,0,59.954081,36.2857142857143,26.6122447142857,29.8571428571429,,,,,,6548,zika
2014-08-10,201433,0.0,0,0,0,0.5,0.0,0,1,230440020143319589,2023-08-20,Fortaleza,0.0,0.0,2686612,23.5714285714286,75.5714285714286,0,0,0,60.012094,35.0,26.815098,30.4285714285714,,,,,,6548,zika
2014-08-03,201432,0.0,0,0,0,0.5,0.0,0,1,230440020143219589,2023-08-20,Fortaleza,0.0,0.0,2686612,24.2857142857143,78.5714285714286,0,0,0,63.4737857142857,42.4285714285714,26.794335,29.7142857142857,,,,,,6548,zika
2014-07-27,201431,0.0,0,0,0,0.5,0.0,0,1,230440020143119589,2023-08-20,Fortaleza,0.0,0.0,2686612,23.8571428571429,79.5714285714286,0,0,0,64.8489711428571,44.7142857142857,26.5653914285714,29.7142857142857,,,,,,6548,zika
2014-07-20,201430,0.0,0,0,0,0.5,0.0,0,1,230440020143019589,2023-08-20,Fortaleza,0.0,0.0,2686612,23.2857142857143,82.4285714285714,0,0,0,66.7817181428571,44.7142857142857,26.3634791428571,29.8571428571429,,,,,,6548,zika
2014-07-13,201429,0.0,0,0,0,0.5,0.0,0,1,230440020142919589,2023-08-20,Fortaleza,0.0,0.0,2686612,23.5714285714286,82.0,0,0,0,65.8911557142857,45.5714285714286,26.6095235714286,29.8571428571429,,,,,,6548,zika
2014-07-06,201428,0.0,0,0,0,0.5,0.0,0,1,230440020142819589,2023-08-20,Fortaleza,0.0,0.0,2686612,24.0,80.5714285714286,0,0,0,66.8800134285714,45.7142857142857,26.6465518571429,29.7142857142857,,,,,,6548,zika
2014-06-29,201427,0.0,0,0,0,0.5,0.0,0,1,230440020142719589,2023-08-20,Fortaleza,0.0,0.0,2686612,24.0,85.5714285714286,0,0,0,68.5368662857143,46.7142857142857,26.6341341428571,29.5714285714286,,,,,,6548,zika
2014-06-22,201426,0.0,0,0,0,0.5,0.0,0,1,230440020142619589,2023-08-20,Fortaleza,0.0,0.0,2686612,24.0,85.7142857142857,0,0,0,68.5510195714286,46.4285714285714,26.9380955714286,30.1428571428571,,,,,,6548,zika
2014-06-15,201425,0.0,0,0,0,0.5,0.0,0,1,230440020142519589,2023-08-20,Fortaleza,0.0,0.0,2686612,25.1428571428571,80.4285714285714,0,0,0,67.84883,45.8571428571429,27.0377931428571,29.7142857142857,,,,,,6548,zika
2014-06-08,201424,0.0,0,0,0,0.5,0.0,0,1,230440020142419589,2023-08-20,Fortaleza,0.0,0.0,2686612,24.7142857142857,85.7142857142857,0,0,0,66.8946555714286,44.5714285714286,27.3831094285714,30.4285714285714,,,,,,6548,zika
2014-06-01,201423,0.0,0,0,0,0.5,0.0,0,1,230440020142319589,2023-08-20,Fortaleza,0.0,0.0,2686612,24.7142857142857,87.2857142857143,0,0,0,69.83163,48.5714285714286,27.2602042857143,30.0,,,,,,6548,zika
2014-05-25,201422,0.0,0,0,0,0.5,0.0,0,1,230440020142219589,2023-08-20,Fortaleza,0.0,0.0,2686612,24.5714285714286,88.1428571428571,0,0,0,72.4524985714286,53.0,27.0336031428571,29.8571428571429,,,,,,6548,zika
2014-05-18,201421,0.0,0,0,0,0.5,0.0,0,1,230440020142119589,2023-08-20,Fortaleza,0.0,0.0,2686612,25.0,89.7142857142857,0,0,0,75.4757214285714,57.1428571428571,27.1789234285714,29.7142857142857,,,,,,6548,zika
2014-05-11,201420,0.0,0,0,0,0.5,0.0,0,1,230440020142019589,2023-08-20,Fortaleza,0.0,0.0,2686612,24.0,91.8571428571429,0,0,0,79.9188357142857,60.1428571428571,26.1966411428571,28.8571428571429,,,,,,6548,zika
2014-05-04,201419,0.0,0,0,0,0.5,0.0,0,1,230440020141919589,2023-08-20,Fortaleza,0.0,0.0,2686612,24.4285714285714,88.8571428571429,0,0,0,73.679412,53.4285714285714,27.1684607142857,29.7142857142857,,,,,,6548,zika
2014-04-27,201418,0.0,0,0,0,0.5,0.0,0,1,230440020141819589,2023-08-20,Fortaleza,0.0,0.0,2686612,24.2857142857143,90.4285714285714,0,0,0,76.4520448571429,58.1428571428571,27.0119115714286,29.7142857142857,,,,,,6548,zika
2014-04-20,201417,0.0,0,0,0,0.5,0.0,0,1,230440020141719589,2023-08-20,Fortaleza,0.0,0.0,2686612,25.4285714285714,86.7142857142857,0,0,0,71.2317178571429,52.0,27.9626824285714,30.5714285714286,,,,,,6548,zika
2014-04-13,201416,0.0,0,0,0,0.5,0.0,0,1,230440020141619589,2023-08-20,Fortaleza,0.0,0.0,2686612,24.0,89.4285714285714,0,0,0,75.9752297142857,59.5714285714286,26.7425522857143,29.4285714285714,,,,,,6548,zika
2014-04-06,201415,0.0,0,0,0,0.5,0.0,0,1,230440020141519589,2023-08-20,Fortaleza,0.0,0.0,2686612,24.4285714285714,91.1428571428571,0,0,0,77.1413357142857,53.7142857142857,26.821409,29.7142857142857,,,,,,6548,zika
2014-03-30,201414,0.0,0,0,0,0.5,0.0,0,1,230440020141419589,2023-08-20,Fortaleza,0.0,0.0,2686612,24.0,92.5714285714286,0,0,0,80.1141585714286,64.0,26.2975052857143,28.7142857142857,,,,,,6548,zika
2014-03-23,201413,0.0,0,0,0,0.5,0.0,0,1,230440020141319589,2023-08-20,Fortaleza,0.0,0.0,2686612,25.4285714285714,82.8571428571429,0,0,0,68.2704085714286,50.2857142857143,27.8520411428571,30.7142857142857,,,,,,6548,zika
2014-03-16,201412,0.0,0,0,0,0.5,0.0,0,1,230440020141219589,2023-08-20,Fortaleza,0.0,0.0,2686612,24.5714285714286,89.5714285714286,0,0,0,74.7766894285714,57.8571428571429,27.1852331428571,29.8571428571429,,,,,,6548,zika
2014-03-09,201411,0.0,0,0,0,0.5,0.0,0,1,230440020141119589,2023-08-20,Fortaleza,0.0,0.0,2686612,24.8571428571429,86.4285714285714,0,0,0,72.3194944285714,53.5714285714286,27.0207597142857,29.5714285714286,,,,,,6548,zika
2014-03-02,201410,0.0,0,0,0,0.5,0.0,0,1,230440020141019589,2023-08-20,Fortaleza,0.0,0.0,2686612,25.2857142857143,81.8571428571429,0,0,0,68.0093257142857,50.2857142857143,27.617523,29.8571428571429,,,,,,6548,zika
2014-02-23,201409,0.0,0,0,0,0.5,0.0,0,1,230440020140919589,2023-08-20,Fortaleza,0.0,0.0,2686612,25.1428571428571,82.5714285714286,0,0,0,67.5765314285714,48.4285714285714,27.4795915714286,30.1428571428571,,,,,,6548,zika
2014-02-16,201408,0.0,0,0,0,0.5,0.0,0,1,230440020140819589,2023-08-20,Fortaleza,0.0,0.0,2686612,24.0,87.0,0,0,0,73.7853628571429,57.0,26.753036,29.2857142857143,,,,,,6548,zika
2014-02-09,201407,0.0,0,0,0,0.5,0.0,0,1,230440020140719589,2023-08-20,Fortaleza,0.0,0.0,2686612,25.2857142857143,81.2857142857143,0,0,0,71.4057478571429,55.8571428571429,27.400142,30.0,,,,,,6548,zika
2014-02-02,201406,0.0,0,0,0,0.5,0.0,0,1,230440020140619589,2023-08-20,Fortaleza,0.0,0.0,2686612,24.1428571428571,87.1428571428571,0,0,0,70.9686242857143,53.7142857142857,26.885119,29.5714285714286,,,,,,6548,zika
2014-01-26,201405,0.0,0,0,0,0.5,0.0,0,1,230440020140519589,2023-08-20,Fortaleza,0.0,0.0,2686612,25.0,83.5714285714286,0,0,0,68.0135785714286,47.0,27.5087034285714,30.2857142857143,,,,,,6548,zika
2014-01-19,201404,0.0,0,0,0,0.5,0.0,0,1,230440020140419589,2023-08-20,Fortaleza,0.0,0.0,2686612,26.0,75.1428571428571,0,0,0,64.3469384285714,47.1428571428571,27.7653062857143,30.4285714285714,,,,,,6548,zika
2014-01-12,201403,0.0,0,0,0,0.5,0.0,0,1,230440020140319589,2023-08-20,Fortaleza,0.0,0.0,2686612,25.5714285714286,82.0,0,0,0,69.0025707142857,50.7142857142857,27.609562,30.1428571428571,,,,,,6548,zika
2014-01-05,201402,0.0,0,0,0,0.5,0.0,0,1,230440020140219589,2023-08-20,Fortaleza,0.0,0.0,2686612,25.7142857142857,77.1428571428571,0,0,0,65.7980927142857,47.7142857142857,27.4227254285714,30.0,,,,,,6548,zika
2013-12-29,201401,0.0,0,0,0,0.5,0.0,0,1,230440020140119589,2023-08-20,Fortaleza,0.0,0.0,2686612,25.7142857142857,76.7142857142857,0,0,0,64.2741022857143,46.1428571428571,27.468508,30.2857142857143,,,,,,6548,zika
2013-12-22,201352,0.0,0,0,0,0.5,0.0,0,1,230440020135219589,2023-08-20,Fortaleza,0.0,0.0,2686612,26.2857142857143,76.7142857142857,0,0,0,65.1887747142857,45.7142857142857,28.0867347142857,30.7142857142857,,,,,,6548,zika
2013-12-15,201351,0.0,0,0,0,0.5,0.0,0,1,230440020135119589,2023-08-20,Fortaleza,0.0,0.0,2686612,25.8571428571429,75.2857142857143,0,0,0,64.7133411428571,49.1428571428571,27.357899,29.5714285714286,,,,,,6548,zika
2013-12-08,201350,0.0,0,0,0,0.5,0.0,0,1,230440020135019589,2023-08-20,Fortaleza,0.0,0.0,2686612,25.4285714285714,76.0,0,0,0,63.5696288571429,44.1428571428571,27.5317005714286,30.0,,,,,,6548,zika
2013-12-01,201349,0.0,0,0,0,0.5,0.0,0,1,230440020134919589,2023-08-20,Fortaleza,0.0,0.0,2686612,25.7142857142857,78.2857142857143,0,0,0,64.7384724285714,43.8571428571429,27.6712015714286,30.4285714285714,,,,,,6548,zika
2013-11-24,201348,0.0,0,0,0,0.5,0.0,0,1,230440020134819589,2023-08-20,Fortaleza,0.0,0.0,2686612,25.1428571428571,79.0,0,0,0,65.3788598571429,46.0,27.33438,30.1428571428571,,,,,,6548,zika
2013-11-17,201347,0.0,0,0,0,0.5,0.0,0,1,230440020134719589,2023-08-20,Fortaleza,0.0,0.0,2686612,25.4285714285714,75.1428571428571,0,0,0,64.2434805714286,45.4285714285714,27.2897801428571,30.0,,,,,,6548,zika
2013-11-10,201346,0.0,0,0,0,0.5,0.0,0,1,230440020134619589,2023-08-20,Fortaleza,0.0,0.0,2686612,25.8571428571429,74.7142857142857,0,0,0,63.5257578571429,47.1428571428571,27.4088367142857,30.1428571428571,,,,,,6548,zika
2013-11-03,201345,0.0,0,0,0,0.5,0.0,0,1,230440020134519589,2023-08-20,Fortaleza,0.0,0.0,2686612,25.5714285714286,77.7142857142857,0,0,0,64.888701,45.5714285714286,27.7377171428571,31.0,,,,,,6548,zika
2013-10-27,201344,0.0,0,0,0,0.5,0.0,0,1,230440020134419589,2023-08-20,Fortaleza,0.0,0.0,2686612,25.7142857142857,73.1428571428571,0,0,0,62.8628125714286,46.2857142857143,27.3983374285714,30.2857142857143,,,,,,6548,zika
2013-10-20,201343,0.0,0,0,0,0.5,0.0,0,1,230440020134319589,2023-08-20,Fortaleza,0.0,0.0,2686612,25.4285714285714,76.7142857142857,0,0,0,63.7333707142857,44.7142857142857,27.3813301428571,30.2857142857143,,,,,,6548,zika
2013-10-13,201342,0.0,0,0,0,0.5,0.0,0,1,230440020134219589,2023-08-20,Fortaleza,0.0,0.0,2686612,24.5714285714286,74.4285714285714,0,0,0,62.0330675714286,42.4285714285714,27.2592595714286,30.2857142857143,,,,,,6548,zika
2013-10-06,201341,0.0,0,0,0,0.5,0.0,0,1,230440020134119589,2023-08-20,Fortaleza,0.0,0.0,2686612,25.2857142857143,75.7142857142857,0,0,0,62.011396,39.8571428571429,27.5924474285714,30.5714285714286,,,,,,6548,zika
2013-09-29,201340,0.0,0,0,0,0.5,0.0,0,1,230440020134019589,2023-08-20,Fortaleza,0.0,0.0,2686612,25.0,75.8571428571429,0,0,0,62.2597718571429,43.8571428571429,27.1576602857143,30.1428571428571,,,,,,6548,zika
2013-09-22,201339,0.0,0,0,0,0.5,0.0,0,1,230440020133919589,2023-08-20,Fortaleza,0.0,0.0,2686612,24.7142857142857,79.5714285714286,0,0,0,67.0963697142857,49.1428571428571,26.9342404285714,30.0,,,,,,6548,zika
2013-09-15,201338,0.0,0,0,0,0.5,0.0,0,1,230440020133819589,2023-08-20,Fortaleza,0.0,0.0,2686612,24.5714285714286,76.7142857142857,0,0,0,61.6008591428571,39.5714285714286,27.2292438571429,30.5714285714286,,,,,,6548,zika
2013-09-08,201337,0.0,0,0,0,0.5,0.0,0,1,230440020133719589,2023-08-20,Fortaleza,0.0,0.0,2686612,24.8571428571429,74.4285714285714,0,0,0,61.4574827142857,40.7142857142857,27.0073694285714,30.0,,,,,,6548,zika
2013-09-01,201336,0.0,0,0,0,0.5,0.0,0,1,230440020133619589,2023-08-20,Fortaleza,0.0,0.0,2686612,24.2857142857143,82.1428571428571,0,0,0,66.5555421428571,48.5714285714286,26.810225,29.8571428571429,,,,,,6548,zika
2013-08-25,201335,0.0,0,0,0,0.5,0.0,0,1,230440020133519589,2023-08-20,Fortaleza,0.0,0.0,2686612,24.5714285714286,80.2857142857143,0,0,0,65.9994234285714,45.2857142857143,27.0791925714286,30.2857142857143,,,,,,6548,zika
2013-08-18,201334,0.0,0,0,0,0.5,0.0,0,1,230440020133419589,2023-08-20,Fortaleza,0.0,0.0,2686612,24.4285714285714,77.4285714285714,0,0,0,64.0475371428571,43.1428571428571,27.0341448571429,30.1428571428571,,,,,,6548,zika
2013-08-11,201333,0.0,0,0,0,0.5,0.0,0,1,230440020133319589,2023-08-20,Fortaleza,0.0,0.0,2686612,24.4285714285714,83.7142857142857,0,0,0,66.8513178571429,43.8571428571429,26.814891,29.5714285714286,,,,,,6548,zika
2013-08-04,201332,0.0,0,0,0,0.5,0.0,0,1,230440020133219589,2023-08-20,Fortaleza,0.0,0.0,2686612,24.0,76.8571428571429,0,0,0,63.2824881428571,44.5714285714286,26.7444331428571,29.5714285714286,,,,,,6548,zika
2013-07-28,201331,0.0,0,0,0,0.5,0.0,0,1,230440020133119589,2023-08-20,Fortaleza,0.0,0.0,2686612,23.5714285714286,78.8571428571429,0,0,0,61.750001,38.1428571428571,26.576531,29.8571428571429,,,,,,6548,zika
2013-07-21,201330,0.0,0,0,0,0.5,0.0,0,1,230440020133019589,2023-08-20,Fortaleza,0.0,0.0,2686612,24.1428571428571,84.1428571428571,0,0,0,71.4111872857143,53.2857142857143,26.448866,28.8571428571429,,,,,,6548,zika
2013-07-14,201329,0.0,0,0,0,0.5,0.0,0,1,230440020132919589,2023-08-20,Fortaleza,0.0,0.0,2686612,23.5714285714286,88.0,0,0,0,73.246598,51.2857142857143,26.2714282857143,29.1428571428571,,,,,,6548,zika
2013-07-07,201328,0.0,0,0,0,0.5,0.0,0,1,230440020132819589,2023-08-20,Fortaleza,0.0,0.0,2686612,23.4285714285714,86.4285714285714,0,0,0,69.8833141428571,48.4285714285714,26.3214285714286,29.4285714285714,,,,,,6548,zika
2013-06-30,201327,0.0,0,0,0,0.5,0.0,0,1,230440020132719589,2023-08-20,Fortaleza,0.0,0.0,2686612,23.4285714285714,89.2857142857143,0,0,0,73.7103545714286,51.7142857142857,25.9818212857143,29.2857142857143,,,,,,6548,zika
2013-06-23,201326,0.0,0,0,0,0.5,0.0,0,1,230440020132619589,2023-08-20,Fortaleza,0.0,0.0,2686612,24.4285714285714,86.2857142857143,0,0,0,73.559098,53.4285714285714,26.6534868571429,29.2857142857143,,,,,,6548,zika
2013-06-16,201325,0.0,0,0,0,0.5,0.0,0,1,230440020132519589,2023-08-20,Fortaleza,0.0,0.0,2686612,24.0,87.1428571428571,0,0,0,73.3904614285714,53.2857142857143,26.6770637142857,29.1428571428571,,,,,,6548,zika
2013-06-09,201324,0.0,0,0,0,0.5,0.0,0,1,230440020132419589,2023-08-20,Fortaleza,0.0,0.0,2686612,24.0,88.7142857142857,0,0,0,74.9852364285714,53.8571428571429,26.38237,29.2857142857143,,,,,,6548,zika
2013-06-02,201323,0.0,0,0,0,0.5,0.0,0,1,230440020132319589,2023-08-20,Fortaleza,0.0,0.0,2686612,23.5714285714286,88.8571428571429,0,0,0,73.1179334285714,51.8571428571429,26.6232662857143,29.7142857142857,,,,,,6548,zika
2013-05-26,201322,0.0,0,0,0,0.5,0.0,0,1,230440020132219589,2023-08-20,Fortaleza,0.0,0.0,2686612,24.1428571428571,86.4285714285714,0,0,0,68.8918735714286,48.7142857142857,27.339284,30.4285714285714,,,,,,6548,zika
2013-05-19,201321,0.0,0,0,0,0.5,0.0,0,1,230440020132119589,2023-08-20,Fortaleza,0.0,0.0,2686612,24.0,90.5714285714286,0,0,0,77.4059228571429,57.1428571428571,26.7300491428571,29.5714285714286,,,,,,6548,zika
2013-05-12,201320,0.0,0,0,0,0.5,0.0,0,1,230440020132019589,2023-08-20,Fortaleza,0.0,0.0,2686612,24.8571428571429,88.8571428571429,0,0,0,73.9781965714286,55.4285714285714,27.2962142857143,29.8571428571429,,,,,,6548,zika
2013-05-05,201319,0.0,0,0,0,0.5,0.0,0,1,230440020131919589,2023-08-20,Fortaleza,0.0,0.0,2686612,25.2857142857143,85.8571428571429,0,0,0,68.616169,48.7142857142857,27.9899705714286,30.7142857142857,,,,,,6548,zika
2013-04-28,201318,0.0,0,0,0,0.5,0.0,0,1,230440020131819589,2023-08-20,Fortaleza,0.0,0.0,2686612,24.7142857142857,88.0,0,0,0,73.2413822857143,52.2857142857143,27.1606575714286,30.0,,,,,,6548,zika
2013-04-21,201317,0.0,0,0,0,0.5,0.0,0,1,230440020131719589,2023-08-20,Fortaleza,0.0,0.0,2686612,24.1428571428571,88.7142857142857,0,0,0,75.8537142857143,55.4285714285714,26.8447165714286,29.7142857142857,,,,,,6548,zika
2013-04-14,201316,0.0,0,0,0,0.5,0.0,0,1,230440020131619589,2023-08-20,Fortaleza,0.0,0.0,2686612,25.2857142857143,84.1428571428571,0,0,0,70.5221708571429,51.7142857142857,27.8387741428571,31.0,,,,,,6548,zika
2013-04-07,201315,0.0,0,0,0,0.5,0.0,0,1,230440020131519589,2023-08-20,Fortaleza,0.0,0.0,2686612,25.8571428571429,83.4285714285714,0,0,0,70.0225191428571,53.5714285714286,28.226601,30.8571428571429,,,,,,6548,zika
2013-03-31,201314,0.0,0,0,0,0.5,0.0,0,1,230440020131419589,2023-08-20,Fortaleza,0.0,0.0,2686612,24.8571428571429,85.8571428571429,0,0,0,69.6914814285714,50.4285714285714,27.7909621428571,30.7142857142857,,,,,,6548,zika
2013-03-24,201313,0.0,0,0,0,0.5,0.0,0,1,230440020131319589,2023-08-20,Fortaleza,0.0,0.0,2686612,26.0,83.1428571428571,0,0,0,69.3750885714286,52.0,28.2209008571429,30.7142857142857,,,,,,6548,zika
2013-03-17,201312,0.0,0,0,0,0.5,0.0,0,1,230440020131219589,2023-08-20,Fortaleza,0.0,0.0,2686612,25.5714285714286,83.5714285714286,0,0,0,70.7687014285714,54.1428571428571,27.9333578571429,30.5714285714286,,,,,,6548,zika
2013-03-10,201311,0.0,0,0,0,0.5,0.0,0,1,230440020131119589,2023-08-20,Fortaleza,0.0,0.0,2686612,26.5714285714286,80.2857142857143,0,0,0,68.7297814285714,52.7142857142857,28.4667424285714,31.1428571428571,,,,,,6548,zika
2013-03-03,201310,0.0,0,0,0,0.5,0.0,0,1,230440020131019589,2023-08-20,Fortaleza,0.0,0.0,2686612,26.5714285714286,80.1428571428571,0,0,0,66.4879081428572,47.2857142857143,28.5209747142857,31.5714285714286,,,,,,6548,zika
2013-02-24,201309,0.0,0,0,0,0.5,0.0,0,1,230440020130919589,2023-08-20,Fortaleza,0.0,0.0,2686612,26.4285714285714,78.5714285714286,0,0,0,66.4147814285714,48.0,28.348639,31.0,,,,,,6548,zika
2013-02-17,201308,0.0,0,0,0,0.5,0.0,0,1,230440020130819589,2023-08-20,Fortaleza,0.0,0.0,2686612,24.8571428571429,87.1428571428571,0,0,0,73.0815027142857,52.7142857142857,27.1548141428571,29.7142857142857,,,,,,6548,zika
2013-02-10,201307,0.0,0,0,0,0.5,0.0,0,1,230440020130719589,2023-08-20,Fortaleza,0.0,0.0,2686612,25.5714285714286,81.2857142857143,0,0,0,67.8368728571429,48.4285714285714,28.1817802857143,31.4285714285714,,,,,,6548,zika
2013-02-03,201306,0.0,0,0,0,0.5,0.0,0,1,230440020130619589,2023-08-20,Fortaleza,0.0,0.0,2686612,26.1428571428571,79.1428571428571,0,0,0,65.4423654285714,47.7142857142857,28.341648,31.1428571428571,,,,,,6548,zika
2013-01-27,201305,0.0,0,0,0,0.5,0.0,0,1,230440020130519589,2023-08-20,Fortaleza,0.0,0.0,2686612,26.0,74.7142857142857,0,0,0,63.2704085714286,44.0,28.2295917142857,31.2857142857143,,,,,,6548,zika
2013-01-20,201304,0.0,0,0,0,0.5,0.0,0,1,230440020130419589,2023-08-20,Fortaleza,0.0,0.0,2686612,25.4285714285714,83.7142857142857,0,0,0,70.5829865714286,51.8571428571429,27.7792598571429,30.8571428571429,,,,,,6548,zika
2013-01-13,201303,0.0,0,0,0,0.5,0.0,0,1,230440020130319589,2023-08-20,Fortaleza,0.0,0.0,2686612,23.0,83.7142857142857,0,0,0,70.2994604285714,52.1428571428571,27.5689695714286,30.5714285714286,,,,,,6548,zika
2013-01-06,201302,0.0,0,0,0,0.5,0.0,0,1,230440020130219589,2023-08-20,Fortaleza,0.0,0.0,2686612,25.8571428571429,77.7142857142857,0,0,0,65.9794907142857,48.0,27.9416681428571,30.5714285714286,,,,,,6548,zika
2012-12-30,201301,0.0,0,0,0,0.5,0.0,0,1,230440020130119589,2023-08-20,Fortaleza,0.0,0.0,2686612,25.4285714285714,83.5714285714286,0,0,0,69.1559715714286,52.2857142857143,27.5442174285714,30.1428571428571,,,,,,6548,zika
2012-12-23,201252,0.0,0,0,0,0.5,0.0,0,1,230440020125219589,2023-08-20,Fortaleza,0.0,0.0,2686612,26.0,79.0,0,0,0,67.9877171428572,50.0,27.7275128571429,30.2857142857143,,,,,,6548,zika
2012-12-16,201251,0.0,0,0,0,0.5,0.0,0,1,230440020125119589,2023-08-20,Fortaleza,0.0,0.0,2686612,25.7142857142857,78.7142857142857,0,0,0,66.1404114285714,49.0,27.971581,31.0,,,,,,6548,zika
2012-12-09,201250,0.0,0,0,0,0.5,0.0,0,1,230440020125019589,2023-08-20,Fortaleza,0.0,0.0,2686612,25.8571428571429,76.8571428571429,0,0,0,66.0930171428571,47.4285714285714,27.803444,30.5714285714286,,,,,,6548,zika
2012-12-02,201249,0.0,0,0,0,0.5,0.0,0,1,230440020124919589,2023-08-20,Fortaleza,0.0,0.0,2686612,25.7142857142857,75.8571428571429,0,0,0,65.7149648571429,48.7142857142857,27.4972787142857,30.5714285714286,,,,,,6548,zika
2012-11-25,201248,0.0,0,0,0,0.5,0.0,0,1,230440020124819589,2023-08-20,Fortaleza,0.0,0.0,2686612,25.8571428571429,75.1428571428571,0,0,0,64.2598522857143,46.1428571428571,27.6087262857143,30.4285714285714,,,,,,6548,zika
2012-11-18,201247,0.0,0,0,0,0.5,0.0,0,1,230440020124719589,2023-08-20,Fortaleza,0.0,0.0,2686612,25.4285714285714,79.0,0,0,0,65.2768912857143,46.4285714285714,27.6684834285714,30.8571428571429,,,,,,6548,zika
2012-11-11,201246,0.0,0,0,0,0.5,0.0,0,1,230440020124619589,2023-08-20,Fortaleza,0.0,0.0,2686612,25.0,75.7142857142857,0,0,0,63.1286832857143,44.7142857142857,27.2679518571429,30.1428571428571,,,,,,6548,zika
2012-11-04,201245,0.0,0,0,0,0.5,0.0,0,1,230440020124519589,2023-08-20,Fortaleza,0.0,0.0,2686612,25.2857142857143,74.4285714285714,0,0,0,63.7105067142857,44.7142857142857,27.0568784285714,30.0,,,,,,6548,zika
2012-10-28,201244,0.0,0,0,0,0.5,0.0,0,1,230440020124419589,2023-08-20,Fortaleza,0.0,0.0,2686612,24.4285714285714,80.5714285714286,0,0,0,67.1153242857143,49.1428571428571,26.8034577142857,29.7142857142857,,,,,,6548,zika
2012-10-21,201243,0.0,0,0,0,0.5,0.0,0,1,230440020124319589,2023-08-20,Fortaleza,0.0,0.0,2686612,24.7142857142857,80.5714285714286,0,0,0,66.9300608571429,47.5714285714286,26.8952797142857,30.2857142857143,,,,,,6548,zika
2012-10-14,201242,0.0,0,0,0,0.5,0.0,0,1,230440020124219589,2023-08-20,Fortaleza,0.0,0.0,2686612,24.4285714285714,78.7142857142857,0,0,0,64.3066135714286,42.4285714285714,26.9823131428571,30.4285714285714,,,,,,6548,zika
2012-10-07,201241,0.0,0,0,0,0.5,0.0,0,1,230440020124119589,2023-08-20,Fortaleza,0.0,0.0,2686612,24.2857142857143,77.1428571428571,0,0,0,64.191234,41.7142857142857,26.8544974285714,30.0,,,,,,6548,zika
2012-09-30,201240,0.0,0,0,0,0.5,0.0,0,1,230440020124019589,2023-08-20,Fortaleza,0.0,0.0,2686612,24.7142857142857,74.5714285714286,0,0,0,60.352041,34.5714285714286,27.0153061428571,30.4285714285714,,,,,,6548,zika
2012-09-23,201239,0.0,0,0,0,0.5,0.0,0,1,230440020123919589,2023-08-20,Fortaleza,0.0,0.0,2686612,24.5714285714286,76.2857142857143,0,0,0,63.427628,42.0,26.8919125714286,30.0,,,,,,6548,zika
2012-09-16,201238,0.0,0,0,0,0.5,0.0,0,1,230440020123819589,2023-08-20,Fortaleza,0.0,0.0,2686612,24.4285714285714,77.4285714285714,0,0,0,63.2660621428571,41.1428571428571,27.0007557142857,30.5714285714286,,,,,,6548,zika
2012-09-09,201237,0.0,0,0,0,0.5,0.0,0,1,230440020123719589,2023-08-20,Fortaleza,0.0,0.0,2686612,24.4285714285714,78.2857142857143,0,0,0,63.556123,41.8571428571429,26.8418365714286,30.0,,,,,,6548,zika
2012-09-02,201236,0.0,0,0,0,0.5,0.0,0,1,230440020123619589,2023-08-20,Fortaleza,0.0,0.0,2686612,23.7142857142857,74.4285714285714,0,0,0,60.1009077142857,36.4285714285714,26.6067648571429,30.1428571428571,,,,,,6548,zika
2012-08-26,201235,0.0,0,0,0,0.5,0.0,0,1,230440020123519589,2023-08-20,Fortaleza,0.0,0.0,2686612,24.1428571428571,77.5714285714286,0,0,0,64.6428585714286,43.5714285714286,26.6683674285714,29.7142857142857,,,,,,6548,zika
2012-08-19,201234,0.0,0,0,0,0.5,0.0,0,1,230440020123419589,2023-08-20,Fortaleza,0.0,0.0,2686612,23.1428571428571,75.7142857142857,0,0,0,59.8469384285714,37.0,26.4336735714286,30.2857142857143,,,,,,6548,zika
2012-08-12,201233,0.0,0,0,0,0.5,0.0,0,1,230440020123319589,2023-08-20,Fortaleza,0.0,0.0,2686612,23.5714285714286,77.0,0,0,0,61.6320867142857,38.5714285714286,26.702759,30.1428571428571,,,,,,6548,zika
2012-08-05,201232,0.0,0,0,0,0.5,0.0,0,1,230440020123219589,2023-08-20,Fortaleza,0.0,0.0,2686612,24.0,78.8571428571429,0,0,0,64.0204085714286,42.1428571428571,26.7857142857143,29.7142857142857,,,,,,6548,zika
2012-07-29,201231,0.0,0,0,0,0.5,0.0,0,1,230440020123119589,2023-08-20,Fortaleza,0.0,0.0,2686612,22.4285714285714,79.4285714285714,0,0,0,62.0731298571429,39.4285714285714,26.3354115714286,29.8571428571429,,,,,,6548,zika
2012-07-22,201230,0.0,0,0,0,0.5,0.0,0,1,230440020123019589,2023-08-20,Fortaleza,0.0,0.0,2686612,23.4285714285714,79.4285714285714,0,0,0,65.0935977142857,42.1428571428571,26.6185787142857,29.8571428571429,,,,,,6548,zika
2012-07-15,201229,0.0,0,0,0,0.5,0.0,0,1,230440020122919589,2023-08-20,Fortaleza,0.0,0.0,2686612,24.1428571428571,83.2857142857143,0,0,0,69.1462591428571,47.7142857142857,26.5523431428571,29.4285714285714,,,,,,6548,zika
2012-07-08,201228,0.0,0,0,0,0.5,0.0,0,1,230440020122819589,2023-08-20,Fortaleza,0.0,0.0,2686612,24.0,83.2857142857143,0,0,0,68.3418357142857,51.0,26.7653061428571,29.4285714285714,,,,,,6548,zika
2012-07-01,201227,0.0,0,0,0,0.5,0.0,0,1,230440020122719589,2023-08-20,Fortaleza,0.0,0.0,2686612,23.8571428571429,80.8571428571429,0,0,0,65.8238914285714,44.1428571428571,26.6790991428571,29.8571428571429,,,,,,6548,zika
2012-06-24,201226,0.0,0,0,0,0.5,0.0,0,1,230440020122619589,2023-08-20,Fortaleza,0.0,0.0,2686612,23.5714285714286,86.4285714285714,0,0,0,70.6132657142857,48.2857142857143,26.2931974285714,29.4285714285714,,,,,,6548,zika
2012-06-17,201225,0.0,0,0,0,0.5,0.0,0,1,230440020122519589,2023-08-20,Fortaleza,0.0,0.0,2686612,24.2857142857143,89.4285714285714,0,0,0,76.717163,58.2857142857143,26.260939,29.0,,,,,,6548,zika
2012-06-10,201224,0.0,0,0,0,0.5,0.0,0,1,230440020122419589,2023-08-20,Fortaleza,0.0,0.0,2686612,24.1428571428571,85.5714285714286,0,0,0,70.3273885714286,51.5714285714286,26.845165,29.5714285714286,,,,,,6548,zika
2012-06-03,201223,0.0,0,0,0,0.5,0.0,0,1,230440020122319589,2023-08-20,Fortaleza,0.0,0.0,2686612,24.8571428571429,85.7142857142857,0,0,0,72.0172821428571,53.8571428571429,27.0319872857143,29.5714285714286,,,,,,6548,zika
2012-05-27,201222,0.0,0,0,0,0.5,0.0,0,1,230440020122219589,2023-08-20,Fortaleza,0.0,0.0,2686612,24.2857142857143,85.5714285714286,0,0,0,72.3574957142857,53.8571428571429,26.8997184285714,29.7142857142857,,,,,,6548,zika
2012-05-20,201221,0.0,0,0,0,0.5,0.0,0,1,230440020122119589,2023-08-20,Fortaleza,0.0,0.0,2686612,24.4285714285714,84.1428571428571,0,0,0,71.59418,54.0,26.820295,29.5714285714286,,,,,,6548,zika
2012-05-13,201220,0.0,0,0,0,0.5,0.0,0,1,230440020122019589,2023-08-20,Fortaleza,0.0,0.0,2686612,24.8571428571429,86.2857142857143,0,0,0,73.4960165714286,59.0,27.0797737142857,29.2857142857143,,,,,,6548,zika
2012-05-06,201219,0.0,0,0,0,0.5,0.0,0,1,230440020121919589,2023-08-20,Fortaleza,0.0,0.0,2686612,25.0,84.2857142857143,0,0,0,69.6751817142857,50.8571428571429,27.508558,30.1428571428571,,,,,,6548,zika
2012-04-29,201218,0.0,0,0,0,0.5,0.0,0,1,230440020121819589,2023-08-20,Fortaleza,0.0,0.0,2686612,25.0,81.2857142857143,0,0,0,69.6256528571429,52.8571428571429,27.488874,30.2857142857143,,,,,,6548,zika
2012-04-22,201217,0.0,0,0,0,0.5,0.0,0,1,230440020121719589,2023-08-20,Fortaleza,0.0,0.0,2686612,25.0,88.7142857142857,0,0,0,75.0925548571429,57.1428571428571,27.3677907142857,30.1428571428571,,,,,,6548,zika
2012-04-15,201216,0.0,0,0,0,0.5,0.0,0,1,230440020121619589,2023-08-20,Fortaleza,0.0,0.0,2686612,25.0,89.7142857142857,0,0,0,78.9730384285714,63.1428571428571,26.7558641428571,29.0,,,,,,6548,zika
2012-04-08,201215,0.0,0,0,0,0.5,0.0,0,1,230440020121519589,2023-08-20,Fortaleza,0.0,0.0,2686612,24.8571428571429,84.7142857142857,0,0,0,68.4690114285714,46.7142857142857,27.6470142857143,30.4285714285714,,,,,,6548,zika
2012-04-01,201214,0.0,0,0,0,0.5,0.0,0,1,230440020121419589,2023-08-20,Fortaleza,0.0,0.0,2686612,25.4285714285714,87.2857142857143,0,0,0,74.0811855714286,56.1428571428571,27.5377037142857,30.2857142857143,,,,,,6548,zika
2012-03-25,201213,0.0,0,0,0,0.5,0.0,0,1,230440020121319589,2023-08-20,Fortaleza,0.0,0.0,2686612,23.4285714285714,91.7142857142857,0,0,0,79.7565207142857,61.4285714285714,26.1737508571429,28.8571428571429,,,,,,6548,zika
2012-03-18,201212,0.0,0,0,0,0.5,0.0,0,1,230440020121219589,2023-08-20,Fortaleza,0.0,0.0,2686612,23.7142857142857,90.1428571428571,0,0,0,76.7324328571429,59.1428571428571,26.5047348571429,29.5714285714286,,,,,,6548,zika
2012-03-11,201211,0.0,0,0,0,0.5,0.0,0,1,230440020121119589,2023-08-20,Fortaleza,0.0,0.0,2686612,23.2857142857143,91.7142857142857,0,0,0,77.8567322857143,60.2857142857143,26.057118,28.7142857142857,,,,,,6548,zika
2012-03-04,201210,0.0,0,0,0,0.5,0.0,0,1,230440020121019589,2023-08-20,Fortaleza,0.0,0.0,2686612,23.4285714285714,88.7142857142857,0,0,0,74.6645421428571,54.8571428571429,26.2777358571429,29.2857142857143,,,,,,6548,zika
2012-02-26,201209,0.0,0,0,0,0.5,0.0,0,1,230440020120919589,2023-08-20,Fortaleza,0.0,0.0,2686612,23.0,90.1428571428571,0,0,0,76.6347514285714,59.0,25.8559498571429,28.5714285714286,,,,,,6548,zika
2012-02-19,201208,0.0,0,0,0,0.5,0.0,0,1,230440020120819589,2023-08-20,Fortaleza,0.0,0.0,2686612,22.8571428571429,89.4285714285714,0,0,0,78.269148,60.0,25.3949057142857,29.0,,,,,,6548,zika
2012-02-12,201207,0.0,0,0,0,0.5,0.0,0,1,230440020120719589,2023-08-20,Fortaleza,0.0,0.0,2686612,23.0,93.4285714285714,0,0,0,83.0675957142857,67.8571428571429,25.3791605714286,27.8571428571429,,,,,,6548,zika
2012-02-05,201206,0.0,0,0,0,0.5,0.0,0,1,230440020120619589,2023-08-20,Fortaleza,0.0,0.0,2686612,24.5714285714286,88.0,0,0,0,75.5153071428571,56.8571428571429,27.0357144285714,29.8571428571429,,,,,,6548,zika
2012-01-29,201205,0.0,0,0,0,0.5,0.0,0,1,230440020120519589,2023-08-20,Fortaleza,0.0,0.0,2686612,25.0,83.2857142857143,0,0,0,72.2392271428571,56.2857142857143,26.9497357142857,29.2857142857143,,,,,,6548,zika
2012-01-22,201204,0.0,0,0,0,0.5,0.0,0,1,230440020120419589,2023-08-20,Fortaleza,0.0,0.0,2686612,24.5714285714286,87.8571428571429,0,0,0,76.3431577142857,60.4285714285714,26.6942555714286,29.2857142857143,,,,,,6548,zika
2012-01-15,201203,0.0,0,0,0,0.5,0.0,0,1,230440020120319589,2023-08-20,Fortaleza,0.0,0.0,2686612,23.8571428571429,92.7142857142857,0,0,0,80.0899028571429,63.5714285714286,26.184064,29.0,,,,,,6548,zika
2012-01-08,201202,0.0,0,0,0,0.5,0.0,0,1,230440020120219589,2023-08-20,Fortaleza,0.0,0.0,2686612,25.1428571428571,88.8571428571429,0,0,0,74.9072171428571,55.0,27.1545731428571,30.0,,,,,,6548,zika
2012-01-01,201201,0.0,0,0,0,0.5,0.0,0,1,230440020120119589,2023-08-20,Fortaleza,0.0,0.0,2686612,25.2857142857143,85.5714285714286,0,0,0,73.9229157142857,55.8571428571429,27.125007,29.8571428571429,,,,,,6548,zika
2011-12-25,201152,0.0,0,0,0,0.5,0.0,0,1,230440020115219589,2023-08-20,Fortaleza,0.0,0.0,2686612,25.125,87.25,0,0,0,76.01332575,58.625,26.886585375,30.0,,,,,,6548,zika
2011-12-18,201151,0.0,0,0,0,0.5,0.0,0,1,230440020115119589,2023-08-20,Fortaleza,0.0,0.0,2686612,24.7142857142857,87.1428571428571,0,0,0,74.2514285714286,57.0,26.8987754285714,29.7142857142857,,,,,,6548,zika
2011-12-11,201150,0.0,0,0,0,0.5,0.0,0,1,230440020115019589,2023-08-20,Fortaleza,0.0,0.0,2686612,24.7142857142857,86.4285714285714,0,0,0,72.9476557142857,55.5714285714286,26.860733,29.4285714285714,,,,,,6548,zika
2011-12-04,201149,0.0,0,0,0,0.5,0.0,0,1,230440020114919589,2023-08-20,Fortaleza,0.0,0.0,2686612,24.5714285714286,87.1428571428571,0,0,0,73.6349214285714,54.7142857142857,26.8038894285714,29.8571428571429,,,,,,6548,zika
2011-11-27,201148,0.0,0,0,0,0.5,0.0,0,1,230440020114819589,2023-08-20,Fortaleza,0.0,0.0,2686612,24.7142857142857,85.5714285714286,0,0,0,73.1747928571429,55.4285714285714,26.6969734285714,29.7142857142857,,,,,,6548,zika
2011-11-20,201147,0.0,0,0,0,0.5,0.0,0,1,230440020114719589,2023-08-20,Fortaleza,0.0,0.0,2686612,24.7142857142857,87.2857142857143,0,0,0,73.9848812857143,56.1428571428571,26.8376795714286,29.7142857142857,,,,,,6548,zika
2011-11-13,201146,0.0,0,0,0,0.5,0.0,0,1,230440020114619589,2023-08-20,Fortaleza,0.0,0.0,2686612,24.5714285714286,88.7142857142857,0,0,0,75.11659,57.0,26.6802722857143,29.5714285714286,,,,,,6548,zika
2011-11-06,201145,0.0,0,0,0,0.5,0.0,0,1,230440020114519589,2023-08-20,Fortaleza,0.0,0.0,2686612,24.0,90.2857142857143,0,0,0,74.4216394285714,55.4285714285714,26.609919,29.5714285714286,,,,,,6548,zika
2011-10-30,201144,0.0,0,0,0,0.5,0.0,0,1,230440020114419589,2023-08-20,Fortaleza,0.0,0.0,2686612,24.2857142857143,91.1428571428571,0,0,0,76.1271728571429,58.0,26.5334468571429,29.1428571428571,,,,,,6548,zika
2011-10-23,201143,0.0,0,0,0,0.5,0.0,0,1,230440020114319589,2023-08-20,Fortaleza,0.0,0.0,2686612,24.5714285714286,87.8571428571429,0,0,0,73.7086171428571,53.8571428571429,26.6203705714286,29.5714285714286,,,,,,6548,zika
2011-10-16,201142,0.0,0,0,0,0.5,0.0,0,1,230440020114219589,2023-08-20,Fortaleza,0.0,0.0,2686612,24.4285714285714,90.2857142857143,0,0,0,78.1797757142857,62.7142857142857,26.240076,28.4285714285714,,,,,,6548,zika
2011-10-09,201141,0.0,0,0,0,0.5,0.0,0,1,230440020114119589,2023-08-20,Fortaleza,0.0,0.0,2686612,24.4285714285714,88.0,0,0,0,75.3390014285714,56.2857142857143,26.2983748571429,29.0,,,,,,6548,zika
2011-10-02,201140,0.0,0,0,0,0.5,0.0,0,1,230440020114019589,2023-08-20,Fortaleza,0.0,0.0,2686612,24.4285714285714,83.0,0,0,0,69.8497721428571,46.7142857142857,26.4557822857143,29.8571428571429,,,,,,6548,zika
2011-09-25,201139,0.0,0,0,0,0.5,0.0,0,1,230440020113919589,2023-08-20,Fortaleza,0.0,0.0,2686612,23.7142857142857,87.0,0,0,0,73.0128507142857,50.5714285714286,26.308957,29.7142857142857,,,,,,6548,zika
2011-09-18,201138,0.0,0,0,0,0.5,0.0,0,1,230440020113819589,2023-08-20,Fortaleza,0.0,0.0,2686612,22.4285714285714,86.2857142857143,0,0,0,69.4761918571429,42.2857142857143,26.0300455714286,30.0,,,,,,6548,zika
2011-09-11,201137,0.0,0,0,0,0.5,0.0,0,1,230440020113719589,2023-08-20,Fortaleza,0.0,0.0,2686612,23.1428571428571,87.2857142857143,0,0,0,70.4094842857143,46.5714285714286,26.1768705714286,29.7142857142857,,,,,,6548,zika
2011-09-04,201136,0.0,0,0,0,0.5,0.0,0,1,230440020113619589,2023-08-20,Fortaleza,0.0,0.0,2686612,22.5714285714286,84.5714285714286,0,0,0,68.6630757142857,46.0,26.0878685714286,29.7142857142857,,,,,,6548,zika
2011-08-28,201135,0.0,0,0,0,0.5,0.0,0,1,230440020113519589,2023-08-20,Fortaleza,0.0,0.0,2686612,22.5714285714286,89.2857142857143,0,0,0,71.8877528571429,49.2857142857143,25.9795918571429,29.1428571428571,,,,,,6548,zika
2011-08-21,201134,0.0,0,0,0,0.5,0.0,0,1,230440020113419589,2023-08-20,Fortaleza,0.0,0.0,2686612,22.4285714285714,94.1428571428571,0,0,0,76.7047857142857,51.7142857142857,25.6333567142857,29.1428571428571,,,,,,6548,zika
2011-08-14,201133,0.0,0,0,0,0.5,0.0,0,1,230440020113319589,2023-08-20,Fortaleza,0.0,0.0,2686612,22.1428571428571,89.2857142857143,0,0,0,72.9877157142857,50.1428571428571,25.803259,29.2857142857143,,,,,,6548,zika
2011-08-07,201132,0.0,0,0,0,0.5,0.0,0,1,230440020113219589,2023-08-20,Fortaleza,0.0,0.0,2686612,23.1428571428571,92.4285714285714,0,0,0,74.3520271428571,52.4285714285714,26.2066831428571,29.7142857142857,,,,,,6548,zika
2011-07-31,201131,0.0,0,0,0,0.5,0.0,0,1,230440020113119589,2023-08-20,Fortaleza,0.0,0.0,2686612,23.1428571428571,94.2857142857143,0,0,0,79.768332,58.8571428571429,25.7499765714286,28.5714285714286,,,,,,6548,zika
2011-07-24,201130,0.0,0,0,0,0.5,0.0,0,1,230440020113019589,2023-08-20,Fortaleza,0.0,0.0,2686612,22.1428571428571,91.0,0,0,0,73.4586164285714,50.5714285714286,25.7923287142857,29.2857142857143,,,,,,6548,zika
2011-07-17,201129,0.0,0,0,0,0.5,0.0,0,1,230440020112919589,2023-08-20,Fortaleza,0.0,0.0,2686612,23.0,94.2857142857143,0,0,0,78.5598007142857,58.4285714285714,25.6480174285714,28.8571428571429,,,,,,6548,zika
2011-07-10,201128,0.0,0,0,0,0.5,0.0,0,1,230440020112819589,2023-08-20,Fortaleza,0.0,0.0,2686612,22.1428571428571,96.5714285714286,0,0,0,82.0022477142857,62.5714285714286,24.9035615714286,28.1428571428571,,,,,,6548,zika
2011-07-03,201127,0.0,0,0,0,0.5,0.0,0,1,230440020112719589,2023-08-20,Fortaleza,0.0,0.0,2686612,23.2857142857143,95.1428571428571,0,0,0,83.2084214285714,62.1428571428571,25.5899282857143,28.7142857142857,,,,,,6548,zika
2011-06-26,201126,0.0,0,0,0,0.5,0.0,0,1,230440020112619589,2023-08-20,Fortaleza,0.0,0.0,2686612,23.0,95.0,0,0,0,81.6571394285714,63.0,25.4730391428571,28.4285714285714,,,,,,6548,zika
2011-06-19,201125,0.0,0,0,0,0.5,0.0,0,1,230440020112519589,2023-08-20,Fortaleza,0.0,0.0,2686612,23.1428571428571,98.2857142857143,0,0,0,81.42399,58.7142857142857,26.0822127142857,29.2857142857143,,,,,,6548,zika
2011-06-12,201124,0.0,0,0,0,0.5,0.0,0,1,230440020112419589,2023-08-20,Fortaleza,0.0,0.0,2686612,23.1428571428571,96.5714285714286,0,0,0,77.4183088571429,53.4285714285714,26.1379701428571,29.7142857142857,,,,,,6548,zika
2011-06-05,201123,0.0,0,0,0,0.5,0.0,0,1,230440020112319589,2023-08-20,Fortaleza,0.0,0.0,2686612,23.2857142857143,97.5714285714286,0,0,0,81.078042,57.7142857142857,26.2594478571429,29.2857142857143,,,,,,6548,zika
2011-05-29,201122,0.0,0,0,0,0.5,0.0,0,1,230440020112219589,2023-08-20,Fortaleza,0.0,0.0,2686612,23.0,96.7142857142857,0,0,0,79.08636,53.2857142857143,26.3327661428571,29.5714285714286,,,,,,6548,zika
2011-05-22,201121,0.0,0,0,0,0.5,0.0,0,1,230440020112119589,2023-08-20,Fortaleza,0.0,0.0,2686612,23.5714285714286,96.0,0,0,0,80.5863571428571,59.0,26.5568195714286,29.8571428571429,,,,,,6548,zika
2011-05-15,201120,0.0,0,0,0,0.5,0.0,0,1,230440020112019589,2023-08-20,Fortaleza,0.0,0.0,2686612,23.5714285714286,99.1428571428571,0,0,0,85.0764391428571,61.2857142857143,26.1315322857143,29.5714285714286,,,,,,6548,zika
2011-05-08,201119,0.0,0,0,0,0.5,0.0,0,1,230440020111919589,2023-08-20,Fortaleza,0.0,0.0,2686612,23.5714285714286,98.2857142857143,0,0,0,85.8319121428571,65.5714285714286,25.8949994285714,29.0,,,,,,6548,zika
2011-05-01,201118,0.0,0,0,0,0.5,0.0,0,1,230440020111819589,2023-08-20,Fortaleza,0.0,0.0,2686612,23.4285714285714,100.0,0,0,0,90.0210737142857,70.0,25.8080001428571,29.0,,,,,,6548,zika
2011-04-24,201117,0.0,0,0,0,0.5,0.0,0,1,230440020111719589,2023-08-20,Fortaleza,0.0,0.0,2686612,23.0,100.0,0,0,0,90.1027222857143,71.2857142857143,25.19966,28.5714285714286,,,,,,6548,zika
2011-04-17,201116,0.0,0,0,0,0.5,0.0,0,1,230440020111619589,2023-08-20,Fortaleza,0.0,0.0,2686612,23.0,100.0,0,0,0,91.0577837142857,77.1428571428571,25.0315964285714,27.5714285714286,,,,,,6548,zika
2011-04-10,201115,0.0,0,0,0,0.5,0.0,0,1,230440020111519589,2023-08-20,Fortaleza,0.0,0.0,2686612,22.7142857142857,100.0,0,0,0,90.9984408571429,75.8571428571429,25.0035124285714,27.5714285714286,,,,,,6548,zika
2011-04-03,201114,0.0,0,0,0,0.5,0.0,0,1,230440020111419589,2023-08-20,Fortaleza,0.0,0.0,2686612,23.8571428571429,98.2857142857143,0,0,0,85.1651822857143,67.2857142857143,26.5749174285714,29.2857142857143,,,,,,6548,zika
2011-03-27,201113,0.0,0,0,0,0.5,0.0,0,1,230440020111319589,2023-08-20,Fortaleza,0.0,0.0,2686612,23.8571428571429,98.2857142857143,0,0,0,87.2425591428571,67.5714285714286,26.1678805714286,29.4285714285714,,,,,,6548,zika
2011-03-20,201112,0.0,0,0,0,0.5,0.0,0,1,230440020111219589,2023-08-20,Fortaleza,0.0,0.0,2686612,24.1428571428571,95.1428571428571,0,0,0,80.9247921428571,62.8571428571429,26.9514361428571,30.1428571428571,,,,,,6548,zika
2011-03-13,201111,0.0,0,0,0,0.5,0.0,0,1,230440020111119589,2023-08-20,Fortaleza,0.0,0.0,2686612,23.2857142857143,98.2857142857143,0,0,0,81.6037457142857,60.4285714285714,26.507511,29.8571428571429,,,,,,6548,zika
2011-03-06,201110,0.0,0,0,0,0.5,0.0,0,1,230440020111019589,2023-08-20,Fortaleza,0.0,0.0,2686612,23.0,99.1428571428571,0,0,0,88.638696,70.1428571428571,25.5775774285714,28.7142857142857,,,,,,6548,zika
2011-02-27,201109,0.0,0,0,0,0.5,0.0,0,1,230440020110919589,2023-08-20,Fortaleza,0.0,0.0,2686612,23.4285714285714,98.2857142857143,0,0,0,82.1641591428571,62.5714285714286,26.1197792857143,29.5714285714286,,,,,,6548,zika
2011-02-20,201108,0.0,0,0,0,0.5,0.0,0,1,230440020110819589,2023-08-20,Fortaleza,0.0,0.0,2686612,23.2857142857143,100.0,0,0,0,88.3725637142857,72.2857142857143,25.5938017142857,28.5714285714286,,,,,,6548,zika
2011-02-13,201107,0.0,0,0,0,0.5,0.0,0,1,230440020110719589,2023-08-20,Fortaleza,0.0,0.0,2686612,22.5714285714286,99.1428571428571,0,0,0,88.4132034285714,72.4285714285714,25.2128497142857,27.8571428571429,,,,,,6548,zika
2011-02-06,201106,0.0,0,0,0,0.5,0.0,0,1,230440020110619589,2023-08-20,Fortaleza,0.0,0.0,2686612,24.2857142857143,92.1428571428571,0,0,0,82.050452,66.2857142857143,26.2243608571429,28.8571428571429,,,,,,6548,zika
2011-01-30,201105,0.0,0,0,0,0.5,0.0,0,1,230440020110519589,2023-08-20,Fortaleza,0.0,0.0,2686612,24.1428571428571,95.1428571428571,0,0,0,81.8721027142857,63.7142857142857,26.5329521428571,29.2857142857143,,,,,,6548,zika
2011-01-23,201104,0.0,0,0,0,0.5,0.0,0,1,230440020110419589,2023-08-20,Fortaleza,0.0,0.0,2686612,22.4285714285714,98.5714285714286,0,0,0,87.8978137142857,68.7142857142857,24.8291977142857,27.8571428571429,,,,,,6548,zika
2011-01-16,201103,0.0,0,0,0,0.5,0.0,0,1,230440020110319589,2023-08-20,Fortaleza,0.0,0.0,2686612,23.1428571428571,98.2857142857143,0,0,0,88.7626465714286,73.5714285714286,25.0612021428571,27.4285714285714,,,,,,6548,zika
2011-01-09,201102,0.0,0,0,0,0.5,0.0,0,1,230440020110219589,2023-08-20,Fortaleza,0.0,0.0,2686612,22.8571428571429,96.5714285714286,0,0,0,83.8069457142857,65.4285714285714,25.6204957142857,28.2857142857143,,,,,,6548,zika
2011-01-02,201101,0.0,0,0,0,0.5,0.0,0,1,230440020110119589,2023-08-20,Fortaleza,0.0,0.0,2686612,24.0,90.2857142857143,0,0,0,76.9952262857143,58.2857142857143,26.7292628571429,29.8571428571429,,,,,,6548,zika
2010-12-26,201052,0.0,0,0,0,0.5,0.0,0,1,230440020105219589,2023-08-20,Fortaleza,0.0,0.0,2686612,25.0,86.2857142857143,0,0,0,72.9115648571428,52.7142857142857,27.1789494285714,30.1428571428571,,,,,,6548,zika
2010-12-19,201051,0.0,0,0,0,0.5,0.0,0,1,230440020105119589,2023-08-20,Fortaleza,0.0,0.0,2686612,24.7142857142857,91.1428571428571,0,0,0,76.9967428571429,60.2857142857143,27.1406768571429,30.0,,,,,,6548,zika
2010-12-12,201050,0.0,0,0,0,0.5,0.0,0,1,230440020105019589,2023-08-20,Fortaleza,0.0,0.0,2686612,24.5714285714286,92.5714285714286,0,0,0,79.7507208571429,62.5714285714286,26.3790945714286,29.2857142857143,,,,,,6548,zika
2010-12-05,201049,0.0,0,0,0,0.5,0.0,0,1,230440020104919589,2023-08-20,Fortaleza,0.0,0.0,2686612,25.1428571428571,88.2857142857143,0,0,0,73.9870565714286,58.0,27.2182538571429,30.0,,,,,,6548,zika
2010-11-28,201048,0.0,0,0,0,0.5,0.0,0,1,230440020104819589,2023-08-20,Fortaleza,0.0,0.0,2686612,25.0,84.1428571428571,0,0,0,71.77551,53.1428571428571,27.3061222857143,30.0,,,,,,6548,zika
2010-11-21,201047,0.0,0,0,0,0.5,0.0,0,1,230440020104719589,2023-08-20,Fortaleza,0.0,0.0,2686612,25.0,83.1428571428571,0,0,0,72.0088078571429,55.4285714285714,27.1202977142857,30.2857142857143,,,,,,6548,zika
2010-11-14,201046,0.0,0,0,0,0.5,0.0,0,1,230440020104619589,2023-08-20,Fortaleza,0.0,0.0,2686612,25.0,85.4285714285714,0,0,0,72.3591971428571,54.5714285714286,27.184985,30.1428571428571,,,,,,6548,zika
2010-11-07,201045,0.0,0,0,0,0.5,0.0,0,1,230440020104519589,2023-08-20,Fortaleza,0.0,0.0,2686612,25.0,84.2857142857143,0,0,0,69.0069495714286,46.2857142857143,27.401032,30.5714285714286,,,,,,6548,zika
2010-10-31,201044,0.0,0,0,0,0.5,0.0,0,1,230440020104419589,2023-08-20,Fortaleza,0.0,0.0,2686612,24.8571428571429,84.7142857142857,0,0,0,70.9242257142857,52.8571428571429,27.2369615714286,30.4285714285714,,,,,,6548,zika
2010-10-24,201043,0.0,0,0,0,0.5,0.0,0,1,230440020104319589,2023-08-20,Fortaleza,0.0,0.0,2686612,24.5714285714286,85.4285714285714,0,0,0,72.2243014285714,55.0,26.9646634285714,30.0,,,,,,6548,zika
2010-10-17,201042,0.0,0,0,0,0.5,0.0,0,1,230440020104219589,2023-08-20,Fortaleza,0.0,0.0,2686612,24.2857142857143,87.2857142857143,0,0,0,73.6122442857143,54.5714285714286,26.8367342857143,30.0,,,,,,6548,zika
2010-10-10,201041,0.0,0,0,0,0.5,0.0,0,1,230440020104119589,2023-08-20,Fortaleza,0.0,0.0,2686612,24.1428571428571,84.8571428571429,0,0,0,70.1683671428572,48.0,26.8214284285714,30.5714285714286,,,,,,6548,zika
2010-10-03,201040,0.0,0,0,0,0.5,0.0,0,1,230440020104019589,2023-08-20,Fortaleza,0.0,0.0,2686612,23.8571428571429,86.2857142857143,0,0,0,71.9950871428571,49.4285714285714,26.6086544285714,30.0,,,,,,6548,zika
2010-09-26,201039,0.0,0,0,0,0.5,0.0,0,1,230440020103919589,2023-08-20,Fortaleza,0.0,0.0,2686612,24.2857142857143,84.7142857142857,0,0,0,73.2997987142857,55.5714285714286,26.326109,29.2857142857143,,,,,,6548,zika
2010-09-19,201038,0.0,0,0,0,0.5,0.0,0,1,230440020103819589,2023-08-20,Fortaleza,0.0,0.0,2686612,23.4285714285714,80.1428571428571,0,0,0,67.213061,44.2857142857143,26.4742857142857,30.0,,,,,,6548,zika
2010-09-12,201037,0.0,0,0,0,0.5,0.0,0,1,230440020103719589,2023-08-20,Fortaleza,0.0,0.0,2686612,23.2857142857143,84.7142857142857,0,0,0,67.329932,42.1428571428571,26.3690478571429,30.1428571428571,,,,,,6548,zika
2010-09-05,201036,0.0,0,0,0,0.5,0.0,0,1,230440020103619589,2023-08-20,Fortaleza,0.0,0.0,2686612,22.8571428571429,84.5714285714286,0,0,0,69.1734695714286,45.0,26.0306124285714,29.2857142857143,,,,,,6548,zika
2010-08-29,201035,0.0,0,0,0,0.5,0.0,0,1,230440020103519589,2023-08-20,Fortaleza,0.0,0.0,2686612,23.1428571428571,82.4285714285714,0,0,0,67.770409,45.7142857142857,26.3316324285714,29.7142857142857,,,,,,6548,zika
2010-08-22,201034,0.0,0,0,0,0.5,0.0,0,1,230440020103419589,2023-08-20,Fortaleza,0.0,0.0,2686612,23.2857142857143,83.0,0,0,0,71.5224871428571,51.0,26.3446711428571,30.0,,,,,,6548,zika
2010-08-15,201033,0.0,0,0,0,0.5,0.0,0,1,230440020103319589,2023-08-20,Fortaleza,0.0,0.0,2686612,23.1428571428571,85.4285714285714,0,0,0,69.0069914285714,43.4285714285714,26.1995461428571,30.0,,,,,,6548,zika
2010-08-08,201032,0.0,0,0,0,0.5,0.0,0,1,230440020103219589,2023-08-20,Fortaleza,0.0,0.0,2686612,22.7142857142857,85.5714285714286,0,0,0,66.493842,40.8571428571429,26.3075301428571,30.1428571428571,,,,,,6548,zika
2010-08-01,201031,0.0,0,0,0,0.5,0.0,0,1,230440020103119589,2023-08-20,Fortaleza,0.0,0.0,2686612,23.1428571428571,87.8571428571429,0,0,0,69.7551028571429,45.8571428571429,26.3265305714286,30.0,,,,,,6548,zika
2010-07-25,201030,0.0,0,0,0,0.5,0.0,0,1,230440020103019589,2023-08-20,Fortaleza,0.0,0.0,2686612,23.0,87.2857142857143,0,0,0,70.3555651428571,48.5714285714286,26.4413568571429,30.1428571428571,,,,,,6548,zika
2010-07-18,201029,0.0,0,0,0,0.5,0.0,0,1,230440020102919589,2023-08-20,Fortaleza,0.0,0.0,2686612,23.4285714285714,89.2857142857143,0,0,0,71.1730928571429,48.4285714285714,26.5691611428571,30.1428571428571,,,,,,6548,zika
2010-07-11,201028,0.0,0,0,0,0.5,0.0,0,1,230440020102819589,2023-08-20,Fortaleza,0.0,0.0,2686612,23.7142857142857,93.5714285714286,0,0,0,77.3002371428571,54.2857142857143,26.4010605714286,29.8571428571429,,,,,,6548,zika
2010-07-04,201027,0.0,0,0,0,0.5,0.0,0,1,230440020102719589,2023-08-20,Fortaleza,0.0,0.0,2686612,23.4285714285714,91.1428571428571,0,0,0,73.0428928571429,49.5714285714286,26.5874907142857,30.1428571428571,,,,,,6548,zika
2010-06-27,201026,0.0,0,0,0,0.5,0.0,0,1,230440020102619589,2023-08-20,Fortaleza,0.0,0.0,2686612,23.7142857142857,91.0,0,0,0,73.5517214285714,48.4285714285714,26.856966,30.4285714285714,,,,,,6548,zika
2010-06-20,201025,0.0,0,0,0,0.5,0.0,0,1,230440020102519589,2023-08-20,Fortaleza,0.0,0.0,2686612,23.7142857142857,88.7142857142857,0,0,0,72.7091842857143,50.7142857142857,26.9580062857143,30.8571428571429,,,,,,6548,zika
2010-06-13,201024,0.0,0,0,0,0.5,0.0,0,1,230440020102419589,2023-08-20,Fortaleza,0.0,0.0,2686612,24.0,91.8571428571429,0,0,0,75.07842,51.4285714285714,27.0496977142857,30.8571428571429,,,,,,6548,zika
2010-06-06,201023,0.0,0,0,0,0.5,0.0,0,1,230440020102319589,2023-08-20,Fortaleza,0.0,0.0,2686612,23.8571428571429,91.7142857142857,0,0,0,75.7492878571429,53.7142857142857,27.1001511428571,30.7142857142857,,,,,,6548,zika
2010-05-30,201022,0.0,0,0,0,0.5,0.0,0,1,230440020102219589,2023-08-20,Fortaleza,0.0,0.0,2686612,23.7142857142857,96.5714285714286,0,0,0,81.552035,62.7142857142857,26.7562592857143,29.8571428571429,,,,,,6548,zika
2010-05-23,201021,0.0,0,0,0,0.5,0.0,0,1,230440020102119589,2023-08-20,Fortaleza,0.0,0.0,2686612,25.0,94.2857142857143,0,0,0,80.2060721428571,60.8571428571429,27.5519065714286,30.2857142857143,,,,,,6548,zika
2010-05-16,201020,0.0,0,0,0,0.5,0.0,0,1,230440020102019589,2023-08-20,Fortaleza,0.0,0.0,2686612,24.7142857142857,92.1428571428571,0,0,0,75.9067657142857,57.1428571428571,27.5365005714286,30.7142857142857,,,,,,6548,zika
2010-05-09,201019,0.0,0,0,0,0.5,0.0,0,1,230440020101919589,2023-08-20,Fortaleza,0.0,0.0,2686612,24.5714285714286,94.2857142857143,0,0,0,80.3663307142857,59.5714285714286,27.3715108571429,30.7142857142857,,,,,,6548,zika
2010-05-02,201018,0.0,0,0,0,0.5,0.0,0,1,230440020101819589,2023-08-20,Fortaleza,0.0,0.0,2686612,24.5714285714286,96.5714285714286,0,0,0,82.9056394285714,64.1428571428571,26.9864625714286,30.2857142857143,,,,,,6548,zika
2010-04-25,201017,0.0,0,0,0,0.5,0.0,0,1,230440020101719589,2023-08-20,Fortaleza,0.0,0.0,2686612,24.7142857142857,93.4285714285714,0,0,0,78.9452025714286,58.1428571428571,27.6732611428571,30.8571428571429,,,,,,6548,zika
2010-04-18,201016,0.0,0,0,0,0.5,0.0,0,1,230440020101619589,2023-08-20,Fortaleza,0.0,0.0,2686612,24.4285714285714,98.2857142857143,0,0,0,82.6127012857143,62.8571428571429,27.1846727142857,30.8571428571429,,,,,,6548,zika
2010-04-11,201015,0.0,0,0,0,0.5,0.0,0,1,230440020101519589,2023-08-20,Fortaleza,0.0,0.0,2686612,24.0,97.4285714285714,0,0,0,82.201265,57.8571428571429,27.0928271428571,30.5714285714286,,,,,,6548,zika
2010-04-04,201014,0.0,0,0,0,0.5,0.0,0,1,230440020101419589,2023-08-20,Fortaleza,0.0,0.0,2686612,25.2857142857143,94.8571428571429,0,0,0,80.5899828571429,63.4285714285714,27.851148,31.1428571428571,,,,,,6548,zika
2010-03-28,201013,0.0,0,0,0,0.5,0.0,0,1,230440020101319589,2023-08-20,Fortaleza,0.0,0.0,2686612,24.5714285714286,97.8571428571429,0,0,0,83.82199,64.5714285714286,27.4161825714286,30.4285714285714,,,,,,6548,zika
2010-03-21,201012,0.0,0,0,0,0.5,0.0,0,1,230440020101219589,2023-08-20,Fortaleza,0.0,0.0,2686612,23.2857142857143,98.4285714285714,0,0,0,84.0948048571429,61.7142857142857,26.4773658571429,30.0,,,,,,6548,zika
2010-03-14,201011,0.0,0,0,0,0.5,0.0,0,1,230440020101119589,2023-08-20,Fortaleza,0.0,0.0,2686612,25.7142857142857,88.4285714285714,0,0,0,76.436402,57.0,27.943123,30.7142857142857,,,,,,6548,zika
2010-03-07,201010,0.0,0,0,0,0.5,0.0,0,1,230440020101019589,2023-08-20,Fortaleza,0.0,0.0,2686612,26.2857142857143,84.0,0,0,0,72.0941057142857,55.0,28.6485267142857,31.4285714285714,,,,,,6548,zika
2010-02-28,201009,0.0,0,0,0,0.5,0.0,0,1,230440020100919589,2023-08-20,Fortaleza,0.0,0.0,2686612,25.8571428571429,88.4285714285714,0,0,0,74.8907785714286,55.8571428571429,28.3941797142857,31.1428571428571,,,,,,6548,zika
2010-02-21,201008,0.0,0,0,0,0.5,0.0,0,1,230440020100819589,2023-08-20,Fortaleza,0.0,0.0,2686612,25.7142857142857,89.0,0,0,0,76.5816328571429,57.0,28.2142858571429,31.2857142857143,,,,,,6548,zika
2010-02-14,201007,0.0,0,0,0,0.5,0.0,0,1,230440020100719589,2023-08-20,Fortaleza,0.0,0.0,2686612,24.8571428571429,90.5714285714286,0,0,0,78.5045721428571,62.0,27.5594648571429,30.7142857142857,,,,,,6548,zika
2010-02-07,201006,0.0,0,0,0,0.5,0.0,0,1,230440020100619589,2023-08-20,Fortaleza,0.0,0.0,2686612,25.0,92.0,0,0,0,78.3642871428572,61.0,27.4993198571429,30.7142857142857,,,,,,6548,zika
2010-01-31,201005,0.0,0,0,0,0.0,0.0,0,1,230440020100519589,2023-08-20,Fortaleza,0.0,0.0,2686612,25.5714285714286,89.0,0,0,0,74.5991678571429,55.8571428571429,28.1882842857143,31.2857142857143,,,,,,6548,zika
2010-01-24,201004,0.0,0,0,0,0.0,0.0,0,1,230440020100419589,2023-08-20,Fortaleza,0.0,0.0,2686612,24.5714285714286,92.0,0,0,0,78.3479991428571,60.7142857142857,27.3881711428571,30.7142857142857,,,,,,6548,zika
2010-01-17,201003,0.0,0,0,0,0.0,0.0,0,1,230440020100319589,2023-08-20,Fortaleza,0.0,0.0,2686612,24.7142857142857,90.4285714285714,0,0,0,75.2397957142857,54.8571428571429,27.5370371428571,30.7142857142857,,,,,,6548,zika
2010-01-10,201002,0.0,0,0,0,0.0,0.0,0,1,230440020100219589,2023-08-20,Fortaleza,0.0,0.0,2686612,25.0,88.1428571428571,0,0,0,75.68141,59.7142857142857,27.3066177142857,30.2857142857143,,,,,,6548,zika
2010-01-03,201001,0.0,0,0,0,0.0,0.0,0,1,230440020100119589,2023-08-20,Fortaleza,0.0,0.0,2686612,24.4285714285714,90.5714285714286,0,0,0,77.7894557142857,60.7142857142857,26.7809525714286,29.4285714285714,,,,,,6548,zika
2025-12-28,202553,5.0,5,5,5,0.08491778,0.19259235,0,1,230440020255320599,2026-05-26,Fortaleza,,0.49326125,2596157,25.4262285714286,87.1037714285714,1,0,0,72.8921571428571,53.9217142857143,27.6303142857143,30.8853714285714,3.0,,,,,135002,chikungunya
2025-12-21,202552,6.0,6,6,6,0.12103754,0.23111083,0,1,230440020255220599,2026-05-26,Fortaleza,,0.56520814,2596157,25.4229714285714,83.9753857142857,0,0,0,72.9633714285714,56.6318571428571,27.4553428571429,30.4650857142857,1.0,,,,,135002,chikungunya
2025-12-14,202551,13.0,13,13,13,0.8090066,0.5007401,0,1,230440020255120599,2026-05-26,Fortaleza,,1.4460689,2596157,25.57,82.4015285714286,0,0,0,71.7790857142857,54.8566285714286,27.4093714285714,30.4231,1.0,,,,,135002,chikungunya
2025-12-07,202550,11.0,11,11,11,0.8701389,0.4237032,0,1,230440020255020599,2026-05-26,Fortaleza,,1.7093031,2596157,25.5161428571429,83.7274285714286,0,0,0,72.8337,56.8962,27.4855428571429,30.5283857142857,3.0,,,,,135002,chikungunya
2025-11-30,202549,10.0,10,10,10,0.91949964,0.3851847,0,1,230440020254920599,2026-05-26,Fortaleza,,2.0757282,2596157,25.3668142857143,83.8088714285714,0,0,0,71.3769,53.1222285714286,27.4645857142857,30.9501428571429,3.0,,,,,135002,chikungunya
2025-11-23,202548,6.0,6,6,6,0.5893745,0.23111083,0,1,230440020254820599,2026-05-26,Fortaleza,,1.1386161,2596157,25.5295857142857,82.7635285714286,0,0,0,70.3356285714286,51.6161285714286,27.5414,30.8807,5.0,,,,,135002,chikungunya
2025-11-16,202547,3.0,3,3,3,0.09364998,0.11555541,0,1,230440020254720599,2026-05-26,Fortaleza,,0.433866,2596157,25.3037285714286,82.8495857142857,0,0,0,71.1626571428571,52.6908285714286,27.3385857142857,30.7339,2.0,,,,,135002,chikungunya
2025-11-09,202546,5.0,5,5,5,0.16731572,0.19259235,0,1,230440020254620599,2026-05-26,Fortaleza,,0.5951077,2596157,25.1830285714286,83.3045571428571,0,0,0,70.2438142857143,47.9833714285714,27.3344571428571,31.0836857142857,0.0,,,,,135002,chikungunya
2025-11-02,202545,7.0,7,7,7,0.31436694,0.2696293,0,1,230440020254520599,2026-05-26,Fortaleza,,0.7888427,2596157,24.9248142857143,82.4328571428571,0,0,0,70.1921714285714,52.0100285714286,27.0647142857143,30.5051428571429,0.0,,,,,135002,chikungunya
2025-10-26,202544,9.0,9,9,9,0.51137334,0.34666625,0,1,230440020254420599,2026-05-26,Fortaleza,,1.0132602,2596157,24.9391,81.3060428571429,0,0,0,68.4109428571429,46.0791285714286,27.3691857142857,31.5823,5.0,,,,,135002,chikungunya
2025-10-19,202543,10.0,10,10,10,0.5680834,0.3851847,0,1,230440020254320599,2026-05-26,Fortaleza,,1.0794967,2596157,25.0809714285714,82.6925428571429,0,0,0,68.0769142857143,44.7721571428571,27.4826857142857,31.6833571428571,0.0,,,,,135002,chikungunya
2025-10-12,202542,7.0,7,7,7,0.305993,0.2696293,0,1,230440020254220599,2026-05-26,Fortaleza,,0.7802164,2596157,24.7386,83.0631,0,0,0,69.4981,46.8257714285714,27.1626714285714,31.2629,2.0,,,,,135002,chikungunya
2025-10-05,202541,11.0,11,11,11,0.75722957,0.4237032,0,1,230440020254120599,2026-05-26,Fortaleza,,1.3697811,2596157,24.7394142857143,82.0377,0,0,0,67.4821714285714,44.3795714285714,27.2458285714286,31.4164285714286,3.0,,,,,135002,chikungunya
2025-09-28,202540,9.0,9,9,9,0.6685166,0.34666625,0,1,230440020254020599,2026-05-26,Fortaleza,,1.2349818,2596157,24.5689428571429,80.4422857142857,0,0,0,63.8175571428571,37.6582142857143,27.4285142857143,32.1487428571429,5.0,,,,,135002,chikungunya
2025-09-21,202539,8.0,8,8,8,0.5479058,0.3081478,0,1,230440020253920599,2026-05-26,Fortaleza,,1.0612649,2596157,24.6366428571429,81.4223571428571,0,0,0,66.9176285714286,43.4160857142857,27.2090142857143,31.4555285714286,1.0,,,,,135002,chikungunya
2025-09-14,202538,7.0,7,7,7,0.38353273,0.2696293,0,1,230440020253820599,2026-05-26,Fortaleza,,0.8620963,2596157,24.4601142857143,82.1396857142857,0,0,0,67.5462142857143,42.2816285714286,27.1393428571429,31.4647571428571,4.0,,,,,135002,chikungunya
2025-09-07,202537,6.0,6,6,6,0.29327455,0.23111083,0,1,230440020253720599,2026-05-26,Fortaleza,,0.7529391,2596157,24.4773142857143,84.0600142857143,0,0,0,68.4338571428571,43.082,27.1730142857143,31.5063571428571,2.0,,,,,135002,chikungunya
2025-08-31,202536,11.0,11,11,11,0.6661238,0.4237032,0,1,230440020253620599,2026-05-26,Fortaleza,,1.2066692,2596157,24.1479285714286,81.5150857142857,0,0,0,67.3014142857143,44.3660714285714,26.9822714285714,31.0625285714286,4.0,,,,,135002,chikungunya
2025-08-24,202535,6.0,6,6,6,0.12745544,0.23111083,0,1,230440020253520599,2026-05-26,Fortaleza,,0.57288945,2596157,24.2827571428571,81.7339142857143,0,0,0,67.2662428571429,42.9822428571429,27.0189857142857,31.1584571428571,1.0,,,,,135002,chikungunya
2025-08-17,202534,7.0,7,7,7,0.28777754,0.2696293,0,1,230440020253420599,2026-05-26,Fortaleza,,0.76156396,2596157,23.7576142857143,79.8783,0,0,0,65.1384428571429,42.1910428571429,26.7370571428571,30.6530571428571,0.0,,,,,135002,chikungunya
2025-08-10,202533,16.0,16,16,16,0.94043,0.6162956,0,1,230440020253320599,2026-05-26,Fortaleza,,1.8856231,2596157,24.2041714285714,86.2354714285714,0,0,0,74.0706714285714,55.8392,26.4712,29.6844714285714,2.0,,,,,135002,chikungunya
2025-08-03,202532,7.0,7,7,7,0.2453934,0.2696293,0,1,230440020253220599,2026-05-26,Fortaleza,,0.7184704,2596157,24.2776857142857,83.8095285714286,0,0,0,69.8913142857143,46.8053285714286,26.8144857142857,30.5323,1.0,,,,,135002,chikungunya
2025-07-27,202531,6.0,6,6,6,0.1524069,0.23111083,0,1,230440020253120599,2026-05-26,Fortaleza,,0.60172695,2596157,24.1735,86.1962428571429,0,0,0,74.1699857142857,54.7863142857143,26.5119428571429,29.6741,4.0,,,,,135002,chikungunya
2025-07-20,202530,12.0,12,12,12,0.76797765,0.46222165,0,1,230440020253020599,2026-05-26,Fortaleza,,1.3730735,2596157,24.2259428571429,85.3610428571429,0,0,0,72.5301714285714,50.7208428571429,26.6089285714286,30.0074857142857,5.0,,,,,135002,chikungunya
2025-07-13,202529,11.0,11,11,11,0.74043494,0.4237032,0,1,230440020252920599,2026-05-26,Fortaleza,,1.3352072,2596157,24.0136571428571,85.5635,0,0,0,70.5184428571429,47.2348,26.4707571428571,30.1817142857143,4.0,,,,,135002,chikungunya
2025-07-06,202528,8.0,8,8,8,0.3716021,0.3081478,0,1,230440020252820599,2026-05-26,Fortaleza,,0.8573976,2596157,24.1868142857143,84.5859,0,0,0,72.6329142857143,54.4591714285714,26.3401,29.2862571428571,5.0,,,,,135002,chikungunya
2025-06-29,202527,7.0,7,7,7,0.21677357,0.2696293,0,2,230440020252720599,2026-05-26,Fortaleza,,0.68928677,2596157,23.4166857142857,89.9067,1,0,0,79.8618428571429,63.7235714285714,25.4607,28.1359428571429,2.0,,,,,135002,chikungunya
2025-06-22,202526,9.0,9,9,9,0.46677333,0.34666625,0,2,230440020252620599,2026-05-26,Fortaleza,,0.9626585,2596157,23.9862142857143,90.5697714285714,1,0,0,81.8512285714286,67.7876714285714,25.8842142857143,28.5072142857143,3.0,,,,,135002,chikungunya
2025-06-15,202525,13.0,13,13,13,0.81509405,0.5007401,0,2,230440020252520599,2026-05-26,Fortaleza,,1.4613098,2596157,24.3216,87.6256857142857,1,0,0,78.1048571428571,62.5900714285714,26.167,28.7658,7.0,,,,,135002,chikungunya
2025-06-08,202524,8.0,8,8,8,0.34171665,0.3081478,0,2,230440020252420599,2026-05-26,Fortaleza,,0.82706654,2596157,24.6633,88.3179142857143,1,0,0,77.7523142857143,61.8520571428571,26.7118857142857,29.4034285714286,1.0,,,,,135002,chikungunya
2025-06-01,202523,8.0,8,8,8,0.29453328,0.3081478,0,2,230440020252320599,2026-05-26,Fortaleza,,0.78031147,2596157,24.7630857142857,88.5716857142857,1,0,0,79.5713571428571,65.6135428571429,26.5759142857143,28.9717142857143,3.0,,,,,135002,chikungunya
2025-05-25,202522,10.0,10,10,10,0.59933054,0.3851847,0,2,230440020252220599,2026-05-26,Fortaleza,,1.1198792,2596157,24.5717428571429,88.5464428571429,1,0,0,78.3024142857143,62.0284142857143,26.7466285714286,29.5961571428571,5.0,,,,,135002,chikungunya
2025-05-18,202521,11.0,11,11,11,0.80097663,0.4237032,0,2,230440020252120599,2026-05-26,Fortaleza,,1.4740807,2596157,24.5420428571429,91.4410714285714,1,0,0,81.6717857142857,67.1348857142857,26.5914857142857,29.1634571428571,2.0,,,,,135002,chikungunya
2025-05-11,202520,12.0,12,12,12,0.73214376,0.46222165,0,2,230440020252020599,2026-05-26,Fortaleza,,1.3032017,2596157,25.1677571428571,88.7213571428571,1,0,0,77.9768142857143,61.9530142857143,26.9673,29.3785857142857,4.0,,,,,135002,chikungunya
2025-05-04,202519,1.0,1,1,1,0.00029289085,0.038518474,0,2,230440020251920592,2026-05-19,Fortaleza,,0.08519811,2596157,25.1058428571429,89.8908428571429,1,0,0,81.8006428571429,69.1143142857143,26.8154857142857,29.0172714285714,0.0,,,,,135002,chikungunya
2025-04-27,202518,12.0,12,12,12,0.4026164,0.46222165,0,2,230440020251820586,2026-05-13,Fortaleza,,0.9078779,2596157,24.6181857142857,92.1422285714286,1,0,0,83.3977285714286,71.2142428571428,26.5715,28.9318571428571,3.0,,,,,135002,chikungunya
2025-04-20,202517,11.0,11,11,11,0.30283758,0.4237032,0,2,230440020251720578,2026-05-05,Fortaleza,,0.81419635,2596157,24.6913714285714,93.5357285714286,1,0,0,85.8520285714286,76.0714714285714,26.4617285714286,28.5259571428571,5.0,,,,,135002,chikungunya
2025-04-13,202516,15.0,15,15,15,0.5941221,0.5777771,0,2,230440020251620571,2026-04-28,Fortaleza,,1.0915574,2596157,24.8609714285714,92.6333,1,0,0,81.7340714285714,66.8530714285714,27.0512285714286,29.7353,4.0,,,,,135002,chikungunya
2025-04-06,202515,13.0,13,13,13,0.4791743,0.5007401,0,2,230440020251520566,2026-04-23,Fortaleza,,0.98013955,2596157,24.8629,92.5547,1,0,0,83.7516714285714,71.5438571428571,26.8125285714286,29.1577571428571,2.0,,,,,135002,chikungunya
2025-03-30,202514,13.0,13,13,13,0.616678,0.5007401,0,2,230440020251420556,2026-04-13,Fortaleza,,1.125081,2596157,24.6738571428571,92.5006714285714,1,0,0,84.3811857142857,72.2356857142857,26.5518714285714,28.8403714285714,2.0,,,,,135002,chikungunya
2025-03-23,202513,17.0,17,17,17,0.8783925,0.654814,0,2,230440020251320552,2026-04-09,Fortaleza,,1.5528038,2596157,24.5622285714286,92.3172428571429,1,0,0,83.7562428571429,72.2318857142857,26.5742571428571,28.9718,4.0,,,,,135002,chikungunya
2025-03-16,202512,8.0,8,8,8,0.23569873,0.3081478,0,2,230440020251220543,2026-03-31,Fortaleza,,0.7227146,2596157,24.2044428571429,94.6275285714286,1,0,0,85.3958571428571,71.3622142857143,26.1368714285714,28.6982,3.0,,,,,135002,chikungunya
2025-03-09,202511,12.0,12,12,12,0.5434396,0.46222165,0,2,230440020251120535,2026-03-23,Fortaleza,,1.0452343,2596157,24.3842714285714,94.3493857142857,1,0,0,86.8174285714286,75.5446428571429,25.9903,28.2812142857143,2.0,,,,,135002,chikungunya
2025-03-02,202510,11.0,11,11,11,0.33768246,0.4237032,0,2,230440020251020529,2026-03-17,Fortaleza,,0.84513813,2596157,24.7183857142857,92.0000857142857,1,0,0,82.542,68.2877714285714,26.6763285714286,29.2628428571429,5.0,,,,,135002,chikungunya
2025-02-23,202509,11.0,11,11,11,0.2693344,0.4237032,0,2,230440020250920521,2026-03-09,Fortaleza,,0.78456867,2596157,24.2273714285714,93.9962714285714,1,0,0,86.9331285714286,77.4180857142857,25.9801571428571,27.9032714285714,3.0,,,,,135002,chikungunya
2025-02-16,202508,11.0,11,11,11,0.390575,0.4237032,0,2,230440020250820516,2026-03-04,Fortaleza,,0.8930524,2596157,24.6047857142857,92.4888285714286,1,0,0,83.8198714285714,71.6880142857143,26.5140428571429,28.9231428571429,1.0,,,,,135002,chikungunya
2025-02-09,202507,20.0,20,20,20,0.93368524,0.7703694,0,2,230440020250720507,2026-02-23,Fortaleza,,1.7099559,2596157,25.0448,89.3682714285714,1,0,0,81.0408,68.3595714285714,26.8757428571429,29.2717428571429,11.0,,,,,135002,chikungunya
2025-02-02,202506,9.0,9,9,9,0.18674128,0.34666625,0,2,230440020250620503,2026-02-19,Fortaleza,,0.68746084,2596157,24.8048428571429,91.8714571428571,1,0,0,82.4994428571429,69.5453428571429,26.5396571428571,29.0274,2.0,,,,,135002,chikungunya
2025-01-26,202505,10.0,10,10,10,0.20942695,0.3851847,0,2,230440020250520495,2026-02-11,Fortaleza,,0.72087955,2596157,24.5664714285714,91.9733142857143,1,0,0,82.4953285714286,69.8162142857143,26.6459714285714,29.2515571428571,2.0,,,,,135002,chikungunya
2025-01-19,202504,15.0,15,15,15,0.6276995,0.5777771,0,2,230440020250420491,2026-02-07,Fortaleza,,1.1283985,2596157,24.1229142857143,92.7445,1,0,0,85.4731285714286,76.4800428571429,25.9086714285714,28.1162857142857,5.0,,,,,135002,chikungunya
2025-01-12,202503,14.0,14,14,14,0.7073142,0.5392586,0,2,230440020250320486,2026-02-02,Fortaleza,,1.2385588,2596157,24.2960571428571,93.3607857142857,1,0,0,85.8919142857143,75.0171,26.0304857142857,28.1471571428571,2.0,,,,,135002,chikungunya
2025-01-05,202502,14.0,14,14,14,0.8609565,0.5392586,0,1,230440020250220459,2026-01-06,Fortaleza,,1.5688463,2596157,25.1682428571429,91.8055428571429,1,0,0,81.7342857142857,68.1968285714286,27.2370857142857,29.7638,4.0,,,,,135002,chikungunya
2024-12-29,202501,13.0,13,13,13,0.87181425,0.5007401,0,1,230440020250120459,2026-01-06,Fortaleza,,1.6379222,2596157,25.7805142857143,88.2900571428571,1,0,0,77.3304,61.7487428571429,27.8342714285714,30.6033285714286,2.0,,,,,135002,chikungunya
2024-12-22,202452,6.0,6,6,6,0.36816204,0.23111083,0,1,230440020245220437,2025-12-15,Fortaleza,,0.8352564,2596157,25.6462,86.9140285714286,0,0,0,75.0535285714286,57.0290571428571,27.7725428571429,31.0199285714286,1.0,,,,,135002,chikungunya
2024-12-15,202451,9.0,9,9,9,0.7287131,0.34666625,0,1,230440020245120437,2025-12-15,Fortaleza,,1.351563,2596157,25.2209571428571,89.8388714285714,1,0,0,78.2716285714286,61.2195857142857,27.4643,30.6846285714286,1.0,,,,,135002,chikungunya
2024-12-08,202450,8.0,8,8,8,0.5696212,0.3081478,0,1,230440020245020437,2025-12-15,Fortaleza,,1.0911365,2596157,25.3624142857143,85.7701428571429,0,0,0,75.8925714285714,59.0954571428571,27.2722714285714,30.2812,2.0,,,,,135002,chikungunya
2024-12-01,202449,4.0,4,4,4,0.13175224,0.1540739,0,1,230440020244920431,2025-12-09,Fortaleza,,0.52326286,2596157,25.1499714285714,87.5680714285714,1,0,0,76.2119857142857,58.8761428571429,27.1336,30.1841428571429,2.0,,,,,135002,chikungunya
2024-11-24,202448,9.0,9,9,9,0.67694587,0.34666625,0,1,230440020244820424,2025-12-02,Fortaleza,,1.2498171,2596157,25.5736,84.0748142857143,0,0,0,70.8234285714286,49.9555,27.7476,31.3146285714286,3.0,,,,,135002,chikungunya
2024-11-17,202447,8.0,8,8,8,0.57287794,0.3081478,0,1,230440020244720418,2025-11-26,Fortaleza,,1.0957465,2596157,25.5240285714286,85.1318142857143,0,0,0,72.0539571428571,51.1991,27.6488142857143,31.3945714285714,5.0,,,,,135002,chikungunya
2024-11-10,202446,7.0,7,7,7,0.37325895,0.2696293,0,1,230440020244620410,2025-11-18,Fortaleza,,0.85092944,2596157,25.0917142857143,83.7115857142857,0,0,0,70.4898428571429,49.7486142857143,27.3629714285714,31.1868428571429,5.0,,,,,135002,chikungunya
2024-11-03,202445,6.0,6,6,6,0.3050196,0.23111083,0,1,230440020244520403,2025-11-11,Fortaleza,,0.7655517,2596157,25.1966,83.0970714285714,0,0,0,70.9280714285714,50.9969857142857,27.2497714285714,30.7582285714286,1.0,,,,,135002,chikungunya
2024-10-27,202444,9.0,9,9,9,0.763607,0.34666625,0,1,230440020244420395,2025-11-03,Fortaleza,,1.4336058,2596157,24.9967714285714,83.9632285714286,0,0,0,71.6940142857143,53.3194428571429,27.0724571428571,30.4418571428571,3.0,,,,,135002,chikungunya
2024-10-20,202443,11.0,11,11,11,0.8831818,0.4237032,0,1,230440020244320389,2025-10-28,Fortaleza,,1.7705568,2596157,25.0575571428571,81.1263285714286,0,0,0,69.5292285714286,51.8372714285714,27.0171142857143,30.2330285714286,4.0,,,,,135002,chikungunya
2024-10-13,202442,2.0,2,2,2,0.05361074,0.07703695,0,1,230440020244220381,2025-10-20,Fortaleza,,0.31902725,2596157,25.1879857142857,82.7410857142857,0,0,0,70.7104,51.2530571428571,27.2172857142857,30.8099857142857,0.0,,,,,135002,chikungunya
2024-10-06,202441,8.0,8,8,8,0.6543438,0.3081478,0,1,230440020244120375,2025-10-14,Fortaleza,,1.2249573,2596157,24.7637714285714,84.6022,0,0,0,71.5311428571429,50.9257428571429,26.9227285714286,30.6118857142857,3.0,,,,,135002,chikungunya
2024-09-29,202440,7.0,7,7,7,0.23752561,0.2696293,0,1,230440020244020367,2025-10-06,Fortaleza,,0.7104708,2596157,24.7784285714286,82.6834142857143,0,0,0,70.1453857142857,48.8298142857143,27.0434142857143,30.9573285714286,2.0,,,,,135002,chikungunya
2024-09-22,202439,4.0,4,4,4,0.0041634804,0.1540739,0,1,230440020243920363,2025-10-02,Fortaleza,,0.27006498,2596157,24.6138285714286,81.8137714285714,0,0,0,69.9068,47.8067,26.8899857142857,30.8406,0.0,,,,,135002,chikungunya
2024-09-15,202438,7.0,7,7,7,0.031671975,0.2696293,0,1,230440020243820353,2025-09-22,Fortaleza,,0.45060125,2596157,24.1729142857143,81.4109857142857,0,0,0,67.2945857142857,42.7895857142857,26.9936857142857,31.2788857142857,2.0,,,,,135002,chikungunya
2024-09-08,202437,19.0,19,19,19,0.88521373,0.731851,0,1,230440020243720346,2025-09-15,Fortaleza,,1.5341593,2596157,24.0892142857143,80.3500285714286,0,0,0,66.0684714285714,42.2500714285714,26.9528428571429,31.1027428571429,3.0,,,,,135002,chikungunya
2024-09-01,202436,20.0,20,20,20,0.9511531,0.7703694,0,1,230440020243620339,2025-09-08,Fortaleza,,1.8221414,2596157,23.7948,80.2367571428571,0,0,0,65.7765142857143,42.1317857142857,26.6989714285714,30.9275285714286,6.0,,,,,135002,chikungunya
2024-08-25,202435,8.0,8,8,8,0.18124406,0.3081478,0,1,230440020243520332,2025-09-01,Fortaleza,,0.6683086,2596157,23.737,80.2882285714286,0,0,0,64.8645285714286,39.0932,26.8920714285714,31.3461714285714,2.0,,,,,135002,chikungunya
2024-08-18,202434,11.0,11,11,11,0.33620355,0.4237032,0,1,230440020243420327,2025-08-27,Fortaleza,,0.843818,2596157,23.9397714285714,80.9456571428571,0,0,0,68.0922,46.1947428571429,26.7508571428571,30.6671571428571,1.0,,,,,135002,chikungunya
2024-08-11,202433,11.0,11,11,11,0.3143526,0.4237032,0,1,230440020243320320,2025-08-20,Fortaleza,,0.8243914,2596157,24.0133142857143,81.7161857142857,0,0,0,67.6520714285714,44.4424714285714,26.7541428571429,30.674,2.0,,,,,135002,chikungunya
2024-08-04,202432,16.0,16,16,16,0.63420725,0.6162956,0,1,230440020243220312,2025-08-12,Fortaleza,,1.131278,2596157,23.4599571428571,80.6795285714286,0,0,0,66.4034428571429,44.1747571428571,26.6737142857143,30.6335428571429,2.0,,,,,135002,chikungunya
2024-07-28,202431,10.0,10,10,10,0.17290533,0.3851847,0,1,230440020243120305,2025-08-05,Fortaleza,,0.68583804,2596157,24.1406571428571,82.8696,0,0,0,67.3363714285714,45.4639428571429,26.9521285714286,30.8272714285714,2.0,,,,,135002,chikungunya
2024-07-21,202430,17.0,17,17,17,0.650548,0.654814,0,1,230440020243020298,2025-07-29,Fortaleza,,1.1450502,2596157,23.2043857142857,78.1195571428571,0,0,0,63.6158571428571,43.5033714285714,26.6804,30.6822714285714,2.0,,,,,135002,chikungunya
2024-07-14,202429,13.0,13,13,13,0.37975028,0.5007401,0,1,230440020242920291,2025-07-22,Fortaleza,,0.8914388,2596157,23.3861142857143,79.0412142857143,0,0,0,64.8215857142857,43.6523857142857,26.7147571428571,30.7932285714286,1.0,,,,,135002,chikungunya
2024-07-07,202428,16.0,16,16,16,0.6270678,0.6162956,0,1,230440020242820283,2025-07-14,Fortaleza,,1.1233847,2596157,23.8170142857143,88.0937428571429,1,0,0,75.2427,56.9557857142857,26.2311571428571,29.4699,6.0,,,,,135002,chikungunya
2024-06-30,202427,15.0,15,15,15,0.48828164,0.5777771,0,1,230440020242720278,2025-07-09,Fortaleza,,0.98950374,2596157,24.1752857142857,86.8245,0,0,0,75.1258142857143,55.1181285714286,26.5189142857143,29.5842714285714,3.0,,,,,135002,chikungunya
2024-06-23,202426,13.0,13,13,13,0.1581627,0.5007401,0,2,230440020242620269,2025-06-30,Fortaleza,,0.7012635,2596157,24.0490571428571,89.457,1,0,0,78.9617285714286,60.3248428571429,26.3165,29.4256142857143,3.0,,,,,135002,chikungunya
2024-06-16,202425,15.0,15,15,15,0.07543019,0.5777771,0,2,230440020242520262,2025-06-23,Fortaleza,,0.62990475,2596157,23.9831285714286,87.6322571428571,1,0,0,78.2237428571429,63.1445857142857,26.1356857142857,28.7374142857143,4.0,,,,,135002,chikungunya
2024-06-09,202424,15.0,15,15,15,0.029173935,0.5777771,0,2,230440020242420255,2025-06-16,Fortaleza,,0.5541617,2596157,24.4620142857143,87.8086857142857,1,0,0,78.4495428571429,64.1757857142857,26.6765142857143,29.3083142857143,2.0,,,,,135002,chikungunya
2024-06-02,202423,27.0,27,27,27,0.47504663,1.0399988,0,2,230440020242320248,2025-06-09,Fortaleza,,0.98330724,2596157,24.8285428571429,89.8402857142857,1,0,0,81.3444,69.4173285714286,26.6993428571429,28.8145285714286,5.0,,,,,135002,chikungunya
2024-05-26,202422,29.0,29,29,29,0.6127896,1.1170356,0,2,230440020242220241,2025-06-02,Fortaleza,,1.0791128,2596157,24.5753857142857,92.3084714285714,1,0,0,83.8715428571429,70.7874428571428,26.1531714285714,28.4333,16.0,,,,,135002,chikungunya
2024-05-19,202421,27.0,27,27,27,0.50555426,1.0399988,0,2,230440020242120227,2025-05-19,Fortaleza,,1.0037707,2596157,25.1647285714286,89.4689428571428,1,0,0,79.9139571428571,64.7714428571429,27.1240714285714,29.6903,6.0,,,,,135002,chikungunya
2024-05-12,202420,28.0,28,28,28,0.5049401,1.0785172,0,2,230440020242020227,2025-05-19,Fortaleza,,1.003293,2596157,25.1590571428571,91.9954285714286,1,0,0,84.8350142857143,73.8932428571429,26.9272714285714,29.1245,5.0,,,,,135002,chikungunya
2024-05-05,202419,24.0,24,24,24,0.28101474,0.9244433,0,2,230440020241920223,2025-05-15,Fortaleza,,0.8525258,2596157,25.7903285714286,90.3114857142857,1,0,0,78.6628285714286,61.5792,27.8499571428571,30.5740714285714,10.0,,,,,135002,chikungunya
2024-04-28,202418,31.0,31,31,31,0.6690131,1.1940726,0,2,230440020241820213,2025-05-05,Fortaleza,,1.120113,2596157,25.0438285714286,93.8955,1,0,0,84.0549428571429,72.0282714285714,26.9660571428571,29.1444857142857,7.0,,,,,135002,chikungunya
2024-04-21,202417,27.0,27,27,27,0.55506533,1.0399988,0,2,230440020241720206,2025-04-28,Fortaleza,,1.0384668,2596157,24.9913,93.6127,1,0,0,84.9509,71.3928571428571,26.8258428571429,29.2972285714286,11.0,,,,,135002,chikungunya
2024-04-14,202416,29.0,29,29,29,0.7978557,1.1170356,0,2,230440020241620200,2025-04-22,Fortaleza,,1.2587537,2596157,24.9911571428571,94.5744142857143,1,0,0,86.5664428571429,76.2026,27.0058142857143,29.3946714285714,7.0,,,,,135002,chikungunya
2024-04-07,202415,27.0,27,27,27,0.763269,1.0399988,0,2,230440020241520192,2025-04-14,Fortaleza,,1.2257355,2596157,24.8972857142857,94.6578571428571,1,0,0,87.0187,75.0096571428572,26.7406857142857,29.3389285714286,6.0,,,,,135002,chikungunya
2024-03-31,202414,24.0,24,24,24,0.43563768,0.9244433,0,2,230440020241420188,2025-04-10,Fortaleza,,0.9551833,2596157,24.6702428571429,95.0402857142857,1,0,0,85.9439142857143,74.7174285714286,26.7441857142857,29.1712428571429,4.0,,,,,135002,chikungunya
2024-03-24,202413,15.0,15,15,15,0.014104041,0.5777771,0,2,230440020241320178,2025-03-31,Fortaleza,,0.5112605,2596157,25.0155428571429,93.7712285714286,1,0,0,86.8493428571429,76.5381714285714,26.5588,28.7376142857143,3.0,,,,,135002,chikungunya
2024-03-17,202412,30.0,30,30,30,0.30449897,1.1555542,0,2,230440020241220171,2025-03-24,Fortaleza,,0.8806393,2596157,25.1074571428571,94.0290857142857,1,0,0,86.0844285714286,75.5940857142857,27.0112857142857,29.5342857142857,8.0,,,,,135002,chikungunya
2024-03-10,202411,25.0,25,25,25,0.077344365,0.9629618,0,2,230440020241120165,2025-03-18,Fortaleza,,0.69426805,2596157,25.5582857142857,92.6594714285714,1,0,0,85.6106428571429,75.9961714285714,27.3498857142857,29.6925714285714,4.0,,,,,135002,chikungunya
2024-03-03,202410,37.0,37,37,37,0.555628,1.4251834,0,2,230440020241020157,2025-03-10,Fortaleza,,1.0331408,2596157,24.9998,92.8041285714286,1,0,0,86.1271142857143,78.5725285714286,26.7316428571429,28.6962571428571,4.0,,,,,135002,chikungunya
2024-02-25,202409,41.0,41,41,41,0.7153832,1.5792574,0,2,230440020240920153,2025-03-06,Fortaleza,,1.1378416,2596157,24.7347142857143,94.0105428571429,1,0,0,85.5646,76.0527714285714,26.6136571428571,28.794,6.0,,,,,135002,chikungunya
2024-02-18,202408,28.0,28,28,28,0.31415367,1.0785172,0,2,230440020240820145,2025-02-26,Fortaleza,,0.8829005,2596157,24.6576428571429,94.9126142857143,1,0,0,88.2222857142857,79.2990571428572,26.1685571428571,28.0199,4.0,,,,,135002,chikungunya
2024-02-11,202407,45.0,45,45,45,0.99421847,1.7333312,0,2,230440020240720137,2025-02-18,Fortaleza,,1.8539032,2596157,24.9973428571429,92.0661571428572,1,0,0,83.7216428571429,72.6342571428571,27.0649571428571,29.3757857142857,7.0,,,,,135002,chikungunya
2024-02-04,202406,32.0,32,32,32,0.92874986,1.2325912,0,1,230440020240620130,2025-02-11,Fortaleza,,1.495126,2596157,25.7857142857143,88.5176142857143,1,0,0,78.3011571428571,63.5530428571429,27.8377714285714,30.4632,6.0,,,,,135002,chikungunya
2024-01-28,202405,24.0,24,24,24,0.41838273,0.9244433,0,1,230440020240520122,2025-02-03,Fortaleza,,0.9435317,2596157,26.3641428571429,87.5147857142857,1,0,0,75.9815857142857,59.0376857142857,28.3619285714286,31.2040428571429,4.0,,,,,135002,chikungunya
2024-01-21,202404,11.0,11,11,11,0.0034829166,0.4237032,0,1,230440020240420116,2025-01-28,Fortaleza,,0.40399408,2596157,26.5559714285714,85.3966714285714,0,0,0,75.457,62.6598285714286,28.3332428571429,30.7940857142857,4.0,,,,,135002,chikungunya
2024-01-14,202403,32.0,32,32,32,0.90245223,1.2325912,0,1,230440020240320109,2025-01-21,Fortaleza,,1.4203172,2596157,25.8520285714286,85.9814857142857,0,0,0,73.5593857142857,55.1256714285714,28.0517857142857,31.2447571428571,5.0,,,,,135002,chikungunya
2024-01-07,202402,29.0,29,29,29,0.9847893,1.1170356,0,1,230440020240220095,2025-01-07,Fortaleza,,1.9435269,2596157,25.8815428571429,86.5428571428571,0,0,0,74.7278142857143,59.7838571428571,28.0134857142857,30.8672285714286,4.0,,,,,135002,chikungunya
2023-12-31,202401,25.0,25,25,25,0.9844411,0.9629618,0,2,230440020240120095,2025-01-07,Fortaleza,,2.0576584,2596157,25.4375142857143,89.6568857142857,1,0,0,79.4173,65.3315714285714,27.4476142857143,30.2493142857143,4.0,,,,,135002,chikungunya
2023-12-24,202352,11.0,11,11,11,0.29106352,0.4237032,0,1,230440020235220087,2024-12-30,Fortaleza,,0.8037865,2596157,25.6526285714286,89.9080714285714,1,0,0,80.1219571428571,65.7411285714286,27.5230571428571,30.1725285714286,2.0,,,,,135002,chikungunya
2023-12-17,202351,8.0,8,8,8,0.064355806,0.3081478,0,1,230440020235120080,2024-12-23,Fortaleza,,0.5294836,2596157,25.1881857142857,89.5862428571429,1,0,0,80.2200428571429,65.7815,27.1429,29.7867714285714,3.0,,,,,135002,chikungunya
2023-12-10,202350,17.0,17,17,17,0.610111,0.654814,0,1,230440020235020073,2024-12-16,Fortaleza,,1.10186,2596157,26.1220285714286,81.8280714285714,0,0,0,69.4611,49.5906857142857,28.1662571428571,31.6457428571429,3.0,,,,,135002,chikungunya
2023-12-03,202349,14.0,14,14,14,0.45731288,0.5392586,0,1,230440020234920067,2024-12-10,Fortaleza,,0.9612331,2596157,25.8696285714286,84.6777857142857,0,0,0,72.8869285714286,54.4661285714286,27.907,31.3259,3.0,,,,,135002,chikungunya
2023-11-26,202348,17.0,17,17,17,0.74550015,0.654814,0,1,230440020234820059,2024-12-02,Fortaleza,,1.267498,2596157,25.3601571428571,85.3865857142857,0,0,0,74.7915142857143,58.9348285714286,27.1316142857143,30.0711428571429,5.0,,,,,135002,chikungunya
2023-11-19,202347,15.0,15,15,15,0.6350376,0.5777771,0,1,230440020234720055,2024-11-28,Fortaleza,,1.1368334,2596157,26.0570428571429,83.1871714285714,0,0,0,70.9302285714286,53.6985142857143,28.0311714285714,31.3003571428571,2.0,,,,,135002,chikungunya
2023-11-12,202346,12.0,12,12,12,0.29184666,0.46222165,0,1,230440020234620046,2024-11-19,Fortaleza,,0.8113737,2596157,26.2086857142857,81.7506571428572,0,0,0,73.6239714285714,61.0625714285714,27.7914857142857,30.1008428571429,2.0,,,,,135002,chikungunya
2023-11-05,202345,14.0,14,14,14,0.21771343,0.5392586,0,1,230440020234520038,2024-11-11,Fortaleza,,0.7619596,2596157,26.2291714285714,80.8084285714286,0,0,0,72.8426,59.2149,27.6618428571429,29.9072,1.0,,,,,135002,chikungunya
2023-10-29,202344,11.0,11,11,11,0.03485837,0.4237032,0,1,230440020234420032,2024-11-05,Fortaleza,,0.52272534,2596157,26.0779,83.7596142857143,0,0,0,74.7214285714286,60.4526142857143,27.5715,29.9492857142857,0.0,,,,,135002,chikungunya
2023-10-22,202343,21.0,21,21,21,0.43372747,0.8088879,0,1,230440020234320026,2024-10-30,Fortaleza,,0.9508787,2596157,25.6086571428571,83.2198857142857,0,0,0,75.1556714285714,61.9777857142857,27.1238571428571,29.4365857142857,3.0,,,,,135002,chikungunya
2023-10-15,202342,22.0,22,22,22,0.54491,0.8474064,0,1,230440020234220018,2024-10-22,Fortaleza,,1.0345583,2596157,25.8523285714286,81.7476,0,0,0,73.7511285714286,58.2523428571429,27.1875428571429,29.6830857142857,4.0,,,,,135002,chikungunya
2023-10-08,202341,21.0,21,21,21,0.56670654,0.8088879,0,1,230440020234120011,2024-10-15,Fortaleza,,1.0533646,2596157,25.8240714285714,83.5840571428571,0,0,0,75.4515,61.2346857142857,27.3285428571429,29.7803571428571,4.0,,,,,135002,chikungunya
2023-10-01,202340,27.0,27,27,27,0.77260274,1.0399988,0,1,230440020234020004,2024-10-08,Fortaleza,,1.2370193,2596157,25.8870857142857,81.9650714285714,0,0,0,73.0123857142857,57.8764,27.3563714285714,29.8938142857143,5.0,,,,,135002,chikungunya
2023-09-24,202339,11.0,11,11,11,0.014444881,0.4237032,0,1,230440020233919997,2024-10-01,Fortaleza,,0.46743438,2596157,25.4567285714286,84.3451714285714,0,0,0,74.7017857142857,59.1700285714286,27.0865285714286,29.6576285714286,2.0,,,,,135002,chikungunya
2023-09-17,202338,27.0,27,27,27,0.61647177,1.0399988,0,1,230440020233819989,2024-09-23,Fortaleza,,1.0850489,2596157,25.3625857142857,83.6263857142857,0,0,0,73.1797285714286,55.4167428571429,27.2870428571429,30.2112285714286,8.0,,,,,135002,chikungunya
2023-09-10,202337,23.0,23,23,23,0.27602044,0.8859249,0,1,230440020233719983,2024-09-17,Fortaleza,,0.8463617,2596157,25.0784857142857,83.2024,0,0,0,73.2693142857143,55.4258571428571,27.0606285714286,29.8577571428571,6.0,,,,,135002,chikungunya
2023-09-03,202336,23.0,23,23,23,0.29079297,0.8859249,0,1,230440020233619978,2024-09-12,Fortaleza,,0.85639995,2596157,25.0007571428571,82.2468142857143,0,0,0,71.6838571428571,50.8919142857143,27.1385285714286,30.1451,5.0,,,,,135002,chikungunya
2023-08-27,202335,28.0,28,28,28,0.7256391,1.0785172,0,1,230440020233519969,2024-09-03,Fortaleza,,1.1802222,2596157,25.2302857142857,86.596,0,0,0,76.5039142857143,60.7723714285714,26.9635571428571,29.5744428571429,6.0,,,,,135002,chikungunya
2023-08-20,202334,34.0,34,34,34,0.8859635,1.309628,0,1,230440020233419962,2024-08-27,Fortaleza,,1.3688208,2596157,24.9757571428571,85.0800714285714,0,0,0,76.7486428571429,62.2910285714286,26.7451428571429,29.2044428571429,8.0,,,,,135002,chikungunya
2023-08-13,202333,16.0,16,16,16,0.035361823,0.6162956,0,1,230440020233319955,2024-08-20,Fortaleza,,0.5762328,2596157,24.6112428571429,83.1656285714286,0,0,0,71.2544857142857,52.9888857142857,26.8464,29.8522428571429,5.0,,,,,135002,chikungunya
2023-08-06,202332,23.0,23,23,23,0.1961186,0.8859249,0,1,230440020233219948,2024-08-13,Fortaleza,,0.7898323,2596157,24.7979714285714,84.3689714285714,0,0,0,73.7571857142857,54.8122285714286,26.9156571428571,29.7816571428571,7.0,,,,,135002,chikungunya
2023-07-30,202331,36.0,36,36,36,0.5951718,1.386665,0,1,230440020233119941,2024-08-06,Fortaleza,,1.0589199,2596157,24.9856428571429,85.3847285714286,0,0,0,73.5450714285714,53.3074285714286,27.0552,30.1329142857143,4.0,,,,,135002,chikungunya
2023-07-23,202330,20.0,20,20,20,0.0038998143,0.7703694,0,1,230440020233019934,2024-07-30,Fortaleza,,0.49611074,2596157,24.7261571428571,83.6826428571429,0,0,0,71.8198285714286,53.4169285714286,27.0679285714286,30.0413857142857,4.0,,,,,135002,chikungunya
2023-07-16,202329,36.0,36,36,36,0.18323973,1.386665,0,1,230440020232919928,2024-07-24,Fortaleza,,0.8176234,2596157,24.7280142857143,81.8955428571429,0,0,0,70.5572571428571,52.9412285714286,27.0278,29.7146428571429,5.0,,,,,135002,chikungunya
2023-07-09,202328,42.0,42,42,42,0.35511574,1.6177758,0,2,230440020232819919,2024-07-15,Fortaleza,,0.92393684,2596157,24.8787857142857,87.07,1,0,0,77.6416142857143,61.6620142857143,26.7830142857143,29.3930571428571,8.0,,,,,135002,chikungunya
2023-07-02,202327,46.0,46,46,46,0.44454455,1.7718498,0,1,230440020232719913,2024-07-09,Fortaleza,0.0,0.9716673,2596157,26.35,86.2808227,0,0,0,83.0783313,79.5610931,26.675,27.0,10.0,,,,,135002,chikungunya
2023-06-25,202326,45.0,45,45,45,0.37804294,1.7333312,0,1,230440020232619904,2024-06-30,Fortaleza,0.0,0.93785965,2596157,26.2105263157895,83.4131688421053,0,0,0,81.7296067368421,80.0558203157895,26.4999998947368,26.7368421052632,11.0,,,,,135002,chikungunya
2023-06-18,202325,45.0,45,45,45,0.55456513,1.7333312,0,1,230440020232519898,2024-06-24,Fortaleza,0.0,1.0294235,2596157,26.8421052631579,83.7576492105263,0,0,0,83.1661505789474,82.7415512105263,26.9122806315789,27.0526315789474,14.0,,,,,135002,chikungunya
2023-06-11,202324,56.0,56,56,56,0.9372018,2.1570344,0,2,230440020232419884,2024-06-10,Fortaleza,,1.3655478,2596157,25.0245857142857,89.0059857142857,1,0,0,80.5530428571429,66.7357571428571,26.8701142857143,29.0751714285714,20.0,,,,,135002,chikungunya
2023-06-04,202323,43.0,43,43,43,0.49240568,1.6562942,0,2,230440020232319884,2024-06-10,Fortaleza,,0.9959266,2596157,25.5532142857143,87.7083142857143,1,0,0,80.4054857142857,67.4700857142857,27.2109714285714,29.3955,13.0,,,,,135002,chikungunya
2023-05-28,202322,31.0,31,31,31,0.039676614,1.1940726,0,1,230440020232219876,2024-06-02,Fortaleza,0.0,0.66970134,2596157,27.4090909090909,84.7404584545455,0,0,0,83.4187548181818,82.4098184545455,27.4772727272727,27.5454545454545,14.0,,,,,135002,chikungunya
2023-05-21,202321,54.0,54,54,54,0.5013169,2.0799975,0,1,230440020232119869,2024-05-26,Fortaleza,0.0,1.0006331,2596157,25.5714285714286,91.8974085714286,1,0,0,82.9635585714286,72.0462855714286,27.5059522857143,29.5714285714286,11.0,,,,,135002,chikungunya
2023-05-14,202320,35.0,35,35,35,0.004173896,1.3481466,0,1,230440020232019862,2024-05-19,Fortaleza,0.0,0.57845366,2596157,26.76,88.68801024,1,0,0,82.12363944,74.66627164,27.94,29.12,7.0,,,,,135002,chikungunya
2023-05-07,202319,56.0,56,56,56,0.32620493,2.1570344,0,1,230440020231919855,2024-05-12,Fortaleza,0.0,0.9202831,2596157,27.4,84.7532768,0,0,0,80.4507546,74.7840691,28.0,29.0,11.0,,,,,135002,chikungunya
2023-04-30,202318,70.0,70,70,70,0.7855428,2.696293,0,1,230440020231819848,2024-05-05,Fortaleza,0.0,1.1479337,2596157,27.1,86.5953904,0,0,0,85.6935366,85.5005954,27.2333332,27.3,8.0,,,,,135002,chikungunya
2023-04-23,202317,56.0,56,56,56,0.28259927,2.1570344,0,2,230440020231719841,2024-04-28,Fortaleza,0.0,0.8998847,2596157,25.1428571428571,93.5346714285714,1,0,0,81.4073677142857,67.7129744285714,27.2559525714286,30.2857142857143,13.0,,,,,135002,chikungunya
2023-04-16,202316,61.0,61,61,61,0.4342207,2.3496268,0,2,230440020231619835,2024-04-22,Fortaleza,0.0,0.9707652,2596157,25.2857142857143,94.2747964285714,1,0,0,82.1057221428571,66.4866514285714,27.7678571428571,30.5714285714286,14.0,,,,,135002,chikungunya
2023-04-09,202315,65.0,65,65,65,0.45889705,2.5037007,0,2,230440020231519827,2024-04-14,Fortaleza,0.0,0.98219407,2596157,24.4285714285714,95.0448171428571,1,0,0,84.8817374285714,69.1412817142857,26.7797617142857,30.1428571428571,14.0,,,,,135002,chikungunya
2023-04-02,202314,61.0,61,61,61,0.059414383,2.3496268,0,2,230440020231419821,2024-04-08,Fortaleza,0.0,0.76826805,2596157,24.1428571428571,96.6925528571429,1,0,0,87.0079291428571,69.7779632857143,26.2976191428571,29.5714285714286,14.0,,,,,135002,chikungunya
2023-03-26,202313,64.0,64,64,64,0.003619891,2.4651823,0,2,230440020231319814,2024-04-01,Fortaleza,0.0,0.6533115,2596157,25.4583333333333,91.7764849166667,1,0,0,86.9498855,80.2670434166667,26.2881945,27.375,16.0,,,,,135002,chikungunya
2023-03-19,202312,64.0,64,64,64,0.0033996573,2.4651823,0,1,230440020231219808,2024-03-26,Fortaleza,0.0,0.65135795,2596157,24.2307692307692,94.21723,1,0,0,81.7898036153846,67.3970634615385,26.8653849230769,29.8461538461538,20.0,,,,,135002,chikungunya
2023-03-12,202311,118.0,118,118,118,0.9980648,4.54518,0,1,230440020231119800,2024-03-18,Fortaleza,0.0,1.5165017,2596157,26.1818181818182,89.9016550909091,1,0,0,88.4880111818182,87.0743696818182,26.3181818181818,26.4545454545455,24.0,,,,,135002,chikungunya
2023-03-05,202310,115.0,115,115,115,0.9999949,4.429624,0,1,230440020231019794,2024-03-12,Fortaleza,0.0,1.9930384,2596157,27.7,82.33815965,0,0,0,81.3592934,80.3804283,27.85,28.0,13.0,,,,,135002,chikungunya
2023-02-26,202309,72.0,72,72,72,0.9734253,2.77333,0,1,230440020230919786,2024-03-04,Fortaleza,0.0,1.4199162,2596157,26.9130434782609,85.0126223478261,0,0,0,83.7531966956522,82.5229054782609,27.0289853913043,27.2608695652174,18.0,,,,,135002,chikungunya
2023-02-19,202308,51.0,51,51,51,0.48376447,1.964442,0,1,230440020230819780,2024-02-27,Fortaleza,0.0,0.99201953,2596157,25.2916666666667,91.3647552083333,1,0,0,82.8142120416667,71.8143407916667,27.0225694166667,29.375,13.0,,,,,135002,chikungunya
2023-02-12,202307,42.0,42,42,42,0.2432144,1.6177758,0,1,230440020230719773,2024-02-20,Fortaleza,0.0,0.8643562,2596157,27.2,84.4666862,0,0,0,83.6242122,82.7817414,27.2,27.2,8.0,,,,,135002,chikungunya
2023-02-05,202306,62.0,62,62,62,0.9480209,2.3881452,0,1,230440020230619768,2024-02-15,Fortaleza,0.0,1.3698422,2596157,27.5714285714286,80.2949991428571,0,0,0,79.9473411428571,79.5996832857143,27.5714285714286,27.5714285714286,12.0,,,,,135002,chikungunya
2023-01-29,202305,47.0,47,47,47,0.58073,1.7494153,0,1,230440020230519759,2024-02-06,Fortaleza,0.0,1.0431943,2686612,26.5714285714286,84.5405547142857,0,0,0,80.2642725714286,75.7676025714286,27.4464285714286,28.2857142857143,13.0,,,,,135002,chikungunya
2023-01-22,202304,40.0,40,40,40,0.31686434,1.4888641,0,1,230440020230419752,2024-01-30,Fortaleza,0.0,0.90184206,2686612,26.7142857142857,83.075269,0,0,0,83.075269,83.075269,26.7142857142857,26.7142857142857,7.0,,,,,135002,chikungunya
2023-01-15,202303,50.0,50,50,50,0.8386687,1.86108,0,1,230440020230319740,2024-01-18,Fortaleza,0.0,1.2304307,2686612,26.7142857142857,82.3323757142857,0,0,0,82.3323757142857,82.3323757142857,26.7142857142857,26.7142857142857,13.0,,,,,135002,chikungunya
2023-01-08,202302,42.0,42,42,42,0.8520028,1.5633073,0,1,230440020230219740,2024-01-18,Fortaleza,0.0,1.2723349,2686612,26.5714285714286,85.1289542857143,0,0,0,76.3165211428571,65.4517624285714,27.9583334285714,30.1428571428571,7.0,,,,,135002,chikungunya
2023-01-01,202301,48.0,48,48,48,0.99211663,1.7866368,0,1,230440020230119740,2024-01-18,Fortaleza,0.0,1.7580627,2686612,26.0,85.1160938571429,0,0,0,74.4659814285714,62.0516348571429,28.1190474285714,30.7142857142857,9.0,,,,,135002,chikungunya
2022-12-25,202252,29.0,29,29,29,0.68121195,1.0794264,0,1,230440020225219733,2024-01-11,Fortaleza,0.0,1.1351008,2686612,25.3333333333333,83.490202,0,0,0,75.6661633333333,68.9519556666667,26.8050506666667,28.0,5.0,,,,,135002,chikungunya
2022-12-18,202251,23.0,23,23,23,0.3124811,0.8560968,0,1,230440020225119718,2023-12-27,Fortaleza,0.0,0.8710265,2686612,25.5,81.173031,0,0,0,72.909875,58.690465,27.5625,30.5,7.0,,,,,135002,chikungunya
2022-12-11,202250,25.0,25,25,25,0.36032513,0.93054,0,1,230440020225019718,2023-12-27,Fortaleza,0.0,0.90672636,2686612,26.3333333333333,82.0990931666667,0,0,0,73.1809623333333,60.7857986666667,28.017045,30.3333333333333,4.0,,,,,135002,chikungunya
2022-12-04,202249,29.0,29,29,29,0.32028168,1.0794264,0,1,230440020224919708,2023-12-17,Fortaleza,0.0,0.8884819,2686612,25.7142857142857,85.8540868571429,0,0,0,73.16359,57.8666952857143,27.8820348571429,31.0,9.0,,,,,135002,chikungunya
2022-11-27,202248,26.0,26,26,26,0.048440617,0.96776164,0,1,230440020224819684,2023-11-23,Fortaleza,0.0,0.6619115,2686612,26.2857142857143,81.5147902857143,0,0,0,72.4192072857143,59.4643968571429,27.770238,30.2857142857143,9.0,,,,,135002,chikungunya
2022-11-20,202247,28.0,28,28,28,0.06487006,1.0422049,0,1,230440020224719684,2023-11-23,Fortaleza,0.0,0.6927092,2686612,26.1428571428571,81.5417505714286,0,0,0,72.6957478571429,60.5606511428571,27.700397,29.8571428571429,7.0,,,,,135002,chikungunya
2022-11-13,202246,50.0,50,50,50,0.74637216,1.86108,0,1,230440020224619684,2023-11-23,Fortaleza,0.0,1.1463927,2686612,25.8571428571429,82.3532862857143,0,0,0,73.3746991428571,63.7348662857143,27.5571428571429,29.2857142857143,27.0,,,,,135002,chikungunya
2022-11-06,202245,37.0,37,37,37,0.036843933,1.3771993,0,1,230440020224519684,2023-11-23,Fortaleza,0.0,0.6861237,2686612,25.7142857142857,85.8298442857143,0,0,0,74.3288985714286,62.1810008571429,27.5487011428571,30.2857142857143,13.0,,,,,135002,chikungunya
2022-10-30,202244,36.0,36,36,36,0.0019312633,1.3399776,0,1,230440020224419684,2023-11-23,Fortaleza,0.0,0.556721,2686612,25.2857142857143,85.8723248571429,0,0,0,73.2638652857143,57.4400791428571,27.8417917142857,30.8571428571429,18.0,,,,,135002,chikungunya
2022-10-23,202243,56.0,56,56,56,0.08880982,2.0844097,0,1,230440020224319684,2023-11-23,Fortaleza,0.0,0.7872636,2686612,25.8571428571429,82.8818274285714,0,0,0,73.2093607142857,61.2658278571429,27.7103177142857,29.8571428571429,21.0,,,,,135002,chikungunya
2022-10-16,202242,69.0,69,69,69,0.26889077,2.5682905,0,1,230440020224219684,2023-11-23,Fortaleza,0.0,0.9030563,2686612,25.4285714285714,83.7179377142857,0,0,0,71.4639482857143,54.146758,27.6604557142857,30.5714285714286,25.0,,,,,135002,chikungunya
2022-10-09,202241,71.0,71,71,71,0.10597509,2.6427336,0,1,230440020224119684,2023-11-23,Fortaleza,0.0,0.81970555,2686612,25.8571428571429,80.8942994285714,0,0,0,70.853955,52.618701,27.9583334285714,31.2857142857143,36.0,,,,,135002,chikungunya
2022-10-02,202240,76.0,76,76,76,0.012681722,2.8288417,0,1,230440020224019684,2023-11-23,Fortaleza,0.0,0.71680117,2686612,25.2857142857143,85.8972531428571,0,0,0,72.6827,56.107463,27.4350645714286,30.4285714285714,40.0,,,,,135002,chikungunya
2022-09-25,202239,78.0,78,78,78,5.203355e-05,2.9032848,0,1,230440020223919684,2023-11-23,Fortaleza,0.0,0.5818,2686612,25.4285714285714,82.2562502857143,0,0,0,72.4194042857143,58.222506,27.2115388571429,29.8571428571429,29.0,,,,,135002,chikungunya
2022-09-18,202238,106.0,106,106,106,3.389036e-05,3.9454896,0,1,230440020223819684,2023-11-23,Fortaleza,0.0,0.61624897,2686612,25.4285714285714,84.2857822857143,0,0,0,74.8755998571429,61.2212342857143,27.0141774285714,29.4285714285714,45.0,,,,,135002,chikungunya
2022-09-11,202237,127.0,127,127,127,6.6342204e-07,4.7271433,0,1,230440020223719684,2023-11-23,Fortaleza,0.0,0.5881638,2686612,25.0,85.856362,0,0,0,75.6241244285714,64.4444011428571,26.6527777142857,28.5714285714286,52.0,,,,,135002,chikungunya
2022-09-04,202236,167.0,167,167,167,3.925246e-06,6.216007,0,1,230440020223619684,2023-11-23,Fortaleza,0.0,0.64537287,2686612,24.5714285714286,80.8026988571429,0,0,0,65.8117125714286,44.8360584285714,27.345238,31.1428571428571,87.0,,,,,135002,chikungunya
2022-08-28,202235,221.0,221,221,221,3.899169e-05,8.225974,0,1,230440020223519684,2023-11-23,Fortaleza,0.0,0.7085571,2686612,24.1428571428571,82.1782514285714,0,0,1,71.8595151428571,55.802585,26.5693725714286,29.4285714285714,117.0,,,,,135002,chikungunya
2022-08-21,202234,262.0,262,262,262,1.194676e-07,9.75206,0,1,230440020223419684,2023-11-23,Fortaleza,0.0,0.6653814,2686612,24.0,84.2740011428571,0,0,1,71.6180652857143,50.9563738571429,26.7069598571429,30.1428571428571,135.0,,,,,135002,chikungunya
2022-08-14,202233,284.0,284,284,284,3.1219471e-13,10.570934,0,1,230440020223319684,2023-11-23,Fortaleza,0.0,0.58935714,2686612,23.2857142857143,82.7117668571429,0,0,1,70.1304648571429,50.9580555714286,26.3239011428571,29.5714285714286,165.0,,,,,135002,chikungunya
2022-08-07,202232,382.0,382,382,382,5.3780833e-09,14.218652,0,1,230440020223219684,2023-11-23,Fortaleza,0.0,0.68630683,2686612,24.2857142857143,87.246134,1,0,1,74.9370078571429,58.164465,26.9285714285714,30.0,249.0,,,,,135002,chikungunya
2022-07-31,202231,527.0,527,527,527,0.00014437875,19.615784,0,1,230440020223119684,2023-11-23,Fortaleza,0.0,0.8091778,2686612,24.0,90.3805802857143,1,0,1,80.18555,65.4887371428571,26.0837304285714,28.8571428571429,333.0,,,,,135002,chikungunya
2022-07-24,202230,519.0,519,519,519,1.0125234e-13,19.31801,0,1,230440020223019684,2023-11-23,Fortaleza,0.0,0.662739,2686612,24.4285714285714,86.5652922857143,0,0,1,73.802012,54.6859028571429,26.9189775714286,30.2857142857143,342.0,,,,,135002,chikungunya
2022-07-17,202229,644.0,644,644,644,2.220446e-16,23.97071,0,2,230440020222919684,2023-11-23,Fortaleza,0.0,0.6629568,2686612,24.1428571428571,90.3184265714286,1,0,1,76.401962,62.2905298571429,26.5103175714286,29.2857142857143,414.0,,,,,135002,chikungunya
2022-07-10,202228,766.0,766,766,766,0.0,28.511745,0,2,230440020222819684,2023-11-23,Fortaleza,0.0,0.61677325,2686612,24.5714285714286,87.9260408571429,1,0,1,77.2674492857143,61.162032,26.5952382857143,29.2857142857143,527.0,,,,,135002,chikungunya
2022-07-03,202227,916.0,916,916,916,0.0,34.094986,0,2,230440020222719684,2023-11-23,Fortaleza,0.0,0.5931854,2686612,22.8571428571429,93.41572,1,0,1,80.60768,65.0953854285714,25.5698054285714,28.5714285714286,694.0,,,,,135002,chikungunya
2022-06-26,202226,1195.0,1195,1195,1195,0.0,44.479813,0,4,230440020222619684,2023-11-23,Fortaleza,0.0,0.6647344,2686612,24.4285714285714,93.4826185714286,1,0,2,78.6128784285714,60.8960234285714,26.8571428571429,30.1428571428571,856.0,,,,,135002,chikungunya
2022-06-19,202225,1640.0,1640,1640,1640,1.0055912e-09,61.043427,0,4,230440020222519684,2023-11-23,Fortaleza,0.0,0.8193672,2686612,24.0,92.5980342857143,1,0,2,80.5667957142857,66.0244368571429,26.1071431428571,28.7142857142857,1143.0,,,,,135002,chikungunya
2022-06-12,202224,1777.0,1777,1777,1777,3.403322e-09,66.142784,0,4,230440020222419684,2023-11-23,Fortaleza,0.0,0.8306072,2686612,24.5714285714286,88.0238194285714,1,0,2,76.6857224285714,61.453564,26.7678568571429,29.7142857142857,1344.0,,,,,135002,chikungunya
2022-06-05,202223,2062.0,2062,2062,2062,0.01195617,76.75094,0,4,230440020222319684,2023-11-23,Fortaleza,0.0,0.93320787,2686612,23.7142857142857,94.2327514285714,1,0,2,86.3264035714286,73.5189848571429,25.6736392857143,28.1428571428571,1476.0,,,,,135002,chikungunya
2022-05-29,202222,2193.0,2193,2193,2193,0.45390642,81.62697,0,4,230440020222219684,2023-11-23,Fortaleza,0.0,0.9965125,2686612,23.8571428571429,95.8567092857143,1,0,2,86.2912812857143,70.1319608571429,26.062925,29.1428571428571,1685.0,,,,,135002,chikungunya
2022-05-22,202221,2206.0,2206,2206,2206,0.9818282,82.110855,0,4,230440020222119684,2023-11-23,Fortaleza,0.0,1.0661277,2686612,23.4285714285714,96.6745242857143,1,1,2,84.0637298571429,65.6281137142857,26.1179651428571,29.8571428571429,1671.0,,,,,135002,chikungunya
2022-05-15,202220,2340.0,2340,2340,2340,1.0,87.09855,0,4,230440020222019684,2023-11-23,Fortaleza,0.0,1.2699769,2686612,25.2857142857143,94.2269371428571,1,1,2,82.3192214285714,66.8579342857143,27.6428571428571,30.4285714285714,1767.0,,,,,135002,chikungunya
2022-05-08,202219,2087.0,2087,2087,2087,1.0,77.68148,0,4,230440020221919684,2023-11-23,Fortaleza,0.0,1.3422786,2686612,24.1428571428571,95.0388292857143,1,1,2,86.003804,74.5844617142857,26.2358057142857,28.7142857142857,1548.0,,,,,135002,chikungunya
2022-05-01,202218,1905.0,1905,1905,1905,1.0,70.90715,0,4,230440020221819684,2023-11-23,Fortaleza,0.0,1.5377475,2686612,24.7142857142857,91.940758,1,1,2,81.9068878571428,67.6607372857143,27.195346,29.8571428571429,1496.0,,,,,135002,chikungunya
2022-04-24,202217,1567.0,1567,1567,1567,1.0,58.32625,0,4,230440020221719684,2023-11-23,Fortaleza,0.0,1.6759835,2686612,24.4285714285714,92.7144071428571,1,1,2,81.29799,65.4715802857143,27.2278142857143,30.4285714285714,1131.0,,,,,135002,chikungunya
2022-04-17,202216,1260.0,1260,1260,1260,1.0,46.899216,0,3,230440020221619684,2023-11-23,Fortaleza,0.0,1.8331058,2686612,24.5714285714286,95.88652,1,1,2,84.2459612857143,71.2063958571429,27.1837474285714,30.0,861.0,,,,,135002,chikungunya
2022-04-10,202215,891.0,891,891,891,1.0,33.164448,0,3,230440020221519684,2023-11-23,Fortaleza,0.0,1.7504865,2686612,25.1428571428571,94.2568328571429,1,1,1,81.9017677142857,67.1763677142857,27.5392857142857,30.4285714285714,567.0,,,,,135002,chikungunya
2022-04-03,202214,675.0,675,675,675,1.0,25.12458,0,3,230440020221419684,2023-11-23,Fortaleza,0.0,1.7249116,2686612,24.4285714285714,96.6985407142857,1,1,1,87.8782357142857,74.53404,26.3190474285714,29.0,413.0,,,,,135002,chikungunya
2022-03-27,202213,461.0,461,461,461,1.0,17.159159,0,3,230440020221319684,2023-11-23,Fortaleza,0.0,1.5409675,2686612,23.5714285714286,99.1701442857143,1,1,1,88.2442544285714,73.6933582857143,26.0214171428571,28.8571428571429,301.0,,,,,135002,chikungunya
2022-03-20,202212,399.0,399,399,399,1.0,14.8514185,0,3,230440020221219684,2023-11-23,Fortaleza,0.0,1.8017626,2686612,24.1428571428571,96.686565,1,1,1,85.248446,70.9489978571429,26.693877,29.7142857142857,234.0,,,,,135002,chikungunya
2022-03-13,202211,300.0,300,300,300,1.0,11.16648,0,3,230440020221119684,2023-11-23,Fortaleza,0.0,1.8215641,2686612,24.0,97.5164207142857,1,1,1,87.4729358571429,75.7044831428571,26.2566325714286,28.5714285714286,192.0,,,,,135002,chikungunya
2022-03-06,202210,200.0,200,200,200,0.9999969,7.44432,0,2,230440020221019684,2023-11-23,Fortaleza,0.0,1.6707847,2686612,24.2857142857143,96.686565,1,1,1,82.9120492857143,69.1081985714286,26.940476,29.8571428571429,128.0,,,,,135002,chikungunya
2022-02-27,202209,169.0,169,169,169,1.0,6.2904506,0,2,230440020220919684,2023-11-23,Fortaleza,0.0,2.1550183,2686612,26.0,88.1099731428571,1,0,0,77.1288762857143,64.1643,28.1726194285714,30.7142857142857,100.0,,,,,135002,chikungunya
2022-02-20,202208,116.0,116,116,116,1.0,4.3177056,0,1,230440020220819684,2023-11-23,Fortaleza,0.0,2.6691859,2686612,25.7142857142857,89.6409652857143,1,0,0,76.8640301428571,63.1198384285714,28.1190477142857,30.7142857142857,67.0,,,,,135002,chikungunya
2022-02-13,202207,83.0,83,83,83,1.0,3.089393,0,1,230440020220719684,2023-11-23,Fortaleza,0.0,3.4598484,2686612,25.2857142857143,91.3158715714286,1,0,0,76.1162858571429,64.1128785714286,27.9960317142857,30.2857142857143,49.0,,,,,135002,chikungunya
2022-02-06,202206,29.0,29,29,29,0.95230705,1.0794264,0,1,230440020220619684,2023-11-23,Fortaleza,0.0,1.6332586,2686612,26.5714285714286,81.7312088571429,0,0,0,74.2721975714286,63.0965094285714,28.2619048571429,30.5714285714286,17.0,,,,,135002,chikungunya
2022-01-30,202205,19.0,19,19,19,0.68058974,0.7072104,0,2,230440020220519684,2023-11-23,Fortaleza,0.0,1.1693892,2686612,25.2857142857143,91.1421565714286,1,0,0,78.4306784285714,64.2628032857143,28.0178574285714,30.7142857142857,14.0,,,,,135002,chikungunya
2022-01-23,202204,16.0,16,16,16,0.6711364,0.5955456,0,2,230440020220419684,2023-11-23,Fortaleza,0.0,1.1744229,2686612,24.2857142857143,88.9429611428571,1,0,0,80.0923502857143,69.8361392857143,26.6170635714286,29.0,11.0,,,,,135002,chikungunya
2022-01-16,202203,18.0,18,18,18,0.96932214,0.6699888,0,2,230440020220319684,2023-11-23,Fortaleza,0.0,2.0907798,2686612,25.5714285714286,88.9226528571429,1,0,0,80.8500647142857,68.2217762857143,27.477241,29.8571428571429,10.0,,,,,135002,chikungunya
2022-01-09,202202,15.0,15,15,15,0.9979008,0.55832404,0,1,230440020220219684,2023-11-23,Fortaleza,0.0,4.3244643,2686612,25.1428571428571,90.4648331428571,1,0,0,77.9770842857143,62.5360528571429,27.5416668571429,30.4285714285714,4.0,,,,,135002,chikungunya
2022-01-02,202201,10.0,10,10,10,0.9955745,0.37221602,0,1,230440020220119684,2023-11-23,Fortaleza,0.0,5.5269685,2686612,25.0,91.9069408571429,1,0,0,80.3651507142857,67.0270498571429,27.3317805714286,29.8571428571429,2.0,,,,,135002,chikungunya
2021-12-26,202152,0.0,0,0,0,0.0,0.0,0,1,230440020215219684,2023-11-23,Fortaleza,0.0,0.0,2686612,26.4285714285714,87.4063068571429,0,0,0,77.3717134285714,65.1923567142857,28.3493791428571,30.5714285714286,0.0,,,,,135002,chikungunya
2021-12-19,202151,0.0,0,0,0,0.0,0.0,0,1,230440020215119684,2023-11-23,Fortaleza,0.0,0.0,2686612,27.0,81.6184385714286,0,0,0,71.8688857142857,58.4685042857143,28.8289337142857,31.5714285714286,0.0,,,,,135002,chikungunya
2021-12-12,202150,4.0,4,4,4,0.31937566,0.1488864,0,1,230440020215019684,2023-11-23,Fortaleza,0.0,0.74472547,2686612,26.8571428571429,83.1581538571429,0,0,0,70.8612062857143,58.4447698571429,29.0499482857143,31.8571428571429,2.0,,,,,135002,chikungunya
2021-12-05,202149,5.0,5,5,5,0.55660725,0.18610801,0,1,230440020214919684,2023-11-23,Fortaleza,0.0,1.0920948,2686612,26.2857142857143,85.9574225714286,0,0,0,72.8824901428572,57.5163881428571,28.7424948571429,31.8571428571429,2.0,,,,,135002,chikungunya
2021-11-28,202148,7.0,7,7,7,0.82341987,0.2605512,0,1,230440020214819684,2023-11-23,Fortaleza,0.0,1.7284513,2686612,26.8571428571429,82.3019571428571,0,0,0,72.2541341428571,57.0160092857143,28.97412,32.0,3.0,,,,,135002,chikungunya
2021-11-21,202147,4.0,4,4,4,0.42865083,0.1488864,0,1,230440020214719684,2023-11-23,Fortaleza,0.0,0.8891405,2686612,26.7142857142857,82.9615488571429,0,0,0,71.9569682857143,58.4156958571429,28.7884434285714,31.5714285714286,2.0,,,,,135002,chikungunya
2021-11-14,202146,3.0,3,3,3,0.20750391,0.1116648,0,1,230440020214619684,2023-11-23,Fortaleza,0.0,0.57684064,2686612,26.7142857142857,81.7113822857143,0,0,0,69.6920007142857,54.1964544285714,28.8069357142857,32.0,0.0,,,,,135002,chikungunya
2021-11-07,202145,5.0,5,5,5,0.37070492,0.18610801,0,1,230440020214519684,2023-11-23,Fortaleza,0.0,0.8257127,2686612,26.4285714285714,81.7812182857143,0,0,0,70.8869722857143,56.0058554285714,28.6407862857143,31.5714285714286,3.0,,,,,135002,chikungunya
2021-10-31,202144,5.0,5,5,5,0.22046526,0.18610801,0,1,230440020214419684,2023-11-23,Fortaleza,0.0,0.65453625,2686612,26.0,86.6150177142857,0,0,0,74.2117642857143,59.4237455714286,28.2093685714286,31.1428571428571,0.0,,,,,135002,chikungunya
2021-10-24,202143,6.0,6,6,6,0.20581737,0.2233296,0,1,230440020214319684,2023-11-23,Fortaleza,0.0,0.66009897,2686612,25.7142857142857,82.3228897142857,0,0,0,69.259558,52.7907497142857,28.338768,31.2857142857143,4.0,,,,,135002,chikungunya
2021-10-17,202142,6.0,6,6,6,0.20294291,0.2233296,0,1,230440020214219684,2023-11-23,Fortaleza,0.0,0.65702593,2686612,26.5714285714286,83.7234278571429,0,0,0,72.1072958571429,57.3986188571429,28.4940477142857,31.5714285714286,1.0,,,,,135002,chikungunya
2021-10-10,202141,13.0,13,13,13,0.81323117,0.48388082,0,1,230440020214119684,2023-11-23,Fortaleza,0.0,1.4565877,2686612,26.0,82.2724904285714,0,0,0,70.4792377142857,55.8745051428571,28.2173914285714,31.1428571428571,4.0,,,,,135002,chikungunya
2021-10-03,202140,6.0,6,6,6,0.25670403,0.2233296,0,1,230440020214019684,2023-11-23,Fortaleza,0.0,0.714055,2686612,25.8571428571429,83.697982,0,0,0,72.5558585714286,58.0193015714286,28.095238,31.1428571428571,3.0,,,,,135002,chikungunya
2021-09-26,202139,12.0,12,12,12,0.75389475,0.4466592,0,1,230440020213919684,2023-11-23,Fortaleza,0.0,1.344312,2686612,26.0,83.6762065714286,0,0,0,71.3335921428571,51.2865044285714,28.1666665714286,31.8571428571429,2.0,,,,,135002,chikungunya
2021-09-19,202138,6.0,6,6,6,0.11799763,0.2233296,0,1,230440020213819684,2023-11-23,Fortaleza,0.0,0.56152356,2686612,25.8571428571429,81.5619154285714,0,0,0,70.5195257142857,54.4347215714286,27.8690477142857,31.1428571428571,2.0,,,,,135002,chikungunya
2021-09-12,202137,9.0,9,9,9,0.19331454,0.3349944,0,1,230440020213719684,2023-11-23,Fortaleza,0.0,0.6939383,2686612,25.4285714285714,81.5305765714286,0,0,0,68.5991871428571,48.4985167142857,28.0701342857143,31.8571428571429,0.0,,,,,135002,chikungunya
2021-09-05,202136,10.0,10,10,10,0.12013765,0.37221602,0,1,230440020213619684,2023-11-23,Fortaleza,0.0,0.6310337,2686612,25.4285714285714,85.0849748571429,0,0,0,70.3256764285714,53.1146324285714,27.6990168571429,30.7142857142857,1.0,,,,,135002,chikungunya
2021-08-29,202135,14.0,14,14,14,0.18530414,0.5211024,0,1,230440020213519684,2023-11-23,Fortaleza,0.0,0.7339915,2686612,25.5714285714286,80.12763,0,0,0,68.5390651428571,50.0450222857143,27.8747411428571,31.2857142857143,2.0,,,,,135002,chikungunya
2021-08-22,202134,13.0,13,13,13,0.09358355,0.48388082,0,1,230440020213419684,2023-11-23,Fortaleza,0.0,0.63394177,2686612,25.0,80.8855177142857,0,0,0,69.2591542857143,51.615178,27.6526911428571,31.1428571428571,6.0,,,,,135002,chikungunya
2021-08-15,202133,23.0,23,23,23,0.56242234,0.8560968,0,1,230440020213319684,2023-11-23,Fortaleza,0.0,1.0475329,2686612,24.8571428571429,80.1115277142857,0,0,0,67.8211934285714,48.6227347142857,27.5905797142857,30.8571428571429,8.0,,,,,135002,chikungunya
2021-08-08,202132,20.0,20,20,20,0.26449344,0.74443203,0,1,230440020213219684,2023-11-23,Fortaleza,0.0,0.8284982,2686612,25.1428571428571,85.2033005714286,0,0,0,70.8023855714286,52.6860372857143,27.7305902857143,31.1428571428571,6.0,,,,,135002,chikungunya
2021-08-01,202131,19.0,19,19,19,0.16953766,0.7072104,0,1,230440020213119684,2023-11-23,Fortaleza,0.0,0.75124055,2686612,24.4285714285714,84.405942,0,0,0,67.5381291428571,44.8876325714286,27.7032985714286,31.8571428571429,4.0,,,,,135002,chikungunya
2021-07-25,202130,29.0,29,29,29,0.66956115,1.0794264,0,1,230440020213019684,2023-11-23,Fortaleza,0.0,1.1249613,2686612,24.5714285714286,86.457048,0,0,0,72.2577337142857,51.5276714285714,27.4192542857143,30.8571428571429,9.0,,,,,135002,chikungunya
2021-07-18,202129,21.0,21,21,21,0.2088327,0.78165364,0,1,230440020212919684,2023-11-23,Fortaleza,0.0,0.79148686,2686612,24.5714285714286,86.5519834285714,0,0,0,71.6208527142857,50.0618392857143,27.4270182857143,30.5714285714286,7.0,,,,,135002,chikungunya
2021-07-11,202128,32.0,32,32,32,0.53317857,1.1910912,0,2,230440020212819684,2023-11-23,Fortaleza,0.0,1.0210042,2686612,24.7142857142857,88.1193117142857,1,0,0,74.0630795714286,56.2636551428571,27.4684268571429,30.7142857142857,3.0,,,,,135002,chikungunya
2021-07-04,202127,18.0,18,18,18,0.004473652,0.6699888,0,1,230440020212719684,2023-11-23,Fortaleza,0.0,0.48594126,2686612,24.8571428571429,87.2963368571429,1,0,0,74.8174065714286,57.6615234285714,27.2282608571429,30.2857142857143,2.0,,,,,135002,chikungunya
2021-06-27,202126,34.0,34,34,34,0.24805923,1.2655344,0,1,230440020212619684,2023-11-23,Fortaleza,0.0,0.85402864,2686612,25.0,89.5562322857143,1,0,0,75.912823,54.3123661428571,27.2885377142857,30.7142857142857,6.0,,,,,135002,chikungunya
2021-06-20,202125,38.0,38,38,38,0.45483392,1.4144208,0,1,230440020212519684,2023-11-23,Fortaleza,0.0,0.9746057,2686612,25.0,85.7361308571429,0,0,0,72.5751,56.2608948571429,27.5465842857143,30.4285714285714,11.0,,,,,135002,chikungunya
2021-06-13,202124,43.0,43,43,43,0.7774413,1.6005288,0,2,230440020212419684,2023-11-23,Fortaleza,0.0,1.1864481,2686612,25.2857142857143,93.578693,1,0,0,80.4177544285714,64.0312094285714,27.2637162857143,29.7142857142857,7.0,,,,,135002,chikungunya
2021-06-06,202123,39.0,39,39,39,0.724665,1.4516424,0,2,230440020212319684,2023-11-23,Fortaleza,0.0,1.1492642,2686612,25.2857142857143,88.8429074285714,1,0,0,76.5573941428571,60.8503667142857,27.6643774285714,30.7142857142857,10.0,,,,,135002,chikungunya
2021-05-30,202122,38.0,38,38,38,0.6875317,1.4144208,0,2,230440020212219684,2023-11-23,Fortaleza,0.0,1.1215914,2686612,25.0,88.062138,1,0,0,73.8479134285714,55.4920805714286,27.7242497142857,30.8571428571429,14.0,,,,,135002,chikungunya
2021-05-23,202121,30.0,30,30,30,0.41806135,1.1166481,0,2,230440020212119684,2023-11-23,Fortaleza,0.0,0.9489878,2686612,24.7142857142857,87.2521051428571,1,0,0,73.7002034285714,55.973911,27.8928568571429,31.1428571428571,7.0,,,,,135002,chikungunya
2021-05-16,202120,35.0,35,35,35,0.9099167,1.3027561,0,2,230440020212019684,2023-11-23,Fortaleza,0.0,1.414741,2686612,25.1428571428571,91.9167142857143,1,0,0,78.9875415714286,63.0475821428571,27.5059522857143,30.2857142857143,7.0,,,,,135002,chikungunya
2021-05-09,202119,39.0,39,39,39,0.99766487,1.4516424,0,2,230440020211919684,2023-11-23,Fortaleza,0.0,2.1611867,2686612,24.0,95.8386157142857,1,0,0,84.3814028571429,68.674674,26.5357142857143,29.4285714285714,8.0,,,,,135002,chikungunya
2021-05-02,202118,20.0,20,20,20,0.8733494,0.74443203,0,2,230440020211819684,2023-11-23,Fortaleza,0.0,1.4822831,2686612,23.7142857142857,97.5164207142857,1,0,0,85.6279542857143,69.6911125714286,26.1547617142857,29.1428571428571,9.0,,,,,135002,chikungunya
2021-04-25,202117,20.0,20,20,20,0.9357653,0.74443203,0,2,230440020211719684,2023-11-23,Fortaleza,0.0,1.7214881,2686612,24.7142857142857,92.7083185714286,1,0,0,78.3224435714286,63.0793147142857,27.7505174285714,30.7142857142857,6.0,,,,,135002,chikungunya
2021-04-18,202116,10.0,10,10,10,0.4514093,0.37221602,0,2,230440020211619684,2023-11-23,Fortaleza,0.0,0.9485676,2686612,24.7142857142857,93.463495,1,0,0,83.0847401428571,69.2196618571429,26.9997167142857,29.8571428571429,4.0,,,,,135002,chikungunya
2021-04-11,202115,12.0,12,12,12,0.7228494,0.4466592,0,2,230440020211519684,2023-11-23,Fortaleza,0.0,1.2867061,2686612,25.1428571428571,93.4447491428571,1,0,0,82.0400485714286,65.9661621428571,27.5767541428571,30.7142857142857,2.0,,,,,135002,chikungunya
2021-04-04,202114,12.0,12,12,12,0.7791444,0.4466592,0,2,230440020211419684,2023-11-23,Fortaleza,0.0,1.3972665,2686612,25.8571428571429,88.9484194285714,1,0,0,75.0043657142857,58.9930575714286,28.6023808571429,32.0,6.0,,,,,135002,chikungunya
2021-03-28,202113,7.0,7,7,7,0.3583292,0.2605512,0,2,230440020211319684,2023-11-23,Fortaleza,0.0,0.834904,2686612,24.8571428571429,93.4746542857143,1,0,0,80.7540744285714,65.1020408571429,27.7257268571429,30.8571428571429,4.0,,,,,135002,chikungunya
2021-03-21,202112,11.0,11,11,11,0.6239249,0.4094376,0,2,230440020211219684,2023-11-23,Fortaleza,0.0,1.1462865,2686612,23.5714285714286,96.6623542857143,1,0,0,86.6171035714286,74.6044431428571,25.7415537142857,28.1428571428571,4.0,,,,,135002,chikungunya
2021-03-14,202111,5.0,5,5,5,0.08619283,0.18610801,0,2,230440020211119684,2023-11-23,Fortaleza,0.0,0.49504188,2686612,24.8571428571429,90.3549237142857,1,0,0,80.9446585714286,68.8306548571429,27.0327637142857,29.1428571428571,1.0,,,,,135002,chikungunya
2021-03-07,202110,11.0,11,11,11,0.7309218,0.4094376,0,2,230440020211019684,2023-11-23,Fortaleza,0.0,1.3166939,2686612,25.2857142857143,88.9493972857143,1,0,0,80.3506921428571,70.4667002857143,27.5119048571429,29.7142857142857,1.0,,,,,135002,chikungunya
2021-02-28,202109,12.0,12,12,12,0.8869908,0.4466592,0,2,230440020210919684,2023-11-23,Fortaleza,0.0,1.7419269,2686612,25.5714285714286,90.3109021428571,1,0,0,80.1226664285714,70.0745932857143,27.5221611428571,29.4285714285714,0.0,,,,,135002,chikungunya
2021-02-21,202108,9.0,9,9,9,0.57594174,0.3349944,0,1,230440020210819684,2023-11-23,Fortaleza,0.0,1.0943072,2686612,25.4285714285714,89.5675737142857,1,0,0,78.6291172857143,66.4832097142857,27.8530741428571,30.1428571428571,5.0,,,,,135002,chikungunya
2021-02-14,202107,3.0,3,3,3,0.022248726,0.1116648,0,1,230440020210719684,2023-11-23,Fortaleza,0.0,0.30825785,2686612,25.5714285714286,88.9029254285714,1,0,0,80.2768022857143,70.0592861428571,27.3300397142857,29.4285714285714,1.0,,,,,135002,chikungunya
2021-02-07,202106,9.0,9,9,9,0.4723267,0.3349944,0,1,230440020210619684,2023-11-23,Fortaleza,0.0,0.9687657,2686612,26.7142857142857,85.2248875714286,0,0,0,76.8858871428571,65.4602558571429,28.5000002857143,30.7142857142857,1.0,,,,,135002,chikungunya
2021-01-31,202105,12.0,12,12,12,0.7812842,0.4466592,0,1,230440020210519684,2023-11-23,Fortaleza,0.0,1.4020556,2686612,26.0,83.7027428571429,0,0,0,75.2607862857143,64.2077832857143,27.869824,30.2857142857143,7.0,,,,,135002,chikungunya
2021-01-24,202104,9.0,9,9,9,0.6090014,0.3349944,0,1,230440020210419684,2023-11-23,Fortaleza,0.0,1.1405357,2686612,26.0,88.0941845714286,1,0,0,78.7506565714286,65.7199437142857,27.7063492857143,30.0,3.0,,,,,135002,chikungunya
2021-01-17,202103,7.0,7,7,7,0.6589484,0.2605512,0,1,230440020210319684,2023-11-23,Fortaleza,0.0,1.250976,2686612,25.2857142857143,89.5675737142857,1,0,0,78.456925,66.4700267142857,27.3325334285714,29.8571428571429,3.0,,,,,135002,chikungunya
2021-01-10,202102,11.0,11,11,11,0.9867929,0.4094376,0,1,230440020210219684,2023-11-23,Fortaleza,0.0,3.487339,2686612,26.4285714285714,82.2660772857143,0,0,0,73.1414255714286,58.3665465714286,28.1252068571429,31.0,3.0,,,,,135002,chikungunya
2021-01-03,202101,5.0,5,5,5,0.78941,0.18610801,0,1,230440020210119684,2023-11-23,Fortaleza,0.0,1.738271,2686612,26.5714285714286,84.6298292857143,0,0,0,74.5683437142857,60.8252875714286,28.3371211428571,31.0,1.0,,,,,135002,chikungunya
2020-12-27,202053,3.0,3,3,3,0.20908187,0.1116648,0,1,230440020205319589,2023-08-20,Fortaleza,0.0,0.578754,2686612,27.0,83.676956,0,0,0,72.161975,53.9766265,28.565217,31.5,1.0,,,,,135002,chikungunya
2020-12-20,202052,2.0,2,2,2,0.037437234,0.0744432,0,1,230440020205219589,2023-08-20,Fortaleza,0.0,0.29019704,2686612,,83.7092055666667,0,0,0,,,,,1.0,,,,,135002,chikungunya
2020-12-13,202051,5.0,5,5,5,0.22276187,0.18610801,0,1,230440020205119589,2023-08-20,Fortaleza,0.0,0.65707463,2686612,,83.7414551333333,0,0,0,,,,,2.0,,,,,135002,chikungunya
2020-12-06,202050,9.0,9,9,9,0.5389078,0.3349944,0,1,230440020205019589,2023-08-20,Fortaleza,0.0,1.0465292,2686612,,83.7737047,0,0,0,,,,,3.0,,,,,135002,chikungunya
2020-11-29,202049,6.0,6,6,6,0.15796916,0.2233296,0,1,230440020204919589,2023-08-20,Fortaleza,0.0,0.60797787,2686612,,83.8059542666667,0,0,0,,,,,1.0,,,,,135002,chikungunya
2020-11-22,202048,9.0,9,9,9,0.353462,0.3349944,0,1,230440020204819589,2023-08-20,Fortaleza,0.0,0.8466875,2686612,26.1666666666667,83.8382038333333,0,0,0,72.7590541666667,58.2593918333333,28.1449276666667,31.0,3.0,,,,,135002,chikungunya
2020-11-15,202047,10.0,10,10,10,0.54719627,0.37221602,0,1,230440020204719589,2023-08-20,Fortaleza,0.0,1.053998,2686612,26.5714285714286,85.1289542857143,0,0,0,74.8971568571429,61.9671715714286,28.3217447142857,31.1428571428571,5.0,,,,,135002,chikungunya
2020-11-08,202046,11.0,11,11,11,0.8321356,0.4094376,0,1,230440020204619589,2023-08-20,Fortaleza,0.0,1.5658262,2686612,25.8571428571429,85.2254355714286,0,0,0,74.0881464285714,56.4480862857143,28.1332817142857,31.4285714285714,4.0,,,,,135002,chikungunya
2020-11-01,202045,13.0,13,13,13,0.9134385,0.48388082,0,1,230440020204519589,2023-08-20,Fortaleza,0.0,1.8382908,2686612,26.4285714285714,86.6034011428571,0,0,0,74.6376985714286,60.3900897142857,28.1580524285714,31.0,4.0,,,,,135002,chikungunya
2020-10-25,202044,3.0,3,3,3,0.025850449,0.1116648,0,1,230440020204419589,2023-08-20,Fortaleza,0.0,0.3174993,2686612,26.0,82.9296602857143,0,0,0,73.0525657142857,57.9005812857143,27.9997411428571,31.1428571428571,2.0,,,,,135002,chikungunya
2020-10-18,202043,6.0,6,6,6,0.059227645,0.2233296,0,1,230440020204319589,2023-08-20,Fortaleza,0.0,0.48057178,2686612,25.7142857142857,86.6475418571429,0,0,0,74.138898,57.0808157142857,27.8470497142857,31.0,2.0,,,,,135002,chikungunya
2020-10-11,202042,11.0,11,11,11,0.29120752,0.4094376,0,1,230440020204219589,2023-08-20,Fortaleza,0.0,0.8039138,2686612,25.7142857142857,83.655334,0,0,0,71.7536211428571,55.3699808571429,27.8276397142857,31.1428571428571,4.0,,,,,135002,chikungunya
2020-10-04,202041,9.0,9,9,9,0.38348433,0.3349944,0,1,230440020204119589,2023-08-20,Fortaleza,0.0,0.87612635,2686612,25.5714285714286,83.6009708571429,0,0,0,72.3586948571429,56.2640225714286,27.6920288571429,30.7142857142857,3.0,,,,,135002,chikungunya
2020-09-27,202040,23.0,23,23,23,0.99608624,0.8560968,0,1,230440020204019589,2023-08-20,Fortaleza,0.0,2.6899137,2686612,25.4285714285714,82.2245291428571,0,0,0,69.910616,49.9618948571429,27.652353,31.2857142857143,8.0,,,,,135002,chikungunya
2020-09-20,202039,6.0,6,6,6,0.12890258,0.2233296,0,1,230440020203919589,2023-08-20,Fortaleza,0.0,0.5746044,2686612,25.2857142857143,84.3470745714286,0,0,0,71.4728571428571,56.1041608571429,27.3216874285714,30.1428571428571,2.0,,,,,135002,chikungunya
2020-09-13,202038,4.0,4,4,4,0.027548062,0.1488864,0,1,230440020203819589,2023-08-20,Fortaleza,0.0,0.36088836,2686612,24.5714285714286,82.1404157142857,0,0,0,70.1810085714286,51.972187,27.21765,30.5714285714286,2.0,,,,,135002,chikungunya
2020-09-06,202037,15.0,15,15,15,0.7764098,0.55832404,0,1,230440020203719589,2023-08-20,Fortaleza,0.0,1.3417174,2686612,24.4285714285714,84.3114497142857,0,0,0,69.6530522857143,50.392795,27.3330748571429,31.1428571428571,7.0,,,,,135002,chikungunya
2020-08-30,202036,11.0,11,11,11,0.3958209,0.4094376,0,1,230440020203619589,2023-08-20,Fortaleza,0.0,0.8979001,2686612,24.2857142857143,82.864964,0,0,0,69.256835,49.6800337142857,27.2530481428571,30.7142857142857,3.0,,,,,135002,chikungunya
2020-08-23,202035,8.0,8,8,8,0.15813878,0.2977728,0,1,230440020203519589,2023-08-20,Fortaleza,0.0,0.6442719,2686612,24.5714285714286,85.0487494285714,0,0,0,71.519715,54.702031,27.0608177142857,30.0,4.0,,,,,135002,chikungunya
2020-08-16,202034,16.0,16,16,16,0.6828192,0.5955456,0,1,230440020203419589,2023-08-20,Fortaleza,0.0,1.18899,2686612,24.5714285714286,84.2417531428571,0,0,0,70.3536644285714,50.7447318571429,27.2349894285714,30.7142857142857,8.0,,,,,135002,chikungunya
2020-08-09,202033,11.0,11,11,11,0.1345262,0.4094376,0,1,230440020203319589,2023-08-20,Fortaleza,0.0,0.65833265,2686612,24.1428571428571,81.3896905714286,0,0,0,68.5901448571429,50.0781227142857,27.0313148571429,30.2857142857143,5.0,,,,,135002,chikungunya
2020-08-02,202032,11.0,11,11,11,0.03624006,0.4094376,0,1,230440020203219589,2023-08-20,Fortaleza,0.0,0.525588,2686612,23.2857142857143,82.7802711428571,0,0,0,66.600461,44.5857278571429,26.8783645714286,31.2857142857143,4.0,,,,,135002,chikungunya
2020-07-26,202031,18.0,18,18,18,0.08128608,0.6699888,0,1,230440020203119589,2023-08-20,Fortaleza,0.0,0.6599232,2686612,23.5714285714286,79.9780325714286,0,0,0,66.5433028571429,48.7139904285714,26.8447202857143,30.4285714285714,6.0,,,,,135002,chikungunya
2020-07-19,202030,20.0,20,20,20,0.026610209,0.74443203,0,1,230440020203019589,2023-08-20,Fortaleza,0.0,0.5879823,2686612,23.7142857142857,85.8212525714286,0,0,0,69.7477744285714,50.3342498571429,26.917117,30.4285714285714,6.0,,,,,135002,chikungunya
2020-07-12,202029,23.0,23,23,23,0.057983484,0.8560968,0,1,230440020202919589,2023-08-20,Fortaleza,0.0,0.6604619,2686612,24.0,84.288414,0,0,0,70.596325,52.0041548571429,26.9565217142857,30.2857142857143,4.0,,,,,135002,chikungunya
2020-07-05,202028,42.0,42,42,42,0.88641834,1.5633073,0,1,230440020202819589,2023-08-20,Fortaleza,0.0,1.324614,2686612,23.8571428571429,88.7457302857143,1,0,0,77.2885484285714,62.7120222857143,26.2134837142857,28.8571428571429,16.0,,,,,135002,chikungunya
2020-06-28,202027,37.0,37,37,37,0.83785284,1.3771993,0,1,230440020202719589,2023-08-20,Fortaleza,0.0,1.2736781,2686612,25.0,85.788016,0,0,0,74.1313557142857,56.6283315714286,27.133206,30.0,9.0,,,,,135002,chikungunya
2020-06-21,202026,28.0,28,28,28,0.5636413,1.0422049,0,1,230440020202619589,2023-08-20,Fortaleza,0.0,1.043887,2686612,24.2857142857143,85.7207354285714,0,0,0,72.4030328571429,54.5505834285714,26.8116342857143,29.7142857142857,11.0,,,,,135002,chikungunya
2020-06-14,202025,33.0,33,33,33,0.8757775,1.2283128,0,2,230440020202519589,2023-08-20,Fortaleza,0.0,1.3557386,2686612,24.1428571428571,90.2813908571429,1,0,0,76.9440584285714,61.9303574285714,26.858884,29.8571428571429,10.0,,,,,135002,chikungunya
2020-06-07,202024,22.0,22,22,22,0.57704794,0.8188752,0,2,230440020202419589,2023-08-20,Fortaleza,0.0,1.0606569,2686612,24.1428571428571,91.8108014285714,1,0,0,80.8362777142857,66.4349541428571,26.2946428571429,29.0,5.0,,,,,135002,chikungunya
2020-05-31,202023,32.0,32,32,32,0.96063274,1.1910912,0,2,230440020202319589,2023-08-20,Fortaleza,0.0,1.6373249,2686612,24.8571428571429,90.326188,1,0,0,78.1014481428571,59.990658,27.3630954285714,30.8571428571429,14.0,,,,,135002,chikungunya
2020-05-24,202022,13.0,13,13,13,0.123359114,0.48388082,0,2,230440020202219589,2023-08-20,Fortaleza,0.0,0.6668174,2686612,24.8571428571429,89.5576822857143,1,0,0,76.2673428571429,59.8892222857143,27.8035714285714,31.0,4.0,,,,,135002,chikungunya
2020-05-17,202021,23.0,23,23,23,0.6487687,0.8560968,0,2,230440020202119589,2023-08-20,Fortaleza,0.0,1.1216676,2686612,24.7142857142857,92.6501521428571,1,0,0,80.1446165714286,61.3805272857143,27.4166665714286,31.0,9.0,,,,,135002,chikungunya
2020-05-10,202020,18.0,18,18,18,0.25999883,0.6699888,0,2,230440020202019589,2023-08-20,Fortaleza,0.0,0.81727856,2686612,24.7142857142857,90.3049551428571,1,0,0,79.1828251428571,63.197789,27.0916668571429,30.0,10.0,,,,,135002,chikungunya
2020-05-03,202019,19.0,19,19,19,0.33397323,0.7072104,0,2,230440020201919589,2023-08-20,Fortaleza,0.0,0.87525535,2686612,25.2857142857143,88.73615,1,0,0,74.742315,56.9601151428571,28.1785714285714,31.7142857142857,6.0,,,,,135002,chikungunya
2020-04-26,202018,25.0,25,25,25,0.7743203,0.93054,0,2,230440020201819589,2023-08-20,Fortaleza,0.0,1.250014,2686612,24.4285714285714,92.6155457142857,1,0,0,80.5717865714286,63.3815905714286,27.2023808571429,30.5714285714286,9.0,,,,,135002,chikungunya
2020-04-19,202017,22.0,22,22,22,0.6967846,0.8188752,0,2,230440020201719589,2023-08-20,Fortaleza,0.0,1.1735322,2686612,24.2857142857143,93.4150014285714,1,0,0,82.53169,64.841107,26.779762,30.2857142857143,11.0,,,,,135002,chikungunya
2020-04-12,202016,20.0,20,20,20,0.6682881,0.74443203,0,2,230440020201619589,2023-08-20,Fortaleza,0.0,1.151388,2686612,24.7142857142857,91.0928464285714,1,0,0,80.3588565714286,62.1213945714286,27.4345234285714,31.0,5.0,,,,,135002,chikungunya
2020-04-05,202015,17.0,17,17,17,0.59454715,0.6327672,0,2,230440020201519589,2023-08-20,Fortaleza,0.0,1.0862302,2686612,25.7142857142857,91.1879494285714,1,0,0,78.9544014285714,63.8336071428571,28.5357145714286,31.5714285714286,3.0,,,,,135002,chikungunya
2020-03-29,202014,22.0,22,22,22,0.70892435,0.8188752,0,2,230440020201419589,2023-08-20,Fortaleza,0.0,1.1869512,2686612,25.4285714285714,91.9086328571429,1,0,0,81.4924021428571,67.9016035714286,27.8273811428571,30.5714285714286,5.0,,,,,135002,chikungunya
2020-03-22,202013,10.0,10,10,10,0.0023512573,0.37221602,0,2,230440020201319589,2023-08-20,Fortaleza,0.0,0.3762607,2686612,25.7142857142857,88.8200665714286,1,0,0,74.3693592857143,59.003325,28.6249997142857,31.7142857142857,5.0,,,,,135002,chikungunya
2020-03-15,202012,16.0,16,16,16,0.007658607,0.5955456,0,2,230440020201219589,2023-08-20,Fortaleza,0.0,0.49107885,2686612,25.1428571428571,91.0982,1,0,0,79.3096294285714,64.4315948571429,27.6704542857143,30.8571428571429,3.0,,,,,135002,chikungunya
2020-03-08,202011,25.0,25,25,25,0.18233968,0.93054,0,2,230440020201119589,2023-08-20,Fortaleza,0.0,0.78686327,2686612,24.5714285714286,91.0928464285714,1,0,0,84.1875334285714,76.0979267142857,26.5000002857143,28.1428571428571,5.0,,,,,135002,chikungunya
2020-03-01,202010,44.0,44,44,44,0.9414414,1.6377504,0,2,230440020201019589,2023-08-20,Fortaleza,0.0,1.4388238,2686612,25.4285714285714,90.3273628571429,1,0,0,80.336565,67.2822325714286,27.5497834285714,30.0,19.0,,,,,135002,chikungunya
2020-02-23,202009,26.0,26,26,26,0.28012708,0.96776164,0,2,230440020200919589,2023-08-20,Fortaleza,0.0,0.8570285,2686612,25.5714285714286,88.8755172857143,1,0,0,82.913632,75.5460208571428,27.1677488571429,28.7142857142857,7.0,,,,,135002,chikungunya
2020-02-16,202008,31.0,31,31,31,0.57166344,1.1538696,0,2,230440020200819589,2023-08-20,Fortaleza,0.0,1.0471668,2686612,24.8571428571429,90.2996257142857,1,0,0,85.6782,80.1834454285714,26.0649348571429,27.2857142857143,10.0,,,,,135002,chikungunya
2020-02-09,202007,33.0,33,33,33,0.7565256,1.2283128,0,2,230440020200719589,2023-08-20,Fortaleza,0.0,1.1944447,2686612,26.1428571428571,87.3645307142857,1,0,0,81.8140114285714,75.831264,26.9428571428571,27.5714285714286,7.0,,,,,135002,chikungunya
2020-02-02,202006,26.0,26,26,26,0.69242144,0.96776164,0,1,230440020200619589,2023-08-20,Fortaleza,0.0,1.1540475,2686612,24.8571428571429,91.0688171428571,1,0,0,82.8587435714286,72.5088541428571,26.6154762857143,28.5714285714286,2.0,,,,,135002,chikungunya
2020-01-26,202005,35.0,35,35,35,0.9913909,1.3027561,0,1,230440020200519589,2023-08-20,Fortaleza,0.0,1.9488007,2686612,24.8571428571429,91.0972014285714,1,0,0,79.0628127142857,63.8746062857143,27.5833334285714,30.2857142857143,5.0,,,,,135002,chikungunya
2020-01-19,202004,19.0,19,19,19,0.76624626,0.7072104,0,1,230440020200419589,2023-08-20,Fortaleza,0.0,1.2810521,2686612,27.2857142857143,80.2671802857143,0,0,0,70.985105,57.4438875714286,29.029762,31.7142857142857,2.0,,,,,135002,chikungunya
2020-01-12,202003,17.0,17,17,17,0.8434342,0.6327672,0,1,230440020200319589,2023-08-20,Fortaleza,0.0,1.4540355,2686612,25.8571428571429,86.5696111428571,0,0,0,76.1617985714286,63.0497965714286,28.1071431428571,30.7142857142857,2.0,,,,,135002,chikungunya
2020-01-05,202002,17.0,17,17,17,0.91124153,0.6327672,0,1,230440020200219589,2023-08-20,Fortaleza,0.0,1.6790268,2686612,25.8571428571429,86.6527782857143,0,0,0,76.5129394285714,64.6823847142857,27.7238097142857,29.8571428571429,3.0,,,,,135002,chikungunya
2019-12-29,202001,10.0,10,10,10,0.47600555,0.37221602,0,1,230440020200119589,2023-08-20,Fortaleza,0.0,0.9741484,2686612,25.6666666666667,87.2293603333333,1,0,0,78.2967196666667,68.5742188333333,27.3944443333333,29.1666666666667,3.0,,,,,135002,chikungunya
2019-12-22,201952,8.0,8,8,8,0.25190413,0.2977728,0,1,230440020195219589,2023-08-20,Fortaleza,0.0,0.7386011,2686612,27.0,76.9551738571429,0,0,0,73.9821612857143,70.5632217142857,27.4428571428571,28.0,3.0,,,,,135002,chikungunya
2019-12-15,201951,13.0,13,13,13,0.5948095,0.48388082,0,1,230440020195119589,2023-08-20,Fortaleza,0.0,1.099389,2686612,26.4285714285714,80.1713834285714,0,0,0,74.8462812857143,70.4713337142857,27.3,27.8571428571429,0.0,,,,,135002,chikungunya
2019-12-08,201950,7.0,7,7,7,0.14936681,0.2605512,0,1,230440020195019589,2023-08-20,Fortaleza,0.0,0.61808825,2686612,26.5714285714286,78.9407677142857,0,0,0,74.3997465714286,71.1359208571429,27.2,27.5714285714286,1.0,,,,,135002,chikungunya
2019-12-01,201949,16.0,16,16,16,0.88583636,0.5955456,0,1,230440020194919589,2023-08-20,Fortaleza,0.0,1.6021845,2686612,26.4285714285714,78.1173622857143,0,0,0,75.9322564285714,73.4845985714286,26.9428571428571,27.2857142857143,6.0,,,,,135002,chikungunya
2019-11-24,201948,10.0,10,10,10,0.5536076,0.37221602,0,1,230440020194819589,2023-08-20,Fortaleza,0.0,1.0617088,2686612,26.5714285714286,80.1636974285714,0,0,0,77.7600048571429,74.2457142857143,27.0285714285714,27.5714285714286,2.0,,,,,135002,chikungunya
2019-11-17,201947,11.0,11,11,11,0.4931846,0.4094376,0,1,230440020194719589,2023-08-20,Fortaleza,0.0,0.99289006,2686612,26.1428571428571,79.5551131428571,0,0,0,76.1249691428571,72.9140737142857,26.9,27.2857142857143,8.0,,,,,135002,chikungunya
2019-11-10,201946,7.0,7,7,7,0.09842987,0.2605512,0,1,230440020194619589,2023-08-20,Fortaleza,0.0,0.55812293,2686612,26.0,78.7606345714286,0,0,0,74.85394,71.5980785714286,26.7285714285714,27.0,2.0,,,,,135002,chikungunya
2019-11-03,201945,10.0,10,10,10,0.32491863,0.37221602,0,1,230440020194519589,2023-08-20,Fortaleza,0.0,0.8269857,2686612,25.8571428571429,79.4441531428571,0,0,0,75.6306508571429,74.0658357142857,26.6428571428571,27.0,2.0,,,,,135002,chikungunya
2019-10-27,201944,18.0,18,18,18,0.8335312,0.6699888,0,1,230440020194419589,2023-08-20,Fortaleza,0.0,1.4150853,2686612,25.7142857142857,76.1178902857143,0,0,0,72.3448022857143,67.479576,26.4025974285714,27.2857142857143,3.0,,,,,135002,chikungunya
2019-10-20,201943,7.0,7,7,7,0.060453173,0.2605512,0,1,230440020194319589,2023-08-20,Fortaleza,0.0,0.50451314,2686612,25.7142857142857,80.1115694285714,0,0,0,76.2652302857143,69.3273471428571,26.3896102857143,27.4285714285714,2.0,,,,,135002,chikungunya
2019-10-13,201942,15.0,15,15,15,0.5131333,0.55832404,0,1,230440020194219589,2023-08-20,Fortaleza,0.0,1.0119618,2686612,25.4285714285714,80.9456451428571,0,0,0,75.4330621428571,69.855716,26.3636362857143,27.1428571428571,2.0,,,,,135002,chikungunya
2019-10-06,201941,13.0,13,13,13,0.27682966,0.48388082,0,1,230440020194119589,2023-08-20,Fortaleza,0.0,0.8050071,2686612,25.2857142857143,78.0855371428571,0,0,0,72.8850032857143,68.4300185714286,26.2077922857143,27.0,5.0,,,,,135002,chikungunya
2019-09-29,201940,16.0,16,16,16,0.43029034,0.5955456,0,1,230440020194019589,2023-08-20,Fortaleza,0.0,0.9413919,2686612,24.8571428571429,78.7320617142857,0,0,0,74.7745022857143,70.2446765714286,25.896104,26.7142857142857,8.0,,,,,135002,chikungunya
2019-09-22,201939,13.0,13,13,13,0.25818682,0.48388082,0,1,230440020193919589,2023-08-20,Fortaleza,0.0,0.789366,2686612,25.5714285714286,79.3640031428571,0,0,0,74.3944857142857,69.6607142857143,26.1558442857143,26.8571428571429,1.0,,,,,135002,chikungunya
2019-09-15,201938,24.0,24,24,24,0.8055899,0.8933184,0,1,230440020193819589,2023-08-20,Fortaleza,0.0,1.300905,2686612,25.1428571428571,79.3922097142857,0,0,0,74.5623177142857,70.89141,26.1428568571429,26.8571428571429,5.0,,,,,135002,chikungunya
2019-09-08,201937,9.0,9,9,9,0.0132559175,0.3349944,0,1,230440020193719589,2023-08-20,Fortaleza,0.0,0.43349838,2686612,24.7142857142857,79.368024,0,0,0,74.0754547142857,68.9744028571429,26.0896105714286,27.0,3.0,,,,,135002,chikungunya
2019-09-01,201936,21.0,21,21,21,0.5189455,0.78165364,0,1,230440020193619589,2023-08-20,Fortaleza,0.0,1.0146745,2686612,25.1428571428571,80.8942828571429,0,0,0,74.9786577142857,69.7293978571429,26.12987,26.8571428571429,5.0,,,,,135002,chikungunya
2019-08-25,201935,22.0,22,22,22,0.71467996,0.8188752,0,1,230440020193519589,2023-08-20,Fortaleza,0.0,1.193486,2686612,24.7142857142857,76.1035414285714,0,0,0,71.65144,66.5246385714286,26.0000002857143,26.7142857142857,5.0,,,,,135002,chikungunya
2019-08-18,201934,22.0,22,22,22,0.8580879,0.8188752,0,1,230440020193419589,2023-08-20,Fortaleza,0.0,1.4171234,2686612,24.1428571428571,78.028914,0,0,0,73.541842,68.357,25.7272725714286,26.7142857142857,4.0,,,,,135002,chikungunya
2019-08-11,201933,19.0,19,19,19,0.80905825,0.7072104,0,1,230440020193319589,2023-08-20,Fortaleza,0.0,1.3526685,2686612,24.2857142857143,80.7464288571429,0,0,0,76.0383414285714,71.9920878571429,25.7922077142857,26.7142857142857,7.0,,,,,135002,chikungunya
2019-08-04,201932,15.0,15,15,15,0.4681849,0.55832404,0,1,230440020193219589,2023-08-20,Fortaleza,0.0,0.9718548,2686612,23.2857142857143,80.194283,0,0,0,73.846807,67.7115678571429,25.1428568571429,26.2857142857143,3.0,,,,,135002,chikungunya
2019-07-28,201931,12.0,12,12,12,0.1386292,0.4466592,0,1,230440020193119589,2023-08-20,Fortaleza,0.0,0.6729601,2686612,24.4285714285714,83.4798608571429,0,0,0,77.8664314285714,72.0532207142857,25.8181817142857,27.0,4.0,,,,,135002,chikungunya
2019-07-21,201930,14.0,14,14,14,0.20981833,0.5211024,0,1,230440020193019589,2023-08-20,Fortaleza,0.0,0.7552491,2686612,23.5714285714286,85.7722814285714,0,0,0,78.7698105714286,73.5501858571429,25.103896,26.1428571428571,5.0,,,,,135002,chikungunya
2019-07-14,201929,21.0,21,21,21,0.64984083,0.78165364,0,1,230440020192919589,2023-08-20,Fortaleza,0.0,1.1287897,2686612,24.7142857142857,85.6973865714286,0,0,0,79.2423234285714,74.564742,25.9480522857143,26.8571428571429,1.0,,,,,135002,chikungunya
2019-07-07,201928,18.0,18,18,18,0.4201672,0.6699888,0,1,230440020192819589,2023-08-20,Fortaleza,0.0,0.93675876,2686612,24.4285714285714,84.9619802857143,0,0,0,78.5928091428571,72.8319571428571,25.8571428571429,27.0,9.0,,,,,135002,chikungunya
2019-06-30,201927,18.0,18,18,18,0.32732517,0.6699888,0,1,230440020192719589,2023-08-20,Fortaleza,0.0,0.86732167,2686612,24.2857142857143,86.5154685714286,0,0,0,80.6301064285714,75.3924194285714,25.5454545714286,26.7142857142857,3.0,,,,,135002,chikungunya
2019-06-23,201926,20.0,20,20,20,0.34595346,0.74443203,0,1,230440020192619589,2023-08-20,Fortaleza,0.0,0.8865602,2686612,24.5714285714286,83.5202988571429,0,0,0,78.3933014285714,70.8795187142857,25.948052,27.0,3.0,,,,,135002,chikungunya
2019-06-16,201925,18.0,18,18,18,0.20791948,0.6699888,0,1,230440020192519589,2023-08-20,Fortaleza,0.0,0.7771907,2686612,24.1428571428571,88.900726,1,0,0,83.6120064285714,77.3024665714286,25.4935062857143,27.1428571428571,8.0,,,,,135002,chikungunya
2019-06-09,201924,27.0,27,27,27,0.5056274,1.0049832,0,1,230440020192419589,2023-08-20,Fortaleza,0.0,1.0038205,2686612,24.4285714285714,87.4455748571429,1,0,0,82.4755114285714,77.0020908571429,25.8593074285714,27.2857142857143,8.0,,,,,135002,chikungunya
2019-06-02,201923,21.0,21,21,21,0.033420756,0.78165364,0,1,230440020192319589,2023-08-20,Fortaleza,0.0,0.60907435,2686612,25.1428571428571,85.8428625714286,0,0,0,80.1411992857143,74.882325,26.7142854285714,27.8571428571429,5.0,,,,,135002,chikungunya
2019-05-26,201922,20.0,20,20,20,0.0039882953,0.74443203,0,2,230440020192219589,2023-08-20,Fortaleza,0.0,0.49695468,2686612,25.2857142857143,88.7249257142857,1,0,0,82.7090534285714,75.5685558571429,26.4415582857143,27.7142857142857,2.0,,,,,135002,chikungunya
2019-05-19,201921,42.0,42,42,42,0.4220188,1.5633073,0,2,230440020192119589,2023-08-20,Fortaleza,0.0,0.95860803,2686612,25.0,91.142973,1,0,0,86.4307684285714,80.2696794285714,26.0389605714286,27.1428571428571,4.0,,,,,135002,chikungunya
2019-05-12,201920,37.0,37,37,37,0.18782453,1.3771993,0,2,230440020192019589,2023-08-20,Fortaleza,0.0,0.8226957,2686612,25.7142857142857,88.75895,1,0,0,84.2559085714286,80.9030314285714,26.7142857142857,27.5714285714286,8.0,,,,,135002,chikungunya
2019-05-05,201919,48.0,48,48,48,0.57418877,1.7866368,0,2,230440020191919589,2023-08-20,Fortaleza,0.0,1.0391248,2686612,25.4285714285714,88.837671,1,0,0,83.2660872857143,78.9565661428571,26.6233765714286,27.8571428571429,15.0,,,,,135002,chikungunya
2019-04-28,201918,45.0,45,45,45,0.31737545,1.674972,0,2,230440020191819589,2023-08-20,Fortaleza,0.0,0.9072729,2686612,24.8571428571429,92.6621928571429,1,0,0,87.6260634285714,79.0354148571429,26.1323054285714,27.8571428571429,14.0,,,,,135002,chikungunya
2019-04-21,201917,43.0,43,43,43,0.18430498,1.6005288,0,2,230440020191719589,2023-08-20,Fortaleza,0.0,0.8316442,2686612,24.8571428571429,94.2628207142857,1,0,0,87.754886,80.4971084285714,25.9267164285714,27.4285714285714,15.0,,,,,135002,chikungunya
2019-04-14,201916,51.0,51,51,51,0.6565193,1.8983016,0,2,230440020191619589,2023-08-20,Fortaleza,0.0,1.0844692,2686612,24.8571428571429,95.0866885714286,1,0,0,88.7475751428571,79.9326622857143,25.8766237142857,27.5714285714286,15.0,,,,,135002,chikungunya
2019-04-07,201915,55.0,55,55,55,0.9746269,2.047188,0,2,230440020191519589,2023-08-20,Fortaleza,0.0,1.5082278,2686612,25.2857142857143,91.868855,1,0,0,84.3175451428571,76.3405052857143,26.5405845714286,27.8571428571429,21.0,,,,,135002,chikungunya
2019-03-31,201914,55.0,55,55,55,0.99819607,2.047188,0,2,230440020191419589,2023-08-20,Fortaleza,0.0,1.914471,2686612,24.4285714285714,93.4088835714286,1,0,0,88.9292605714286,83.0516362857143,25.5454545714286,26.7142857142857,14.0,,,,,135002,chikungunya
2019-03-24,201913,31.0,31,31,31,0.7399028,1.1538696,0,2,230440020191319589,2023-08-20,Fortaleza,0.0,1.184293,2686612,24.1428571428571,95.8626971428571,1,0,0,91.4643008571429,82.3342392857143,25.3116885714286,26.7142857142857,9.0,,,,,135002,chikungunya
2019-03-17,201912,26.0,26,26,26,0.5900838,0.96776164,0,2,230440020191219589,2023-08-20,Fortaleza,0.0,1.0657225,2686612,24.5714285714286,95.0978478571429,1,0,0,89.6657664285714,78.3531917142857,25.7012988571429,26.8571428571429,4.0,,,,,135002,chikungunya
2019-03-10,201911,26.0,26,26,26,0.7485925,0.96776164,0,2,230440020191119589,2023-08-20,Fortaleza,0.0,1.2132837,2686612,24.4285714285714,95.8626971428571,1,0,0,91.5132008571429,85.8444838571429,25.2987011428571,26.2857142857143,9.0,,,,,135002,chikungunya
2019-03-03,201910,28.0,28,28,28,0.8729525,1.0422049,0,2,230440020191019589,2023-08-20,Fortaleza,0.0,1.3881316,2686612,23.5714285714286,95.0268535714286,1,0,0,89.4032471428571,82.2898204285714,25.1298702857143,26.7142857142857,8.0,,,,,135002,chikungunya
2019-02-24,201909,18.0,18,18,18,0.33153054,0.6699888,0,2,230440020190919589,2023-08-20,Fortaleza,0.0,0.87042934,2686612,24.2857142857143,92.7645608571429,1,0,0,88.3497662857143,81.6179184285714,25.5194805714286,26.7142857142857,4.0,,,,,135002,chikungunya
2019-02-17,201908,20.0,20,20,20,0.39047897,0.74443203,0,2,230440020190819589,2023-08-20,Fortaleza,0.0,0.9183073,2686612,26.0,91.9146207142857,1,0,0,86.3973084285714,82.3688204285714,26.9480517142857,27.5714285714286,7.0,,,,,135002,chikungunya
2019-02-10,201907,21.0,21,21,21,0.38474327,0.78165364,0,2,230440020190719589,2023-08-20,Fortaleza,0.0,0.91609204,2686612,25.5714285714286,94.3561485714286,1,0,0,88.293488,83.8136111428571,26.9428571428571,28.1428571428571,5.0,,,,,135002,chikungunya
2019-02-03,201906,21.0,21,21,21,0.39881223,0.78165364,0,2,230440020190619589,2023-08-20,Fortaleza,0.0,0.9259935,2686612,25.5714285714286,95.93968,1,0,0,87.0050777142857,74.3841644285714,27.2446341428571,29.1428571428571,4.0,,,,,135002,chikungunya
2019-01-27,201905,24.0,24,24,24,0.65696216,0.8933184,0,2,230440020190519589,2023-08-20,Fortaleza,0.0,1.1264832,2686612,25.4285714285714,93.6654765714286,1,0,0,79.5143537142857,62.6068408571429,28.0773811428571,30.7142857142857,9.0,,,,,135002,chikungunya
2019-01-20,201904,25.0,25,25,25,0.8111698,0.93054,0,2,230440020190419589,2023-08-20,Fortaleza,0.0,1.3021688,2686612,25.2857142857143,92.0247931428571,1,0,0,78.7605608571429,62.0197532857143,27.8392857142857,30.5714285714286,11.0,,,,,135002,chikungunya
2019-01-13,201903,18.0,18,18,18,0.74500626,0.6699888,0,2,230440020190319589,2023-08-20,Fortaleza,0.0,1.2580827,2686612,24.4285714285714,100.0,1,0,0,88.1783135714286,76.599186,26.5142857142857,28.2857142857143,6.0,,,,,135002,chikungunya
2019-01-06,201902,25.0,25,25,25,0.9947301,0.93054,0,2,230440020190219589,2023-08-20,Fortaleza,0.0,2.4413738,2686612,25.4285714285714,91.9400314285714,1,0,0,86.2655357142857,80.2792105714286,26.5428571428571,27.4285714285714,9.0,,,,,135002,chikungunya
2018-12-30,201901,13.0,13,13,13,0.73921055,0.48388082,0,2,230440020190119589,2023-08-20,Fortaleza,0.0,1.3016585,2686612,26.4285714285714,87.3579152857143,1,0,0,81.7558828571429,78.2169311428571,27.1142857142857,27.5714285714286,3.0,,,,,135002,chikungunya
2018-12-23,201852,6.0,6,6,6,0.11818435,0.2233296,0,2,230440020185219589,2023-08-20,Fortaleza,0.0,0.56175077,2686612,24.7142857142857,89.6747637142857,1,0,0,81.9691814285714,72.7401298571429,26.2880951428571,28.4285714285714,2.0,,,,,135002,chikungunya
2018-12-16,201851,11.0,11,11,11,0.4957264,0.4094376,0,2,230440020185119589,2023-08-20,Fortaleza,0.0,0.99553305,2686612,25.4285714285714,88.0496217142857,1,0,0,75.3117978571428,59.932876,27.714286,30.1428571428571,4.0,,,,,135002,chikungunya
2018-12-09,201850,12.0,12,12,12,0.41551623,0.4466592,0,1,230440020185019589,2023-08-20,Fortaleza,0.0,0.91953266,2686612,25.4285714285714,87.4798615714286,1,0,0,74.7957387142857,58.9706897142857,27.9761902857143,30.8571428571429,5.0,,,,,135002,chikungunya
2018-12-02,201849,9.0,9,9,9,0.07821681,0.3349944,0,1,230440020184919589,2023-08-20,Fortaleza,0.0,0.56583846,2686612,26.2857142857143,100.768192285714,1,0,0,86.7295642857143,79.9783667142857,26.9523808571429,27.7142857142857,5.0,,,,,135002,chikungunya
2018-11-25,201848,12.0,12,12,12,0.19060327,0.4466592,0,1,230440020184819589,2023-08-20,Fortaleza,0.0,0.7226847,2686612,26.1428571428571,85.2899632857143,0,0,0,80.2075378571429,74.8889448571429,27.1142857142857,27.8571428571429,3.0,,,,,135002,chikungunya
2018-11-18,201847,18.0,18,18,18,0.65498704,0.6699888,0,1,230440020184719589,2023-08-20,Fortaleza,0.0,1.1454927,2686612,26.5714285714286,83.0040294285714,0,0,0,78.1022628571429,75.5183967142857,27.1428571428571,27.8571428571429,7.0,,,,,135002,chikungunya
2018-11-11,201846,19.0,19,19,19,0.7609012,0.7072104,0,1,230440020184619589,2023-08-20,Fortaleza,0.0,1.2730323,2686612,26.4285714285714,79.5003437142857,0,0,0,77.2017387142857,74.1717537142857,26.9142857142857,27.1428571428571,5.0,,,,,135002,chikungunya
2018-11-04,201845,12.0,12,12,12,0.3458489,0.4466592,0,1,230440020184519589,2023-08-20,Fortaleza,0.0,0.8578624,2686612,26.2857142857143,80.1477531428571,0,0,0,76.7884257142857,73.5084,26.9,27.1428571428571,0.0,,,,,135002,chikungunya
2018-10-28,201844,20.0,20,20,20,0.8372292,0.74443203,0,1,230440020184419589,2023-08-20,Fortaleza,0.0,1.3962914,2686612,26.1428571428571,81.5104534285714,0,0,0,77.974152,72.3891725714286,26.7792208571429,28.0,2.0,,,,,135002,chikungunya
2018-10-21,201843,8.0,8,8,8,0.091853105,0.2977728,0,1,230440020184319589,2023-08-20,Fortaleza,0.0,0.56787527,2686612,26.2857142857143,81.5106114285714,0,0,0,78.1360542857143,72.980304,26.792208,27.7142857142857,2.0,,,,,135002,chikungunya
2018-10-14,201842,19.0,19,19,19,0.80659056,0.7072104,0,1,230440020184219589,2023-08-20,Fortaleza,0.0,1.3481247,2686612,25.4285714285714,85.960054,0,0,0,74.2359354285714,59.2719064285714,27.400974,30.2857142857143,6.0,,,,,135002,chikungunya
2018-10-07,201841,12.0,12,12,12,0.2808806,0.4466592,0,1,230440020184119589,2023-08-20,Fortaleza,0.0,0.8019604,2686612,25.8571428571429,82.9470894285714,0,0,0,70.3565807142857,52.6046757142857,27.7976191428571,31.1428571428571,1.0,,,,,135002,chikungunya
2018-09-30,201840,14.0,14,14,14,0.35720086,0.5211024,0,1,230440020184019589,2023-08-20,Fortaleza,0.0,0.8763663,2686612,25.7142857142857,80.1747551428571,0,0,0,73.3105974285714,62.9915542857143,26.8436151428571,28.5714285714286,5.0,,,,,135002,chikungunya
2018-09-23,201839,15.0,15,15,15,0.45746112,0.55832404,0,1,230440020183919589,2023-08-20,Fortaleza,0.0,0.96260226,2686612,25.8571428571429,83.630608,0,0,0,79.9652822857143,74.2303002857143,26.1688314285714,27.0,4.0,,,,,135002,chikungunya
2018-09-16,201838,16.0,16,16,16,0.62509334,0.5955456,0,1,230440020183819589,2023-08-20,Fortaleza,0.0,1.1212249,2686612,24.7142857142857,83.6253545714286,0,0,0,78.2934764285714,72.7333235714286,25.8311685714286,26.8571428571429,3.0,,,,,135002,chikungunya
2018-09-09,201837,19.0,19,19,19,0.71558595,0.7072104,0,1,230440020183719589,2023-08-20,Fortaleza,0.0,1.2111868,2686612,24.7142857142857,79.3627337142857,0,0,0,75.7097314285714,70.3404347142857,25.7922077142857,26.2857142857143,5.0,,,,,135002,chikungunya
2018-09-02,201836,10.0,10,10,10,0.036645927,0.37221602,0,1,230440020183619589,2023-08-20,Fortaleza,0.0,0.5128271,2686612,24.4285714285714,83.607808,0,0,0,79.5728057142857,74.0643911428571,25.7012985714286,26.2857142857143,2.0,,,,,135002,chikungunya
2018-08-26,201835,15.0,15,15,15,0.09747631,0.55832404,0,1,230440020183519589,2023-08-20,Fortaleza,0.0,0.65625936,2686612,24.4285714285714,82.1402537142857,0,0,0,77.2358607142857,71.4295112857143,25.6753245714286,26.2857142857143,6.0,,,,,135002,chikungunya
2018-08-19,201834,20.0,20,20,20,0.31036386,0.74443203,0,1,230440020183419589,2023-08-20,Fortaleza,0.0,0.8613189,2686612,24.2857142857143,80.7507791428571,0,0,0,76.3708935714286,70.0787257142857,25.7402597142857,26.4285714285714,5.0,,,,,135002,chikungunya
2018-08-12,201833,24.0,24,24,24,0.6983773,0.8933184,0,1,230440020183319589,2023-08-20,Fortaleza,0.0,1.1670579,2686612,24.7142857142857,83.7381025714286,0,0,0,78.288488,71.3302734285714,26.1953462857143,27.5714285714286,2.0,,,,,135002,chikungunya
2018-08-05,201832,27.0,27,27,27,0.88352984,1.0049832,0,1,230440020183219589,2023-08-20,Fortaleza,0.0,1.4207637,2686612,24.8571428571429,88.062454,1,0,0,76.1118057142857,57.1699405714286,26.9761908571429,30.2857142857143,7.0,,,,,135002,chikungunya
2018-07-29,201831,19.0,19,19,19,0.42804578,0.7072104,0,1,230440020183119589,2023-08-20,Fortaleza,0.0,0.94423145,2686612,24.2857142857143,90.3381388571429,1,0,0,75.8115922857143,59.8326907142857,26.7075571428571,29.7142857142857,3.0,,,,,135002,chikungunya
2018-07-22,201830,16.0,16,16,16,0.18835261,0.5955456,0,1,230440020183019589,2023-08-20,Fortaleza,0.0,0.75006837,2686612,24.4285714285714,84.2947931428571,0,0,0,70.7304771428571,50.6250481428571,27.1547614285714,30.7142857142857,5.0,,,,,135002,chikungunya
2018-07-15,201829,22.0,22,22,22,0.53936106,0.8188752,0,1,230440020182919589,2023-08-20,Fortaleza,0.0,1.0301775,2686612,23.7142857142857,85.8112808571429,0,0,0,74.2868437142857,58.445134,26.3685065714286,29.0,8.0,,,,,135002,chikungunya
2018-07-08,201828,21.0,21,21,21,0.4269426,0.78165364,0,1,230440020182819589,2023-08-20,Fortaleza,0.0,0.94600123,2686612,24.0,93.561818,1,0,0,87.3222007142857,81.609103,25.2207791428571,26.1428571428571,4.0,,,,,135002,chikungunya
2018-07-01,201827,24.0,24,24,24,0.45926672,0.8933184,0,1,230440020182719589,2023-08-20,Fortaleza,0.0,0.97135615,2686612,24.4285714285714,88.8144208571429,1,0,0,84.1048842857143,78.7534882857143,25.6753248571429,26.7142857142857,7.0,,,,,135002,chikungunya
2018-06-24,201826,15.0,15,15,15,0.06632548,0.55832404,0,1,230440020182619589,2023-08-20,Fortaleza,0.0,0.617834,2686612,23.8571428571429,85.0513147142857,0,0,0,79.8933185714286,73.4158664285714,25.3636362857143,26.2857142857143,3.0,,,,,135002,chikungunya
2018-06-17,201825,33.0,33,33,33,0.905101,1.2283128,0,2,230440020182519589,2023-08-20,Fortaleza,0.0,1.4185547,2686612,24.1428571428571,89.6052831428571,1,0,0,83.462812,76.6316054285714,25.7012985714286,26.7142857142857,9.0,,,,,135002,chikungunya
2018-06-10,201824,22.0,22,22,22,0.32793,0.8188752,0,2,230440020182419589,2023-08-20,Fortaleza,0.0,0.8790179,2686612,24.0,87.8935585714286,1,0,0,81.4628328571429,76.6189142857143,25.7662337142857,26.8571428571429,7.0,,,,,135002,chikungunya
2018-06-03,201823,22.0,22,22,22,0.1679475,0.8188752,0,2,230440020182319589,2023-08-20,Fortaleza,0.0,0.7641148,2686612,24.7142857142857,95.1725165714286,1,0,0,88.1947314285714,82.9908617142857,25.6753245714286,26.2857142857143,4.0,,,,,135002,chikungunya
2018-05-27,201822,23.0,23,23,23,0.094913885,0.8560968,0,2,230440020182219589,2023-08-20,Fortaleza,0.0,0.70368505,2686612,25.0,91.8801964285714,1,0,0,84.3321628571429,78.8124435714286,26.3246754285714,27.1428571428571,4.0,,,,,135002,chikungunya
2018-05-20,201821,31.0,31,31,31,0.20313352,1.1538696,0,2,230440020182119589,2023-08-20,Fortaleza,0.0,0.81916964,2686612,25.0,95.1844922857143,1,0,0,85.9005971428571,75.3295241428571,26.5638525714286,28.1428571428571,12.0,,,,,135002,chikungunya
2018-05-13,201820,31.0,31,31,31,0.08072552,1.1538696,0,2,230440020182019589,2023-08-20,Fortaleza,0.0,0.7218366,2686612,24.7142857142857,95.1039007142857,1,0,0,80.423238,62.5542118571429,27.4761905714286,30.8571428571429,12.0,,,,,135002,chikungunya
2018-05-06,201819,36.0,36,36,36,0.063247144,1.3399776,0,2,230440020181919589,2023-08-20,Fortaleza,0.0,0.7189053,2686612,24.0,100.0,1,0,0,84.9604342857143,63.5103887142857,26.6369042857143,30.5714285714286,9.0,,,,,135002,chikungunya
2018-04-29,201818,50.0,50,50,50,0.066351816,1.86108,0,2,230440020181819589,2023-08-20,Fortaleza,0.0,0.75623435,2686612,24.5714285714286,96.6925528571429,1,0,0,80.3195942857143,60.3924607142857,27.589286,31.0,19.0,,,,,135002,chikungunya
2018-04-22,201817,35.0,35,35,35,7.102852e-06,1.3027561,0,2,230440020181719589,2023-08-20,Fortaleza,0.0,0.43253767,2686612,24.8571428571429,95.0447528571429,1,0,0,80.0673528571429,61.4039262857143,27.6071434285714,30.8571428571429,13.0,,,,,135002,chikungunya
2018-04-15,201816,69.0,69,69,69,0.15177426,2.5682905,0,2,230440020181619589,2023-08-20,Fortaleza,0.0,0.84576494,2686612,24.2857142857143,95.89915,1,0,0,89.7401701428571,81.1453385714286,25.6829002857143,27.1428571428571,20.0,,,,,135002,chikungunya
2018-04-08,201815,92.0,92,92,92,0.93726116,3.4243872,0,2,230440020181519589,2023-08-20,Fortaleza,0.0,1.2702572,2686612,23.8571428571429,96.6745242857143,1,0,0,91.2326484285714,79.9817152857143,25.1298702857143,27.4285714285714,37.0,,,,,135002,chikungunya
2018-04-01,201814,90.0,90,90,90,0.96682924,3.349944,0,2,230440020181419589,2023-08-20,Fortaleza,0.0,1.3414922,2686612,25.0,97.5283964285714,1,0,0,90.4110011428571,84.4722928571429,26.285714,27.2857142857143,31.0,,,,,135002,chikungunya
2018-03-25,201813,66.0,66,66,66,0.4304131,2.4566257,0,2,230440020181319589,2023-08-20,Fortaleza,0.0,0.97025526,2686612,24.7142857142857,99.1761321428571,1,0,0,92.2077085714286,85.4310167142857,25.7792208571429,27.1428571428571,24.0,,,,,135002,chikungunya
2018-03-18,201812,63.0,63,63,63,0.30290306,2.344961,0,2,230440020181219589,2023-08-20,Fortaleza,0.0,0.9142706,2686612,26.2857142857143,89.7106371428571,1,0,0,81.8380835714286,76.980221,27.4025974285714,28.1428571428571,21.0,,,,,135002,chikungunya
2018-03-11,201811,70.0,70,70,70,0.5996312,2.6055121,0,2,230440020181119589,2023-08-20,Fortaleza,0.0,1.0439297,2686612,26.1428571428571,89.672488,1,0,0,83.2444165714286,77.6364787142857,27.3246751428571,28.0,35.0,,,,,135002,chikungunya
2018-03-04,201810,72.0,72,72,72,0.7595366,2.6799552,0,2,230440020181019589,2023-08-20,Fortaleza,0.0,1.1282815,2686612,25.5714285714286,93.601893,1,0,0,86.0311965714286,80.2392608571429,26.792208,27.7142857142857,26.0,,,,,135002,chikungunya
2018-02-25,201809,66.0,66,66,66,0.6743906,2.4566257,0,2,230440020180919589,2023-08-20,Fortaleza,0.0,1.0833108,2686612,24.7142857142857,95.9217807142857,1,0,0,84.8725531428571,72.7433462857143,26.7705628571429,28.8571428571429,31.0,,,,,135002,chikungunya
2018-02-18,201808,67.0,67,67,67,0.7031877,2.4938474,0,2,230440020180819589,2023-08-20,Fortaleza,0.0,1.0986445,2686612,24.1428571428571,99.1701442857143,1,0,0,92.5893557142857,85.509073,25.3344154285714,26.7142857142857,27.0,,,,,135002,chikungunya
2018-02-11,201807,56.0,56,56,56,0.24282762,2.0844097,0,2,230440020180719589,2023-08-20,Fortaleza,0.0,0.880561,2686612,23.5714285714286,98.3342357142857,1,0,0,91.9360514285714,86.8275965714286,24.6714285714286,25.7142857142857,23.0,,,,,135002,chikungunya
2018-02-04,201806,63.0,63,63,63,0.3497847,2.344961,0,2,230440020180619589,2023-08-20,Fortaleza,0.0,0.93482774,2686612,26.0,91.2651938571429,1,0,0,85.3767977142857,79.073289,27.0273808571429,28.0,22.0,,,,,135002,chikungunya
2018-01-28,201805,60.0,60,60,60,0.2504812,2.2332962,0,1,230440020180519589,2023-08-20,Fortaleza,0.0,0.88791394,2686612,25.8571428571429,88.8876154285714,1,0,0,81.1363922857143,74.4170294285714,26.9166665714286,28.2857142857143,23.0,,,,,135002,chikungunya
2018-01-21,201804,71.0,71,71,71,0.7423066,2.6427336,0,1,230440020180419589,2023-08-20,Fortaleza,0.0,1.1184266,2686612,25.8571428571429,87.3973801428571,1,0,0,82.006675,77.5011857142857,26.7571428571429,27.2857142857143,29.0,,,,,135002,chikungunya
2018-01-14,201803,73.0,73,73,73,0.91384387,2.717177,0,1,230440020180319589,2023-08-20,Fortaleza,0.0,1.2700391,2686612,25.2857142857143,85.3597227142857,0,0,0,77.4652044285714,72.5011234285714,26.9892857142857,28.1428571428571,31.0,,,,,135002,chikungunya
2018-01-07,201802,59.0,59,59,59,0.7765909,2.1960745,0,1,230440020180219589,2023-08-20,Fortaleza,0.0,1.1556579,2686612,24.7142857142857,83.6559997142857,0,0,0,78.941362,75.4115208571429,26.1428571428571,27.0,28.0,,,,,135002,chikungunya
2017-12-31,201801,66.0,66,66,66,0.8934773,2.4566257,0,1,230440020180119589,2023-08-20,Fortaleza,0.0,1.2569809,2686612,26.5714285714286,80.847216,0,0,0,78.6217005714286,75.487536,26.9714285714286,27.4285714285714,26.0,,,,,135002,chikungunya
2017-12-24,201752,42.0,42,42,42,0.0577972,1.5633073,0,1,230440020175219589,2023-08-20,Fortaleza,0.0,0.729092,2686612,26.1428571428571,83.6556594285714,0,0,0,79.7594065714286,78.1409508571429,26.9142857142857,27.2857142857143,13.0,,,,,135002,chikungunya
2017-12-17,201751,45.0,45,45,45,0.10317805,1.674972,0,1,230440020175119589,2023-08-20,Fortaleza,0.0,0.77935815,2686612,26.5714285714286,80.9569448571429,0,0,0,75.5832022857143,72.0107861428571,27.125,27.8571428571429,18.0,,,,,135002,chikungunya
2017-12-10,201750,75.0,75,75,75,0.9178957,2.79162,0,1,230440020175019589,2023-08-20,Fortaleza,0.0,1.2718594,2686612,26.4285714285714,79.4441531428571,0,0,0,76.6859208571429,74.1717537142857,26.8857142857143,27.2857142857143,28.0,,,,,135002,chikungunya
2017-12-03,201749,44.0,44,44,44,0.047423143,1.6377504,0,1,230440020174919589,2023-08-20,Fortaleza,0.0,0.7211813,2686612,26.2857142857143,79.4642345714286,0,0,0,76.6269742857143,70.6252772857143,27.1680272857143,28.1428571428571,29.0,,,,,135002,chikungunya
2017-11-26,201748,67.0,67,67,67,0.4658111,2.4938474,0,1,230440020174819589,2023-08-20,Fortaleza,0.0,0.9853832,2686612,26.0,79.4912365714286,0,0,0,69.9981021428571,56.7432711428571,28.035714,31.0,25.0,,,,,135002,chikungunya
2017-11-19,201747,58.0,58,58,58,0.04203436,2.1588528,0,1,230440020174719589,2023-08-20,Fortaleza,0.0,0.7430981,2686612,25.7142857142857,82.2723525714286,0,0,0,70.18519,56.174585,27.7916665714286,30.7142857142857,25.0,,,,,135002,chikungunya
2017-11-12,201746,57.0,57,57,57,0.030116877,2.1216311,0,1,230440020174619589,2023-08-20,Fortaleza,0.0,0.7235242,2686612,25.5,81.158405,0,0,0,69.6615,56.8294385,27.541666,30.5,21.0,,,,,135002,chikungunya
2017-11-05,201745,95.0,95,95,95,0.91343427,3.536052,0,1,230440020174519589,2023-08-20,Fortaleza,0.0,1.2308162,2686612,,81.0225645,0,0,0,,,,,42.0,,,,,135002,chikungunya
2017-10-29,201744,80.0,80,80,80,0.42157307,2.9777281,0,1,230440020174419589,2023-08-20,Fortaleza,0.0,0.9695092,2686612,,80.886724,0,0,0,,,,,39.0,,,,,135002,chikungunya
2017-10-22,201743,64.0,64,64,64,0.026999302,2.3821824,0,1,230440020174319589,2023-08-20,Fortaleza,0.0,0.7304977,2686612,,80.7508835,0,0,0,,,,,28.0,,,,,135002,chikungunya
2017-10-15,201742,91.0,91,91,91,0.38461384,3.3871658,0,1,230440020174219589,2023-08-20,Fortaleza,0.0,0.957975,2686612,,80.615043,0,0,0,,,,,27.0,,,,,135002,chikungunya
2017-10-08,201741,88.0,88,88,88,0.012707297,3.2755008,0,1,230440020174119589,2023-08-20,Fortaleza,0.0,0.7326394,2686612,,80.4792025,0,0,0,,,,,23.0,,,,,135002,chikungunya
2017-10-01,201740,86.0,86,86,86,3.8269476e-08,3.2010577,0,1,230440020174019589,2023-08-20,Fortaleza,0.0,0.50217974,2686612,,80.343362,0,0,0,,,,,47.0,,,,,135002,chikungunya
2017-09-24,201739,101.0,101,101,101,3.4527936e-14,3.7593818,0,1,230440020173919589,2023-08-20,Fortaleza,0.0,0.42710808,2686612,,80.2075215,0,0,0,,,,,46.0,,,,,135002,chikungunya
2017-09-17,201738,166.0,166,166,166,3.291865e-08,6.178786,0,1,230440020173819589,2023-08-20,Fortaleza,0.0,0.5944338,2686612,,80.071681,0,0,0,,,,,46.0,,,,,135002,chikungunya
2017-09-10,201737,232.0,232,232,232,0.01697291,8.635411,0,1,230440020173719589,2023-08-20,Fortaleza,0.0,0.8288446,2686612,,79.9358405,0,0,1,,,,,67.0,,,,,135002,chikungunya
2017-09-03,201736,346.0,346,346,346,0.99266666,12.878674,0,1,230440020173619589,2023-08-20,Fortaleza,0.0,1.2149134,2686612,23.8,79.8,0,1,1,71.870237,61.4,25.6099208,26.8,54.0,,,,,135002,chikungunya
2017-08-27,201735,246.0,246,246,246,0.0001796186,9.156514,0,1,230440020173519589,2023-08-20,Fortaleza,0.0,0.7420044,2686612,24.8571428571429,78.1428571428571,0,0,1,72.8472224285714,64.4285714285714,25.8869045714286,26.5714285714286,53.0,,,,,135002,chikungunya
2017-08-20,201734,284.0,284,284,284,6.9853905e-07,10.570934,0,1,230440020173419589,2023-08-20,Fortaleza,0.0,0.69140726,2686612,24.4285714285714,77.7142857142857,0,0,1,74.4345234285714,66.2857142857143,25.5416665714286,26.2857142857143,96.0,,,,,135002,chikungunya
2017-08-13,201733,271.0,271,271,271,3.330669e-15,10.087054,0,1,230440020173319589,2023-08-20,Fortaleza,0.0,0.56070036,2686612,24.4285714285714,84.7142857142857,0,0,1,79.0535714285714,72.0,25.4285714285714,26.0,101.0,,,,,135002,chikungunya
2017-08-06,201732,476.0,476,476,476,0.002020773,17.717482,0,1,230440020173219589,2023-08-20,Fortaleza,0.0,0.8368063,2686612,24.2857142857143,79.5714285714286,0,0,1,74.2876977142857,67.1428571428571,25.4880951428571,26.1428571428571,167.0,,,,,135002,chikungunya
2017-07-30,201731,437.0,437,437,437,3.4441339e-12,16.26584,0,1,230440020173119589,2023-08-20,Fortaleza,0.0,0.6584411,2686612,23.7142857142857,81.1428571428571,0,0,1,77.30754,70.7142857142857,25.0833334285714,26.1428571428571,224.0,,,,,135002,chikungunya
2017-07-23,201730,577.0,577,577,577,7.5373505e-06,21.476864,0,1,230440020173019589,2023-08-20,Fortaleza,0.0,0.78672415,2686612,23.5714285714286,84.7142857142857,0,0,1,80.7817457142857,74.5714285714286,24.5694447142857,25.8571428571429,223.0,,,,,135002,chikungunya
2017-07-16,201729,666.0,666,666,666,0.0028777022,24.789587,0,1,230440020172919589,2023-08-20,Fortaleza,0.0,0.8642764,2686612,23.8571428571429,87.1428571428571,1,0,1,81.8293657142857,76.1428571428571,24.6825398571429,25.5714285714286,323.0,,,,,135002,chikungunya
2017-07-09,201728,790.0,790,790,790,0.073880255,29.405066,0,1,230440020172819589,2023-08-20,Fortaleza,0.0,0.9309757,2686612,24.0,81.0,0,0,1,75.2023805714286,68.5714285714286,25.1011905714286,26.1428571428571,290.0,,,,,135002,chikungunya
2017-07-02,201727,742.0,742,742,742,3.4739989e-12,27.618427,0,1,230440020172719589,2023-08-20,Fortaleza,0.0,0.7203807,2686612,23.8571428571429,85.8571428571429,0,0,1,81.2281742857143,75.7142857142857,24.7896827142857,26.1428571428571,412.0,,,,,135002,chikungunya
2017-06-25,201726,773.0,773,773,773,0.0,28.772297,0,1,230440020172619589,2023-08-20,Fortaleza,0.0,0.5607646,2686612,24.8571428571429,86.5714285714286,0,0,1,81.4186514285714,76.2857142857143,25.7757935714286,26.2857142857143,534.0,,,,,135002,chikungunya
2017-06-18,201725,1019.0,1019,1019,1019,0.0,37.92881,0,1,230440020172519589,2023-08-20,Fortaleza,0.0,0.51394445,2686612,24.7142857142857,86.4285714285714,0,0,1,81.9087314285714,75.4285714285714,25.644841,26.5714285714286,748.0,,,,,135002,chikungunya
2017-06-11,201724,1159.0,1159,1159,1159,0.0,43.139835,0,1,230440020172419589,2023-08-20,Fortaleza,0.0,0.41079178,2686612,24.5714285714286,88.0,1,0,1,80.9919264285714,73.0,25.9857005714286,27.5714285714286,1061.0,,,,,135002,chikungunya
2017-06-04,201723,1913.0,1913,1913,1913,0.0,71.204926,0,4,230440020172319589,2023-08-20,Fortaleza,0.0,0.487321,2686612,24.8571428571429,83.4285714285714,0,0,2,79.32738,72.0,26.0119048571429,27.7142857142857,1713.0,,,,,135002,chikungunya
2017-05-28,201722,2745.0,2745,2745,2745,0.0,102.173294,0,4,230440020172219589,2023-08-20,Fortaleza,0.0,0.52853656,2686612,24.7142857142857,92.4285714285714,1,0,2,89.2214285714286,85.0,25.3285714285714,25.8571428571429,2481.0,,,,,135002,chikungunya
2017-05-21,201721,3598.0,3598,3598,3598,0.0,133.92332,0,4,230440020172119589,2023-08-20,Fortaleza,0.0,0.5784123,2686612,25.5714285714286,86.7142857142857,0,0,2,83.0958057142857,78.4285714285714,26.2307254285714,27.0,3248.0,,,,,135002,chikungunya
2017-05-14,201720,5585.0,5585,5585,5585,0.0,207.88264,0,4,230440020172019589,2023-08-20,Fortaleza,0.0,0.8395744,2686612,25.7142857142857,89.7142857142857,1,0,2,83.2923404285714,76.8571428571429,26.8271564285714,27.8571428571429,4926.0,,,,,135002,chikungunya
2017-05-07,201719,6237.0,6237,6237,6237,0.010569055,232.15112,0,4,230440020171919589,2023-08-20,Fortaleza,0.0,0.9599595,2686612,25.5714285714286,92.0,1,0,2,87.0127557142857,81.4285714285714,26.5841835714286,27.5714285714286,5607.0,,,,,135002,chikungunya
2017-04-30,201718,7608.0,7608,7608,7608,1.0,283.18195,0,4,230440020171819589,2023-08-20,Fortaleza,0.0,1.2173463,2686612,24.8571428571429,94.1428571428571,1,1,2,86.9131771428571,80.0,26.278941,27.7142857142857,6842.0,,,,,135002,chikungunya
2017-04-23,201717,5825.0,5825,5825,5825,0.71548384,216.81583,0,4,230440020171719589,2023-08-20,Fortaleza,0.0,1.010636,2686612,25.2857142857143,94.4285714285714,1,0,2,89.3146822857143,83.2857142857143,26.4200677142857,27.2857142857143,5429.0,,,,,135002,chikungunya
2017-04-16,201716,6863.0,6863,6863,6863,1.0,255.45184,0,4,230440020171619589,2023-08-20,Fortaleza,0.0,1.3548802,2686612,25.7142857142857,93.2857142857143,1,1,2,87.98441,82.1428571428571,26.7140024285714,27.8571428571429,6525.0,,,,,135002,chikungunya
2017-04-09,201715,5780.0,5780,5780,5780,1.0,215.14085,0,4,230440020171519589,2023-08-20,Fortaleza,0.0,1.3828053,2686612,25.0,93.8571428571429,1,1,2,88.7435785714286,74.7142857142857,26.0103682857143,27.1428571428571,5628.0,,,,,135002,chikungunya
2017-04-02,201714,5035.0,5035,5035,5035,1.0,187.41077,0,4,230440020171419589,2023-08-20,Fortaleza,0.0,1.6360266,2686612,25.2857142857143,93.4285714285714,1,1,2,87.4538872857143,79.8571428571429,26.2487684285714,27.4285714285714,4862.0,,,,,135002,chikungunya
2017-03-26,201713,4663.0,4663,4663,4663,1.0,173.56433,0,4,230440020171319589,2023-08-20,Fortaleza,0.0,2.2393794,2686612,25.0,95.7142857142857,1,1,2,91.5809522857143,86.7142857142857,25.9214285714286,27.2857142857143,4381.0,,,,,135002,chikungunya
2017-03-19,201712,2777.0,2777,2777,2777,1.0,103.36439,0,4,230440020171219589,2023-08-20,Fortaleza,0.0,2.0860925,2686612,24.7142857142857,94.2857142857143,1,1,2,90.5498314285714,85.0,25.6204101428571,26.5714285714286,2504.0,,,,,135002,chikungunya
2017-03-12,201711,2072.0,2072,2072,2072,1.0,77.12315,0,3,230440020171119589,2023-08-20,Fortaleza,0.0,2.524518,2686612,25.0,95.0,1,1,2,88.4002255714286,80.7142857142857,25.9613622857143,27.2857142857143,1933.0,,,,,135002,chikungunya
2017-03-05,201710,1203.0,1203,1203,1203,1.0,44.777588,0,3,230440020171019589,2023-08-20,Fortaleza,0.0,2.269205,2686612,25.0,93.4285714285714,1,1,1,88.0236005714286,81.2857142857143,26.3071924285714,27.5714285714286,1118.0,,,,,135002,chikungunya
2017-02-26,201709,719.0,719,719,719,1.0,26.762331,0,3,230440020170919589,2023-08-20,Fortaleza,0.0,1.8161426,2686612,24.0,96.5714285714286,1,1,1,92.5039691428571,85.0,25.0170067142857,26.4285714285714,714.0,,,,,135002,chikungunya
2017-02-19,201708,449.0,449,449,449,0.9999927,16.7125,0,3,230440020170819589,2023-08-20,Fortaleza,0.0,1.36705,2686612,25.1428571428571,93.4285714285714,1,1,1,87.1720514285714,79.1428571428571,26.0566894285714,26.8571428571429,406.0,,,,,135002,chikungunya
2017-02-12,201707,386.0,386,386,386,0.9999913,14.367538,0,3,230440020170719589,2023-08-20,Fortaleza,0.0,1.3995504,2686612,25.2857142857143,89.7142857142857,1,1,1,85.98593,80.0,25.8496542857143,26.8571428571429,312.0,,,,,135002,chikungunya
2017-02-05,201706,322.0,322,322,322,0.9999986,11.985355,0,3,230440020170619589,2023-08-20,Fortaleza,0.0,1.5050321,2686612,25.7142857142857,88.2857142857143,1,1,1,82.4031251428571,76.5714285714286,26.9534854285714,27.7142857142857,239.0,,,,,135002,chikungunya
2017-01-29,201705,287.0,287,287,287,1.0,10.682599,0,3,230440020170519589,2023-08-20,Fortaleza,0.0,1.9503385,2686612,26.1428571428571,85.4285714285714,0,1,1,80.9655171428571,75.8571428571429,26.7902887142857,27.5714285714286,214.0,,,,,135002,chikungunya
2017-01-22,201704,228.0,228,228,228,1.0,8.486525,0,2,230440020170419589,2023-08-20,Fortaleza,0.0,2.2274954,2686612,25.5714285714286,89.0,1,1,1,81.9755437142857,73.7142857142857,26.7419951428571,27.8571428571429,155.0,,,,,135002,chikungunya
2017-01-15,201703,130.0,130,130,130,0.9991283,4.838808,0,1,230440020170319589,2023-08-20,Fortaleza,0.0,1.5399058,2686612,25.1428571428571,88.8571428571429,1,0,0,82.8632648571429,75.2857142857143,26.3527211428571,27.2857142857143,106.0,,,,,135002,chikungunya
2017-01-08,201702,79.0,79,79,79,0.531107,2.9405065,0,1,230440020170219589,2023-08-20,Fortaleza,0.0,1.0125022,2686612,25.0,88.7142857142857,1,0,0,83.3635685714286,77.0,25.9100528571429,26.5714285714286,55.0,,,,,135002,chikungunya
2017-01-01,201701,97.0,97,97,97,0.8995521,3.6104953,0,1,230440020170119589,2023-08-20,Fortaleza,0.0,1.2119629,2686612,26.2857142857143,86.7142857142857,0,0,0,79.1232991428571,68.8571428571429,27.1607144285714,28.1428571428571,71.0,,,,,135002,chikungunya
2016-12-25,201652,59.0,59,59,59,0.014814598,2.1960745,0,1,230440020165219589,2023-08-20,Fortaleza,0.0,0.6945432,2686612,26.0,83.8571428571429,0,0,0,76.3163257142857,65.8571428571429,27.260204,28.2857142857143,32.0,,,,,135002,chikungunya
2016-12-18,201651,92.0,92,92,92,0.4108439,3.4243872,0,1,230440020165119589,2023-08-20,Fortaleza,0.0,0.96765053,2686612,26.0,83.8571428571429,0,0,0,76.3877557142857,66.8571428571429,27.1496597142857,28.1428571428571,61.0,,,,,135002,chikungunya
2016-12-11,201650,75.0,75,75,75,0.0046676146,2.79162,0,1,230440020165019589,2023-08-20,Fortaleza,0.0,0.68065864,2686612,26.1428571428571,82.8571428571429,0,0,0,78.1148828571429,72.4285714285714,26.8628607142857,27.4285714285714,53.0,,,,,135002,chikungunya
2016-12-04,201649,96.0,96,96,96,0.032754097,3.5732737,0,1,230440020164919589,2023-08-20,Fortaleza,0.0,0.77934843,2686612,25.8571428571429,82.4285714285714,0,0,0,77.6403057142857,70.8571428571429,26.5510204285714,27.2857142857143,64.0,,,,,135002,chikungunya
2016-11-27,201648,106.0,106,106,106,0.08348816,3.9454896,0,1,230440020164819589,2023-08-20,Fortaleza,0.0,0.8343503,2686612,26.2857142857143,79.4285714285714,0,0,0,71.7661548571429,60.2857142857143,27.3928572857143,29.2857142857143,67.0,,,,,135002,chikungunya
2016-11-20,201647,138.0,138,138,138,0.6305366,5.136581,0,1,230440020164719589,2023-08-20,Fortaleza,0.0,1.0412971,2686612,26.2857142857143,79.4285714285714,0,0,0,75.1632657142857,67.5714285714286,26.9336735714286,27.5714285714286,79.0,,,,,135002,chikungunya
2016-11-13,201646,123.0,123,123,123,0.014105611,4.578257,0,1,230440020164619589,2023-08-20,Fortaleza,0.0,0.7697405,2686612,25.8571428571429,82.5714285714286,0,0,0,77.2245842857143,69.0,26.7191987142857,27.8571428571429,85.0,,,,,135002,chikungunya
2016-11-06,201645,129.0,129,129,129,6.625408e-05,4.8015866,0,1,230440020164519589,2023-08-20,Fortaleza,0.0,0.6523917,2686612,25.8571428571429,82.7142857142857,0,0,0,76.2508491428571,67.8571428571429,26.7257178571429,28.1428571428571,88.0,,,,,135002,chikungunya
2016-10-30,201644,120.0,120,120,120,3.8959806e-06,4.4665923,0,1,230440020164419589,2023-08-20,Fortaleza,0.0,0.60188514,2686612,25.7142857142857,79.4285714285714,0,0,0,72.1709181428571,62.8571428571429,26.7091838571429,27.5714285714286,85.0,,,,,135002,chikungunya
2016-10-23,201643,257.0,257,257,257,0.9997774,9.565951,0,1,230440020164319589,2023-08-20,Fortaleza,0.0,1.4002694,2686612,25.7142857142857,80.5714285714286,0,1,1,74.4742057142857,67.4285714285714,26.3591271428571,27.1428571428571,84.0,,,,,135002,chikungunya
2016-10-16,201642,207.0,207,207,207,0.79279935,7.704871,0,1,230440020164219589,2023-08-20,Fortaleza,0.0,1.0852355,2686612,25.5714285714286,80.0,0,0,1,75.5,68.5714285714286,26.364796,27.5714285714286,119.0,,,,,135002,chikungunya
2016-10-09,201641,153.0,153,153,153,0.0013551482,5.694905,0,1,230440020164119589,2023-08-20,Fortaleza,0.0,0.7287556,2686612,25.5714285714286,75.0,0,0,0,70.6150792857143,62.8571428571429,26.405612,27.4285714285714,117.0,,,,,135002,chikungunya
2016-10-02,201640,186.0,186,186,186,0.017926807,6.923218,0,1,230440020164019589,2023-08-20,Fortaleza,0.0,0.81346095,2686612,25.2857142857143,82.7142857142857,0,0,1,74.670918,63.1428571428571,26.5728454285714,28.7142857142857,134.0,,,,,135002,chikungunya
2016-09-25,201639,234.0,234,234,234,0.14694636,8.709855,0,1,230440020163919589,2023-08-20,Fortaleza,0.0,0.90965766,2686612,25.5714285714286,79.0,0,0,1,73.2088907142857,64.7142857142857,26.3739678571429,27.8571428571429,157.0,,,,,135002,chikungunya
2016-09-18,201638,193.0,193,193,193,8.36003e-06,7.183769,0,1,230440020163819589,2023-08-20,Fortaleza,0.0,0.67266977,2686612,25.4285714285714,80.8571428571429,0,0,1,75.6507935714286,69.4285714285714,26.1031742857143,27.0,142.0,,,,,135002,chikungunya
2016-09-11,201637,285.0,285,285,285,0.041231096,10.608156,0,1,230440020163719589,2023-08-20,Fortaleza,0.0,0.8690433,2686612,25.0,83.4285714285714,0,0,1,77.6615648571429,70.4285714285714,25.8639454285714,26.7142857142857,231.0,,,,,135002,chikungunya
2016-09-04,201636,270.0,270,270,270,8.525529e-06,10.049832,0,1,230440020163619589,2023-08-20,Fortaleza,0.0,0.71194434,2686612,25.0,76.2857142857143,0,0,1,72.1048757142857,63.8571428571429,25.7993195714286,26.4285714285714,215.0,,,,,135002,chikungunya
2016-08-28,201635,316.0,316,316,316,6.136669e-05,11.762026,0,1,230440020163519589,2023-08-20,Fortaleza,0.0,0.7524593,2686612,24.8571428571429,79.7142857142857,0,0,1,70.7517014285714,57.7142857142857,26.496032,28.2857142857143,263.0,,,,,135002,chikungunya
2016-08-21,201634,396.0,396,396,396,0.014608993,14.739754,0,1,230440020163419589,2023-08-20,Fortaleza,0.0,0.86138254,2686612,24.2857142857143,83.4285714285714,0,0,1,75.2567612857143,65.0,25.8271482857143,26.8571428571429,338.0,,,,,135002,chikungunya
2016-08-14,201633,433.0,433,433,433,0.0010522638,16.116953,0,1,230440020163319589,2023-08-20,Fortaleza,0.0,0.81973666,2686612,24.4285714285714,85.5714285714286,0,0,1,78.1793242857143,70.2857142857143,25.5665704285714,26.5714285714286,368.0,,,,,135002,chikungunya
2016-08-07,201632,427.0,427,427,427,1.2828113e-09,15.893623,0,1,230440020163219589,2023-08-20,Fortaleza,0.0,0.689768,2686612,24.4285714285714,82.8571428571429,0,0,1,74.9846944285714,66.7142857142857,25.6156468571429,26.4285714285714,373.0,,,,,135002,chikungunya
2016-07-31,201631,521.0,521,521,521,5.6892335e-09,19.392454,0,1,230440020163119589,2023-08-20,Fortaleza,0.0,0.72186625,2686612,23.7142857142857,80.8571428571429,0,0,1,73.2303458571429,61.1428571428571,25.5510205714286,27.4285714285714,441.0,,,,,135002,chikungunya
2016-07-24,201630,629.0,629,629,629,1.9348692e-08,23.412388,0,1,230440020163019589,2023-08-20,Fortaleza,0.0,0.7495277,2686612,23.8571428571429,81.4285714285714,0,0,1,72.712586,62.7142857142857,25.6184811428571,27.0,489.0,,,,,135002,chikungunya
2016-07-17,201629,695.0,695,695,695,1.403988e-11,25.869013,0,1,230440020162919589,2023-08-20,Fortaleza,0.0,0.71978056,2686612,24.4285714285714,84.7142857142857,0,0,1,78.6947277142857,71.1428571428571,25.7318598571429,26.7142857142857,569.0,,,,,135002,chikungunya
2016-07-10,201628,862.0,862,862,862,1.6229085e-07,32.085022,0,1,230440020162819589,2023-08-20,Fortaleza,0.0,0.7928296,2686612,24.8571428571429,83.4285714285714,0,0,1,76.7287414285714,67.7142857142857,26.0119052857143,27.4285714285714,748.0,,,,,135002,chikungunya
2016-07-03,201627,931.0,931,931,931,4.802267e-09,34.65331,0,1,230440020162719589,2023-08-20,Fortaleza,0.0,0.77897024,2686612,24.4285714285714,85.7142857142857,0,0,1,78.5454277142857,68.1428571428571,25.8440747142857,27.0,773.0,,,,,135002,chikungunya
2016-06-26,201626,1162.0,1162,1162,1162,0.00040203065,43.2515,0,1,230440020162619589,2023-08-20,Fortaleza,0.0,0.8742212,2686612,23.8571428571429,79.0,0,0,1,72.1836742857143,62.0,25.5768144285714,27.1428571428571,1001.0,,,,,135002,chikungunya
2016-06-19,201625,1124.0,1124,1124,1124,2.7474578e-11,41.83708,0,1,230440020162519589,2023-08-20,Fortaleza,0.0,0.7716775,2686612,25.1428571428571,81.1428571428571,0,0,1,75.6774364285714,66.5714285714286,26.3914395714286,27.4285714285714,997.0,,,,,135002,chikungunya
2016-06-12,201624,1353.0,1353,1353,1353,0.003544219,50.360825,0,1,230440020162419589,2023-08-20,Fortaleza,0.0,0.90399516,2686612,24.8571428571429,86.4285714285714,0,0,1,79.5223898571429,70.8571428571429,26.1746032857143,27.5714285714286,1240.0,,,,,135002,chikungunya
2016-06-05,201623,1493.0,1493,1493,1493,0.94046634,55.57185,0,1,230440020162319589,2023-08-20,Fortaleza,0.0,1.0595794,2686612,25.2857142857143,89.7142857142857,1,0,1,82.4392871428571,74.4285714285714,26.2605444285714,27.8571428571429,1335.0,,,,,135002,chikungunya
2016-05-29,201622,1609.0,1609,1609,1609,1.0,59.889557,0,3,230440020162219589,2023-08-20,Fortaleza,0.0,1.2679738,2686612,25.7142857142857,91.1428571428571,1,1,1,84.2312905714286,77.0,26.8287984285714,27.4285714285714,1409.0,,,,,135002,chikungunya
2016-05-22,201621,1445.0,1445,1445,1445,1.0,53.785213,0,3,230440020162119589,2023-08-20,Fortaleza,0.0,1.2659814,2686612,25.8571428571429,86.0,0,1,1,80.5229601428571,72.7142857142857,26.703515,27.5714285714286,1291.0,,,,,135002,chikungunya
2016-05-15,201620,1210.0,1210,1210,1210,0.9999887,45.038136,0,3,230440020162019589,2023-08-20,Fortaleza,0.0,1.1974083,2686612,25.5714285714286,88.8571428571429,1,1,1,82.00312,74.5714285714286,26.623583,27.8571428571429,1047.0,,,,,135002,chikungunya
2016-05-08,201619,1212.0,1212,1212,1212,1.0,45.11258,0,3,230440020161919589,2023-08-20,Fortaleza,0.0,1.3682306,2686612,25.4285714285714,92.7142857142857,1,1,1,87.3713664285714,79.5714285714286,26.4615334285714,27.7142857142857,1063.0,,,,,135002,chikungunya
2016-05-01,201618,969.0,969,969,969,1.0,36.06773,0,3,230440020161819589,2023-08-20,Fortaleza,0.0,1.3152853,2686612,25.7142857142857,90.4285714285714,1,1,1,83.2111672857143,74.8571428571429,26.6244334285714,27.5714285714286,912.0,,,,,135002,chikungunya
2016-04-24,201617,907.0,907,907,907,1.0,33.75999,0,3,230440020161719589,2023-08-20,Fortaleza,0.0,1.632731,2686612,25.7142857142857,89.0,1,1,1,82.5304672857143,74.8571428571429,26.9375315714286,28.0,859.0,,,,,135002,chikungunya
2016-04-17,201616,808.0,808,808,808,1.0,30.075054,0,3,230440020161619589,2023-08-20,Fortaleza,0.0,1.9620675,2686612,25.1428571428571,88.0,1,1,1,80.1961677142857,68.8571428571429,26.755905,29.0,761.0,,,,,135002,chikungunya
2016-04-10,201615,496.0,496,496,496,1.0,18.461914,0,3,230440020161519589,2023-08-20,Fortaleza,0.0,1.5471805,2686612,25.4285714285714,90.4285714285714,1,1,1,78.2551585714286,59.4285714285714,27.9434764285714,30.5714285714286,481.0,,,,,135002,chikungunya
2016-04-03,201614,391.0,391,391,391,0.99999994,14.553646,0,3,230440020161419589,2023-08-20,Fortaleza,0.0,1.5372527,2686612,25.1428571428571,95.1428571428571,1,1,1,91.5896815714286,86.0,25.984127,26.8571428571429,394.0,,,,,135002,chikungunya
2016-03-27,201613,323.0,323,323,323,0.9999999,12.022577,0,3,230440020161319589,2023-08-20,Fortaleza,0.0,1.5771645,2686612,24.8571428571429,97.0,1,1,1,91.6691192857143,77.2857142857143,25.7689957142857,27.1428571428571,325.0,,,,,135002,chikungunya
2016-03-20,201612,243.0,243,243,243,0.99994737,9.044849,0,3,230440020161219589,2023-08-20,Fortaleza,0.0,1.4728379,2686612,25.8571428571429,91.1428571428571,1,1,1,84.1512041428571,77.0,27.1478045714286,28.4285714285714,255.0,,,,,135002,chikungunya
2016-03-13,201611,199.0,199,199,199,0.9999748,7.407099,0,3,230440020161119589,2023-08-20,Fortaleza,0.0,1.5757593,2686612,25.2857142857143,92.8571428571429,1,1,1,84.7918972857143,75.2857142857143,26.7810247142857,28.7142857142857,193.0,,,,,135002,chikungunya
2016-03-06,201610,175.0,175,175,175,0.9999996,6.51378,0,2,230440020161019589,2023-08-20,Fortaleza,0.0,1.8491476,2686612,26.2857142857143,88.2857142857143,1,1,1,81.8051448571429,74.4285714285714,27.4696225714286,28.5714285714286,181.0,,,,,135002,chikungunya
2016-02-28,201609,119.0,119,119,119,0.999789,4.4293704,0,2,230440020160919589,2023-08-20,Fortaleza,0.0,1.6808288,2686612,26.1428571428571,88.1428571428571,1,0,0,81.3461842857143,72.7142857142857,27.4668365714286,28.7142857142857,127.0,,,,,135002,chikungunya
2016-02-21,201608,88.0,88,88,88,0.9989904,3.2755008,0,2,230440020160819589,2023-08-20,Fortaleza,0.0,1.6984328,2686612,26.1428571428571,89.7142857142857,1,0,0,84.2879814285714,77.2857142857143,26.8072561428571,27.7142857142857,96.0,,,,,135002,chikungunya
2016-02-14,201607,79.0,79,79,79,0.9998887,2.9405065,0,2,230440020160719589,2023-08-20,Fortaleza,0.0,2.0067708,2686612,26.0,87.4285714285714,1,0,0,82.896962,76.0,26.7620412857143,27.8571428571429,77.0,,,,,135002,chikungunya
2016-02-07,201606,36.0,36,36,36,0.87627405,1.3399776,0,2,230440020160619589,2023-08-20,Fortaleza,0.0,1.3380824,2686612,25.2857142857143,90.4285714285714,1,0,0,77.753365,59.7142857142857,27.6684112857143,30.1428571428571,37.0,,,,,135002,chikungunya
2016-01-31,201605,51.0,51,51,51,0.99998236,1.8983016,0,2,230440020160519589,2023-08-20,Fortaleza,0.0,2.8865802,2686612,24.5714285714286,93.4285714285714,1,0,0,81.8695362857143,65.2857142857143,26.6282981428571,29.2857142857143,48.0,,,,,135002,chikungunya
2016-01-24,201604,22.0,22,22,22,0.8862634,0.8188752,0,2,230440020160419589,2023-08-20,Fortaleza,0.0,1.4877727,2686612,25.1428571428571,90.5714285714286,1,0,0,80.77551,64.8571428571429,26.3852042857143,27.4285714285714,27.0,,,,,135002,chikungunya
2016-01-17,201603,12.0,12,12,12,0.4576495,0.4466592,0,2,230440020160319589,2023-08-20,Fortaleza,0.0,0.9586424,2686612,24.7142857142857,93.0,1,0,0,87.3680428571429,80.1428571428571,25.6679035714286,26.8571428571429,14.0,,,,,135002,chikungunya
2016-01-10,201602,16.0,16,16,16,0.9295656,0.5955456,0,1,230440020160219589,2023-08-20,Fortaleza,0.0,1.8102218,2686612,26.0,90.4285714285714,1,0,0,84.5086408571429,75.8571428571429,26.6768434285714,27.4285714285714,51.0,,,,,135002,chikungunya
2016-01-03,201601,17.0,17,17,17,0.96201164,0.6327672,0,1,230440020160119589,2023-08-20,Fortaleza,0.0,2.0447106,2686612,26.1428571428571,87.5714285714286,1,0,0,84.0807822857143,78.1428571428571,26.6785714285714,27.5714285714286,16.0,,,,,135002,chikungunya
2015-12-27,201552,3.0,3,3,3,0.035228662,0.1116648,0,1,230440020155219589,2023-08-20,Fortaleza,0.0,0.3386861,2686612,25.5714285714286,85.4285714285714,0,0,0,79.73082,72.2857142857143,26.505291,27.4285714285714,6.0,,,,,135002,chikungunya
2015-12-20,201551,8.0,8,8,8,0.6429175,0.2977728,0,1,230440020155119589,2023-08-20,Fortaleza,0.0,1.2049505,2686612,25.8571428571429,83.4285714285714,0,0,0,78.4409485714286,71.4285714285714,26.6037415714286,27.5714285714286,8.0,,,,,135002,chikungunya
2015-12-13,201550,13.0,13,13,13,0.9898742,0.48388082,0,1,230440020155019589,2023-08-20,Fortaleza,0.0,3.2930348,2686612,26.1428571428571,83.0,0,0,0,77.7448985714286,68.1428571428571,27.0918365714286,28.8571428571429,13.0,,,,,135002,chikungunya
2015-12-06,201549,6.0,6,6,6,0.8329644,0.2233296,0,1,230440020154919589,2023-08-20,Fortaleza,0.0,1.8613696,2686612,26.0,80.7142857142857,0,0,0,72.1454071428571,60.1428571428571,27.4311224285714,29.1428571428571,8.0,,,,,135002,chikungunya
2015-11-29,201548,2.0,2,2,2,0.3223795,0.0744432,0,1,230440020154819589,2023-08-20,Fortaleza,0.0,0.6810316,2686612,26.4285714285714,79.4285714285714,0,0,0,69.07861,52.2857142857143,28.1902874285714,31.0,6.0,,,,,135002,chikungunya
2015-11-22,201547,3.0,3,3,3,0.71480787,0.1116648,0,1,230440020154719589,2023-08-20,Fortaleza,0.0,1.6127287,2686612,25.8571428571429,82.4285714285714,0,0,0,71.6173485714286,54.5714285714286,27.8877554285714,31.0,3.0,,,,,135002,chikungunya
2015-11-15,201546,5.0,5,5,5,0.9617626,0.18610801,0,1,230440020154619589,2023-08-20,Fortaleza,0.0,4.45647,2686612,25.4285714285714,82.7142857142857,0,0,0,70.4268251428571,54.4285714285714,27.666084,30.8571428571429,3.0,,,,,135002,chikungunya
2015-11-08,201545,0.0,0,0,0,0.0,0.0,0,1,230440020154519589,2023-08-20,Fortaleza,0.0,0.0,2686612,25.0,84.0,0,0,0,69.95408,52.1428571428571,27.2142857142857,30.0,0.0,,,,,135002,chikungunya
2015-11-01,201544,2.0,2,2,2,0.8679856,0.0744432,0,1,230440020154419589,2023-08-20,Fortaleza,0.0,3.5655825,2686612,25.125,79.875,0,0,0,65.956043,46.875,27.5192305,30.625,3.0,,,,,135002,chikungunya
2015-10-25,201543,0.0,0,0,0,0.0,0.0,0,1,230440020154319589,2023-08-20,Fortaleza,0.0,0.0,2686612,25.1428571428571,80.8571428571429,0,0,0,68.34146,50.4285714285714,27.2246788571429,30.0,0.0,,,,,135002,chikungunya
2015-10-18,201542,1.0,1,1,1,0.72601324,0.0372216,0,1,230440020154219589,2023-08-20,Fortaleza,0.0,2.1648195,2686612,25.2857142857143,80.1428571428571,0,0,0,68.6710142857143,49.1428571428571,27.2561412857143,30.1428571428571,0.0,,,,,135002,chikungunya
2015-10-11,201541,0.0,0,0,0,0.0,0.0,0,1,230440020154119589,2023-08-20,Fortaleza,0.0,0.0,2686612,24.8571428571429,82.8571428571429,0,0,0,66.3476938571429,45.4285714285714,27.510015,30.8571428571429,2.0,,,,,135002,chikungunya
2015-10-04,201540,1.0,1,1,1,0.6613588,0.0372216,0,1,230440020154019589,2023-08-20,Fortaleza,0.0,1.6764599,2686612,25.1428571428571,79.5714285714286,0,0,0,68.5050985714286,50.5714285714286,27.2142857142857,30.1428571428571,1.0,,,,,135002,chikungunya
2015-09-27,201539,0.0,0,0,0,0.0,0.0,0,1,230440020153919589,2023-08-20,Fortaleza,0.0,0.0,2686612,24.8571428571429,75.5714285714286,0,0,0,63.3061234285714,43.5714285714286,27.030612,30.1428571428571,0.0,,,,,135002,chikungunya
2015-09-20,201538,0.0,0,0,0,0.0,0.0,0,1,230440020153819589,2023-08-20,Fortaleza,0.0,0.0,2686612,24.8571428571429,74.4285714285714,0,0,0,64.479592,46.1428571428571,26.8367347142857,29.7142857142857,2.0,,,,,135002,chikungunya
2015-09-13,201537,2.0,2,2,2,0.6922103,0.0744432,0,1,230440020153719589,2023-08-20,Fortaleza,0.0,1.6447735,2686612,24.7142857142857,78.8571428571429,0,0,0,63.8573114285714,46.1428571428571,26.8366042857143,29.7142857142857,2.0,,,,,135002,chikungunya
2015-09-06,201536,1.0,1,1,1,0.2910355,0.0372216,0,1,230440020153619589,2023-08-20,Fortaleza,0.0,0.56156653,2686612,25.0,78.4285714285714,0,0,0,65.4451612857143,43.1428571428571,26.9814881428571,29.8571428571429,1.0,,,,,135002,chikungunya
2015-08-30,201535,1.0,1,1,1,0.17412497,0.0372216,0,1,230440020153519589,2023-08-20,Fortaleza,0.0,0.3965414,2686612,24.4285714285714,80.8571428571429,0,0,0,67.2317137142857,49.2857142857143,26.4652508571429,29.1428571428571,1.0,,,,,135002,chikungunya
2015-08-23,201534,1.0,1,1,1,0.14102118,0.0372216,0,1,230440020153419589,2023-08-20,Fortaleza,0.0,0.35385498,2686612,24.7142857142857,75.0,0,0,0,64.0153072857143,46.7142857142857,26.5714282857143,29.0,1.0,,,,,135002,chikungunya
2015-08-16,201533,4.0,4,4,4,0.41866714,0.1488864,0,1,230440020153319589,2023-08-20,Fortaleza,0.0,0.8748764,2686612,23.8571428571429,78.0,0,0,0,64.4377548571428,41.8571428571429,26.4377551428571,29.4285714285714,4.0,,,,,135002,chikungunya
2015-08-09,201532,2.0,2,2,2,0.008635635,0.0744432,0,1,230440020153219589,2023-08-20,Fortaleza,0.0,0.21363932,2686612,23.5714285714286,75.7142857142857,0,0,0,62.8928571428571,42.5714285714286,26.5459182857143,29.7142857142857,5.0,,,,,135002,chikungunya
2015-08-02,201531,2.0,2,2,2,0.00061012694,0.0744432,0,1,230440020153119589,2023-08-20,Fortaleza,0.0,0.14655925,2686612,23.5714285714286,78.1428571428571,0,0,0,64.340958,42.8571428571429,26.5640397142857,29.2857142857143,2.0,,,,,135002,chikungunya
2015-07-26,201530,8.0,8,8,8,0.13168912,0.2977728,0,1,230440020153019589,2023-08-20,Fortaleza,0.0,0.615498,2686612,22.8571428571429,87.1428571428571,1,0,0,67.0760032857143,48.2857142857143,26.1230061428571,29.2857142857143,8.0,,,,,135002,chikungunya
2015-07-19,201529,20.0,20,20,20,0.9575063,0.74443203,0,1,230440020152919589,2023-08-20,Fortaleza,0.0,1.8745192,2686612,24.2857142857143,81.1428571428571,0,0,0,68.3018385714286,50.7142857142857,26.5608161428571,29.2857142857143,21.0,,,,,135002,chikungunya
2015-07-12,201528,13.0,13,13,13,0.6624432,0.48388082,0,1,230440020152819589,2023-08-20,Fortaleza,0.0,1.1835294,2686612,23.1428571428571,87.4285714285714,1,0,0,68.67868,48.4285714285714,26.2279515714286,29.2857142857143,12.0,,,,,135002,chikungunya
2015-07-05,201527,8.0,8,8,8,0.12178308,0.2977728,0,1,230440020152719589,2023-08-20,Fortaleza,0.0,0.60424167,2686612,23.7142857142857,87.0,0,0,0,72.5922277142857,51.4285714285714,26.2320318571429,29.2857142857143,8.0,,,,,135002,chikungunya
2015-06-28,201526,10.0,10,10,10,0.17258768,0.37221602,0,1,230440020152619589,2023-08-20,Fortaleza,0.0,0.6855257,2686612,24.2857142857143,85.5714285714286,0,0,0,73.5831707142857,55.5714285714286,26.4011454285714,29.0,11.0,,,,,135002,chikungunya
2015-06-21,201525,14.0,14,14,14,0.3968769,0.5211024,0,1,230440020152519589,2023-08-20,Fortaleza,0.0,0.9092558,2686612,23.5714285714286,83.1428571428571,0,0,0,68.7421,47.2857142857143,26.4206715714286,29.4285714285714,14.0,,,,,135002,chikungunya
2015-06-14,201524,17.0,17,17,17,0.4719406,0.6327672,0,1,230440020152419589,2023-08-20,Fortaleza,0.0,0.9765669,2686612,24.2857142857143,81.5714285714286,0,0,0,67.4016522857143,48.4285714285714,26.9111541428571,29.7142857142857,17.0,,,,,135002,chikungunya
2015-06-07,201523,11.0,11,11,11,0.08296633,0.4094376,0,1,230440020152319589,2023-08-20,Fortaleza,0.0,0.5991814,2686612,24.2857142857143,84.2857142857143,0,0,0,69.8010214285714,50.1428571428571,27.0051022857143,29.5714285714286,11.0,,,,,135002,chikungunya
2015-05-31,201522,21.0,21,21,21,0.692901,0.78165364,0,1,230440020152219589,2023-08-20,Fortaleza,0.0,1.1737314,2686612,24.2857142857143,85.5714285714286,0,0,0,71.5166228571429,51.7142857142857,27.0021392857143,29.7142857142857,21.0,,,,,135002,chikungunya
2015-05-24,201521,18.0,18,18,18,0.5415485,0.6699888,0,1,230440020152119589,2023-08-20,Fortaleza,0.0,1.0352775,2686612,25.0,85.8571428571429,0,0,0,72.9675422857143,55.2857142857143,27.4701854285714,30.0,18.0,,,,,135002,chikungunya
2015-05-17,201520,19.0,19,19,19,0.6442488,0.7072104,0,1,230440020152019589,2023-08-20,Fortaleza,0.0,1.1300699,2686612,25.2857142857143,82.1428571428571,0,0,0,68.6856085714286,49.7142857142857,27.8870508571429,30.5714285714286,20.0,,,,,135002,chikungunya
2015-05-10,201519,15.0,15,15,15,0.55646724,0.55832404,0,1,230440020151919589,2023-08-20,Fortaleza,0.0,1.0531521,2686612,24.8571428571429,83.1428571428571,0,0,0,67.0255114285714,48.0,27.7806121428571,30.2857142857143,16.0,,,,,135002,chikungunya
2015-05-03,201518,21.0,21,21,21,0.96350944,0.78165364,0,1,230440020151819589,2023-08-20,Fortaleza,0.0,1.8977169,2686612,24.8571428571429,85.5714285714286,0,0,0,72.0560507142857,52.4285714285714,27.4428251428571,30.2857142857143,21.0,,,,,135002,chikungunya
2015-04-26,201517,13.0,13,13,13,0.8697084,0.48388082,0,2,230440020151719589,2023-08-20,Fortaleza,0.0,1.6298782,2686612,25.0,88.1428571428571,1,0,0,73.58696,56.2857142857143,27.4649657142857,30.0,13.0,,,,,135002,chikungunya
2015-04-19,201516,11.0,11,11,11,0.95427626,0.4094376,0,2,230440020151619589,2023-08-20,Fortaleza,0.0,2.3838007,2686612,24.7142857142857,87.1428571428571,1,0,0,76.8718562857143,60.8571428571429,26.5584925714286,29.4285714285714,11.0,,,,,135002,chikungunya
2015-04-12,201515,9.0,9,9,9,0.99024206,0.3349944,0,2,230440020151519589,2023-08-20,Fortaleza,0.0,4.665562,2686612,24.4285714285714,90.2857142857143,1,0,0,76.8926265714286,57.1428571428571,26.7428831428571,29.2857142857143,9.0,,,,,135002,chikungunya
2015-04-05,201514,4.0,4,4,4,0.93999106,0.1488864,0,1,230440020151419589,2023-08-20,Fortaleza,0.0,4.105539,2686612,24.4285714285714,89.4285714285714,1,0,0,74.5258978571429,55.1428571428571,27.155571,30.0,4.0,,,,,135002,chikungunya
2015-03-29,201513,1.0,1,1,1,0.3041986,0.0372216,0,1,230440020151319589,2023-08-20,Fortaleza,0.0,0.58244014,2686612,23.8571428571429,92.4285714285714,1,0,0,79.5495478571429,58.8571428571429,26.2551395714286,28.8571428571429,1.0,,,,,135002,chikungunya
2015-03-22,201512,0.0,0,0,0,0.0,0.0,0,1,230440020151219589,2023-08-20,Fortaleza,0.0,0.0,2686612,23.7142857142857,94.0,0,0,0,75.7199162857143,55.2857142857143,26.5058055714286,29.5714285714286,0.0,,,,,135002,chikungunya
2015-03-15,201511,1.0,1,1,1,0.3023073,0.0372216,0,1,230440020151119589,2023-08-20,Fortaleza,0.0,0.57940376,2686612,25.0,85.2857142857143,0,0,0,71.406538,53.1428571428571,27.4959185714286,30.1428571428571,1.0,,,,,135002,chikungunya
2015-03-08,201510,5.0,5,5,5,0.9753471,0.18610801,0,1,230440020151019589,2023-08-20,Fortaleza,0.0,5.740455,2686612,24.2857142857143,90.4285714285714,1,0,0,78.38284,62.0,26.3865921428571,28.8571428571429,5.0,,,,,135002,chikungunya
2015-03-01,201509,1.0,1,1,1,0.48167965,0.0372216,0,1,230440020150919589,2023-08-20,Fortaleza,0.0,0.9488979,2686612,23.8571428571429,90.1428571428571,1,0,0,75.6435885714286,55.5714285714286,26.5930677142857,29.4285714285714,1.0,,,,,135002,chikungunya
2015-02-22,201508,0.0,0,0,0,0.0,0.0,0,1,230440020150819589,2023-08-20,Fortaleza,0.0,0.0,2686612,23.8571428571429,91.8571428571429,0,0,0,80.6850162857143,55.8571428571429,25.75046,28.1428571428571,0.0,,,,,135002,chikungunya
2015-02-15,201507,1.0,1,1,1,0.27281275,0.0372216,0,1,230440020150719589,2023-08-20,Fortaleza,0.0,0.5336131,2686612,25.0,84.4285714285714,0,0,0,72.7504057142857,57.0,27.0663008571429,29.2857142857143,1.0,,,,,135002,chikungunya
2015-02-08,201506,2.0,2,2,2,0.58380187,0.0744432,0,1,230440020150619589,2023-08-20,Fortaleza,0.0,1.2190347,2686612,26.2857142857143,75.8571428571429,0,0,0,63.7498098571429,43.7142857142857,28.3531747142857,31.1428571428571,2.0,,,,,135002,chikungunya
2015-02-01,201505,2.0,2,2,2,0.72340935,0.0744432,0,1,230440020150519589,2023-08-20,Fortaleza,0.0,1.8200886,2686612,26.0,79.1428571428571,0,0,0,67.7091842857143,48.7142857142857,27.9132652857143,31.0,2.0,,,,,135002,chikungunya
2015-01-25,201504,2.0,2,2,2,0.7949256,0.0744432,0,1,230440020150419589,2023-08-20,Fortaleza,0.0,2.398386,2686612,25.4285714285714,77.0,0,0,0,63.9591832857143,44.5714285714286,27.5459184285714,30.2857142857143,2.0,,,,,135002,chikungunya
2015-01-18,201503,1.0,1,1,1,0.554064,0.0372216,0,1,230440020150319589,2023-08-20,Fortaleza,0.0,1.1738805,2686612,25.7142857142857,77.5714285714286,0,0,0,66.2806132857143,50.1428571428571,27.5153064285714,30.0,1.0,,,,,135002,chikungunya
2015-01-11,201502,0.0,0,0,0,0.0,0.0,0,1,230440020150219589,2023-08-20,Fortaleza,0.0,0.0,2686612,25.5714285714286,78.0,0,0,0,65.6936494285714,45.2857142857143,27.5246031428571,30.2857142857143,0.0,,,,,135002,chikungunya
2015-01-04,201501,2.0,2,2,2,0.9779825,0.0744432,0,1,230440020150119589,2023-08-20,Fortaleza,0.0,18.521618,2686612,25.2857142857143,78.4285714285714,0,0,0,67.9476581428571,49.5714285714286,27.0319351428571,29.0,2.0,,,,,135002,chikungunya
2014-12-28,201453,0.0,0,0,0,0.5,0.0,0,1,230440020145319589,2023-08-20,Fortaleza,0.0,0.0,2686612,24.8571428571429,81.2857142857143,0,0,0,69.1279314285714,50.7142857142857,26.8700254285714,29.2857142857143,0.0,,,,,135002,chikungunya
2014-12-21,201452,0.0,0,0,0,0.5,0.0,0,1,230440020145219589,2023-08-20,Fortaleza,0.0,0.0,2686612,26.0,72.8571428571429,0,0,0,63.0408165714286,45.2857142857143,27.632653,30.1428571428571,0.0,,,,,135002,chikungunya
2014-12-14,201451,0.0,0,0,0,0.5,0.0,0,1,230440020145119589,2023-08-20,Fortaleza,0.0,0.0,2686612,25.4285714285714,77.0,0,0,0,64.2077765714286,46.0,27.447572,30.0,0.0,,,,,135002,chikungunya
2014-12-07,201450,0.0,0,0,0,0.5,0.0,0,1,230440020145019589,2023-08-20,Fortaleza,0.0,0.0,2686612,25.5714285714286,76.4285714285714,0,0,0,64.5564752857143,47.7142857142857,27.5589374285714,30.5714285714286,0.0,,,,,135002,chikungunya
2014-11-30,201449,0.0,0,0,0,0.5,0.0,0,1,230440020144919589,2023-08-20,Fortaleza,0.0,0.0,2686612,25.4285714285714,77.2857142857143,0,0,0,65.6341328571429,46.0,27.3459677142857,30.2857142857143,0.0,,,,,135002,chikungunya
2014-11-23,201448,0.0,0,0,0,0.5,0.0,0,1,230440020144819589,2023-08-20,Fortaleza,0.0,0.0,2686612,24.8571428571429,80.4285714285714,0,0,0,65.0729418571429,46.4285714285714,27.218719,30.1428571428571,0.0,,,,,135002,chikungunya
2014-11-16,201447,0.0,0,0,0,0.5,0.0,0,1,230440020144719589,2023-08-20,Fortaleza,0.0,0.0,2686612,25.1428571428571,79.5714285714286,0,0,0,65.9693881428571,47.2857142857143,27.2493417142857,30.0,0.0,,,,,135002,chikungunya
2014-11-09,201446,0.0,0,0,0,0.5,0.0,0,1,230440020144619589,2023-08-20,Fortaleza,0.0,0.0,2686612,25.4285714285714,74.5714285714286,0,0,0,64.403062,46.2857142857143,27.2602042857143,29.8571428571429,0.0,,,,,135002,chikungunya
2014-11-02,201445,0.0,0,0,0,0.5,0.0,0,1,230440020144519589,2023-08-20,Fortaleza,0.0,0.0,2686612,25.0,77.1428571428571,0,0,0,63.6275514285714,47.0,27.0816325714286,29.7142857142857,0.0,,,,,135002,chikungunya
2014-10-26,201444,0.0,0,0,0,0.5,0.0,0,1,230440020144419589,2023-08-20,Fortaleza,0.0,0.0,2686612,25.2857142857143,74.4285714285714,0,0,0,62.3212521428571,42.1428571428571,27.2454257142857,30.2857142857143,0.0,,,,,135002,chikungunya
2014-10-19,201443,0.0,0,0,0,0.5,0.0,0,1,230440020144319589,2023-08-20,Fortaleza,0.0,0.0,2686612,25.1428571428571,75.7142857142857,0,0,0,62.2636214285714,42.5714285714286,27.1776432857143,29.8571428571429,0.0,,,,,135002,chikungunya
2014-10-12,201442,0.0,0,0,0,0.5,0.0,0,1,230440020144219589,2023-08-20,Fortaleza,0.0,0.0,2686612,25.1428571428571,72.7142857142857,0,0,0,60.0459175714286,40.4285714285714,27.4368858571429,30.4285714285714,0.0,,,,,135002,chikungunya
2014-10-05,201441,0.0,0,0,0,0.5,0.0,0,1,230440020144119589,2023-08-20,Fortaleza,0.0,0.0,2686612,25.0,74.1428571428571,0,0,0,60.4032371428571,36.5714285714286,27.5168892857143,30.8571428571429,0.0,,,,,135002,chikungunya
2014-09-28,201440,0.0,0,0,0,0.5,0.0,0,1,230440020144019589,2023-08-20,Fortaleza,0.0,0.0,2686612,25.0,78.4285714285714,0,0,0,65.6164018571429,45.5714285714286,27.0876791428571,29.5714285714286,0.0,,,,,135002,chikungunya
2014-09-21,201439,0.0,0,0,0,0.5,0.0,0,1,230440020143919589,2023-08-20,Fortaleza,0.0,0.0,2686612,25.0,75.5714285714286,0,0,0,64.0316684285714,46.4285714285714,27.0749468571429,30.1428571428571,0.0,,,,,135002,chikungunya
2014-09-14,201438,0.0,0,0,0,0.5,0.0,0,1,230440020143819589,2023-08-20,Fortaleza,0.0,0.0,2686612,24.2857142857143,79.0,0,0,0,64.2429047142857,39.4285714285714,26.759696,30.0,0.0,,,,,135002,chikungunya
2014-09-07,201437,0.0,0,0,0,0.5,0.0,0,1,230440020143719589,2023-08-20,Fortaleza,0.0,0.0,2686612,24.2857142857143,77.8571428571429,0,0,0,63.3990681428571,42.2857142857143,26.9378957142857,30.2857142857143,0.0,,,,,135002,chikungunya
2014-08-31,201436,0.0,0,0,0,0.5,0.0,0,1,230440020143619589,2023-08-20,Fortaleza,0.0,0.0,2686612,24.8571428571429,78.0,0,0,0,63.9897967142857,43.5714285714286,26.7755101428571,29.7142857142857,0.0,,,,,135002,chikungunya
2014-08-24,201435,0.0,0,0,0,0.5,0.0,0,1,230440020143519589,2023-08-20,Fortaleza,0.0,0.0,2686612,24.0,78.4285714285714,0,0,0,64.3582447142857,44.4285714285714,26.5693877142857,29.5714285714286,0.0,,,,,135002,chikungunya
2014-08-17,201434,0.0,0,0,0,0.5,0.0,0,1,230440020143419589,2023-08-20,Fortaleza,0.0,0.0,2686612,23.4285714285714,75.7142857142857,0,0,0,59.954081,36.2857142857143,26.6122447142857,29.8571428571429,0.0,,,,,135002,chikungunya
2014-08-10,201433,0.0,0,0,0,0.5,0.0,0,1,230440020143319589,2023-08-20,Fortaleza,0.0,0.0,2686612,23.5714285714286,75.5714285714286,0,0,0,60.012094,35.0,26.815098,30.4285714285714,0.0,,,,,135002,chikungunya
2014-08-03,201432,0.0,0,0,0,0.5,0.0,0,1,230440020143219589,2023-08-20,Fortaleza,0.0,0.0,2686612,24.2857142857143,78.5714285714286,0,0,0,63.4737857142857,42.4285714285714,26.794335,29.7142857142857,0.0,,,,,135002,chikungunya
2014-07-27,201431,0.0,0,0,0,0.5,0.0,0,1,230440020143119589,2023-08-20,Fortaleza,0.0,0.0,2686612,23.8571428571429,79.5714285714286,0,0,0,64.8489711428571,44.7142857142857,26.5653914285714,29.7142857142857,0.0,,,,,135002,chikungunya
2014-07-20,201430,0.0,0,0,0,0.5,0.0,0,1,230440020143019589,2023-08-20,Fortaleza,0.0,0.0,2686612,23.2857142857143,82.4285714285714,0,0,0,66.7817181428571,44.7142857142857,26.3634791428571,29.8571428571429,0.0,,,,,135002,chikungunya
2014-07-13,201429,0.0,0,0,0,0.5,0.0,0,1,230440020142919589,2023-08-20,Fortaleza,0.0,0.0,2686612,23.5714285714286,82.0,0,0,0,65.8911557142857,45.5714285714286,26.6095235714286,29.8571428571429,0.0,,,,,135002,chikungunya
2014-07-06,201428,0.0,0,0,0,0.5,0.0,0,1,230440020142819589,2023-08-20,Fortaleza,0.0,0.0,2686612,24.0,80.5714285714286,0,0,0,66.8800134285714,45.7142857142857,26.6465518571429,29.7142857142857,0.0,,,,,135002,chikungunya
2014-06-29,201427,0.0,0,0,0,0.5,0.0,0,1,230440020142719589,2023-08-20,Fortaleza,0.0,0.0,2686612,24.0,85.5714285714286,0,0,0,68.5368662857143,46.7142857142857,26.6341341428571,29.5714285714286,0.0,,,,,135002,chikungunya
2014-06-22,201426,0.0,0,0,0,0.5,0.0,0,1,230440020142619589,2023-08-20,Fortaleza,0.0,0.0,2686612,24.0,85.7142857142857,0,0,0,68.5510195714286,46.4285714285714,26.9380955714286,30.1428571428571,0.0,,,,,135002,chikungunya
2014-06-15,201425,0.0,0,0,0,0.5,0.0,0,1,230440020142519589,2023-08-20,Fortaleza,0.0,0.0,2686612,25.1428571428571,80.4285714285714,0,0,0,67.84883,45.8571428571429,27.0377931428571,29.7142857142857,0.0,,,,,135002,chikungunya
2014-06-08,201424,0.0,0,0,0,0.5,0.0,0,1,230440020142419589,2023-08-20,Fortaleza,0.0,0.0,2686612,24.7142857142857,85.7142857142857,0,0,0,66.8946555714286,44.5714285714286,27.3831094285714,30.4285714285714,0.0,,,,,135002,chikungunya
2014-06-01,201423,0.0,0,0,0,0.5,0.0,0,1,230440020142319589,2023-08-20,Fortaleza,0.0,0.0,2686612,24.7142857142857,87.2857142857143,0,0,0,69.83163,48.5714285714286,27.2602042857143,30.0,0.0,,,,,135002,chikungunya
2014-05-25,201422,0.0,0,0,0,0.5,0.0,0,1,230440020142219589,2023-08-20,Fortaleza,0.0,0.0,2686612,24.5714285714286,88.1428571428571,0,0,0,72.4524985714286,53.0,27.0336031428571,29.8571428571429,0.0,,,,,135002,chikungunya
2014-05-18,201421,0.0,0,0,0,0.5,0.0,0,1,230440020142119589,2023-08-20,Fortaleza,0.0,0.0,2686612,25.0,89.7142857142857,0,0,0,75.4757214285714,57.1428571428571,27.1789234285714,29.7142857142857,0.0,,,,,135002,chikungunya
2014-05-11,201420,0.0,0,0,0,0.5,0.0,0,1,230440020142019589,2023-08-20,Fortaleza,0.0,0.0,2686612,24.0,91.8571428571429,0,0,0,79.9188357142857,60.1428571428571,26.1966411428571,28.8571428571429,0.0,,,,,135002,chikungunya
2014-05-04,201419,0.0,0,0,0,0.5,0.0,0,1,230440020141919589,2023-08-20,Fortaleza,0.0,0.0,2686612,24.4285714285714,88.8571428571429,0,0,0,73.679412,53.4285714285714,27.1684607142857,29.7142857142857,0.0,,,,,135002,chikungunya
2014-04-27,201418,0.0,0,0,0,0.5,0.0,0,1,230440020141819589,2023-08-20,Fortaleza,0.0,0.0,2686612,24.2857142857143,90.4285714285714,0,0,0,76.4520448571429,58.1428571428571,27.0119115714286,29.7142857142857,0.0,,,,,135002,chikungunya
2014-04-20,201417,0.0,0,0,0,0.5,0.0,0,1,230440020141719589,2023-08-20,Fortaleza,0.0,0.0,2686612,25.4285714285714,86.7142857142857,0,0,0,71.2317178571429,52.0,27.9626824285714,30.5714285714286,0.0,,,,,135002,chikungunya
2014-04-13,201416,0.0,0,0,0,0.5,0.0,0,1,230440020141619589,2023-08-20,Fortaleza,0.0,0.0,2686612,24.0,89.4285714285714,0,0,0,75.9752297142857,59.5714285714286,26.7425522857143,29.4285714285714,0.0,,,,,135002,chikungunya
2014-04-06,201415,0.0,0,0,0,0.5,0.0,0,1,230440020141519589,2023-08-20,Fortaleza,0.0,0.0,2686612,24.4285714285714,91.1428571428571,0,0,0,77.1413357142857,53.7142857142857,26.821409,29.7142857142857,0.0,,,,,135002,chikungunya
2014-03-30,201414,0.0,0,0,0,0.5,0.0,0,1,230440020141419589,2023-08-20,Fortaleza,0.0,0.0,2686612,24.0,92.5714285714286,0,0,0,80.1141585714286,64.0,26.2975052857143,28.7142857142857,0.0,,,,,135002,chikungunya
2014-03-23,201413,0.0,0,0,0,0.5,0.0,0,1,230440020141319589,2023-08-20,Fortaleza,0.0,0.0,2686612,25.4285714285714,82.8571428571429,0,0,0,68.2704085714286,50.2857142857143,27.8520411428571,30.7142857142857,0.0,,,,,135002,chikungunya
2014-03-16,201412,0.0,0,0,0,0.5,0.0,0,1,230440020141219589,2023-08-20,Fortaleza,0.0,0.0,2686612,24.5714285714286,89.5714285714286,0,0,0,74.7766894285714,57.8571428571429,27.1852331428571,29.8571428571429,0.0,,,,,135002,chikungunya
2014-03-09,201411,0.0,0,0,0,0.5,0.0,0,1,230440020141119589,2023-08-20,Fortaleza,0.0,0.0,2686612,24.8571428571429,86.4285714285714,0,0,0,72.3194944285714,53.5714285714286,27.0207597142857,29.5714285714286,0.0,,,,,135002,chikungunya
2014-03-02,201410,0.0,0,0,0,0.5,0.0,0,1,230440020141019589,2023-08-20,Fortaleza,0.0,0.0,2686612,25.2857142857143,81.8571428571429,0,0,0,68.0093257142857,50.2857142857143,27.617523,29.8571428571429,0.0,,,,,135002,chikungunya
2014-02-23,201409,0.0,0,0,0,0.5,0.0,0,1,230440020140919589,2023-08-20,Fortaleza,0.0,0.0,2686612,25.1428571428571,82.5714285714286,0,0,0,67.5765314285714,48.4285714285714,27.4795915714286,30.1428571428571,0.0,,,,,135002,chikungunya
2014-02-16,201408,0.0,0,0,0,0.5,0.0,0,1,230440020140819589,2023-08-20,Fortaleza,0.0,0.0,2686612,24.0,87.0,0,0,0,73.7853628571429,57.0,26.753036,29.2857142857143,0.0,,,,,135002,chikungunya
2014-02-09,201407,0.0,0,0,0,0.5,0.0,0,1,230440020140719589,2023-08-20,Fortaleza,0.0,0.0,2686612,25.2857142857143,81.2857142857143,0,0,0,71.4057478571429,55.8571428571429,27.400142,30.0,0.0,,,,,135002,chikungunya
2014-02-02,201406,0.0,0,0,0,0.5,0.0,0,1,230440020140619589,2023-08-20,Fortaleza,0.0,0.0,2686612,24.1428571428571,87.1428571428571,0,0,0,70.9686242857143,53.7142857142857,26.885119,29.5714285714286,0.0,,,,,135002,chikungunya
2014-01-26,201405,0.0,0,0,0,0.5,0.0,0,1,230440020140519589,2023-08-20,Fortaleza,0.0,0.0,2686612,25.0,83.5714285714286,0,0,0,68.0135785714286,47.0,27.5087034285714,30.2857142857143,0.0,,,,,135002,chikungunya
2014-01-19,201404,0.0,0,0,0,0.5,0.0,0,1,230440020140419589,2023-08-20,Fortaleza,0.0,0.0,2686612,26.0,75.1428571428571,0,0,0,64.3469384285714,47.1428571428571,27.7653062857143,30.4285714285714,0.0,,,,,135002,chikungunya
2014-01-12,201403,0.0,0,0,0,0.5,0.0,0,1,230440020140319589,2023-08-20,Fortaleza,0.0,0.0,2686612,25.5714285714286,82.0,0,0,0,69.0025707142857,50.7142857142857,27.609562,30.1428571428571,0.0,,,,,135002,chikungunya
2014-01-05,201402,0.0,0,0,0,0.5,0.0,0,1,230440020140219589,2023-08-20,Fortaleza,0.0,0.0,2686612,25.7142857142857,77.1428571428571,0,0,0,65.7980927142857,47.7142857142857,27.4227254285714,30.0,0.0,,,,,135002,chikungunya
2013-12-29,201401,0.0,0,0,0,0.5,0.0,0,1,230440020140119589,2023-08-20,Fortaleza,0.0,0.0,2686612,25.7142857142857,76.7142857142857,0,0,0,64.2741022857143,46.1428571428571,27.468508,30.2857142857143,0.0,,,,,135002,chikungunya
2013-12-22,201352,0.0,0,0,0,0.5,0.0,0,1,230440020135219589,2023-08-20,Fortaleza,0.0,0.0,2686612,26.2857142857143,76.7142857142857,0,0,0,65.1887747142857,45.7142857142857,28.0867347142857,30.7142857142857,0.0,,,,,135002,chikungunya
2013-12-15,201351,0.0,0,0,0,0.5,0.0,0,1,230440020135119589,2023-08-20,Fortaleza,0.0,0.0,2686612,25.8571428571429,75.2857142857143,0,0,0,64.7133411428571,49.1428571428571,27.357899,29.5714285714286,0.0,,,,,135002,chikungunya
2013-12-08,201350,0.0,0,0,0,0.5,0.0,0,1,230440020135019589,2023-08-20,Fortaleza,0.0,0.0,2686612,25.4285714285714,76.0,0,0,0,63.5696288571429,44.1428571428571,27.5317005714286,30.0,0.0,,,,,135002,chikungunya
2013-12-01,201349,0.0,0,0,0,0.5,0.0,0,1,230440020134919589,2023-08-20,Fortaleza,0.0,0.0,2686612,25.7142857142857,78.2857142857143,0,0,0,64.7384724285714,43.8571428571429,27.6712015714286,30.4285714285714,0.0,,,,,135002,chikungunya
2013-11-24,201348,0.0,0,0,0,0.5,0.0,0,1,230440020134819589,2023-08-20,Fortaleza,0.0,0.0,2686612,25.1428571428571,79.0,0,0,0,65.3788598571429,46.0,27.33438,30.1428571428571,0.0,,,,,135002,chikungunya
2013-11-17,201347,0.0,0,0,0,0.5,0.0,0,1,230440020134719589,2023-08-20,Fortaleza,0.0,0.0,2686612,25.4285714285714,75.1428571428571,0,0,0,64.2434805714286,45.4285714285714,27.2897801428571,30.0,0.0,,,,,135002,chikungunya
2013-11-10,201346,0.0,0,0,0,0.5,0.0,0,1,230440020134619589,2023-08-20,Fortaleza,0.0,0.0,2686612,25.8571428571429,74.7142857142857,0,0,0,63.5257578571429,47.1428571428571,27.4088367142857,30.1428571428571,0.0,,,,,135002,chikungunya
2013-11-03,201345,0.0,0,0,0,0.5,0.0,0,1,230440020134519589,2023-08-20,Fortaleza,0.0,0.0,2686612,25.5714285714286,77.7142857142857,0,0,0,64.888701,45.5714285714286,27.7377171428571,31.0,0.0,,,,,135002,chikungunya
2013-10-27,201344,0.0,0,0,0,0.5,0.0,0,1,230440020134419589,2023-08-20,Fortaleza,0.0,0.0,2686612,25.7142857142857,73.1428571428571,0,0,0,62.8628125714286,46.2857142857143,27.3983374285714,30.2857142857143,0.0,,,,,135002,chikungunya
2013-10-20,201343,0.0,0,0,0,0.5,0.0,0,1,230440020134319589,2023-08-20,Fortaleza,0.0,0.0,2686612,25.4285714285714,76.7142857142857,0,0,0,63.7333707142857,44.7142857142857,27.3813301428571,30.2857142857143,0.0,,,,,135002,chikungunya
2013-10-13,201342,0.0,0,0,0,0.5,0.0,0,1,230440020134219589,2023-08-20,Fortaleza,0.0,0.0,2686612,24.5714285714286,74.4285714285714,0,0,0,62.0330675714286,42.4285714285714,27.2592595714286,30.2857142857143,0.0,,,,,135002,chikungunya
2013-10-06,201341,0.0,0,0,0,0.5,0.0,0,1,230440020134119589,2023-08-20,Fortaleza,0.0,0.0,2686612,25.2857142857143,75.7142857142857,0,0,0,62.011396,39.8571428571429,27.5924474285714,30.5714285714286,0.0,,,,,135002,chikungunya
2013-09-29,201340,0.0,0,0,0,0.5,0.0,0,1,230440020134019589,2023-08-20,Fortaleza,0.0,0.0,2686612,25.0,75.8571428571429,0,0,0,62.2597718571429,43.8571428571429,27.1576602857143,30.1428571428571,0.0,,,,,135002,chikungunya
2013-09-22,201339,0.0,0,0,0,0.5,0.0,0,1,230440020133919589,2023-08-20,Fortaleza,0.0,0.0,2686612,24.7142857142857,79.5714285714286,0,0,0,67.0963697142857,49.1428571428571,26.9342404285714,30.0,0.0,,,,,135002,chikungunya
2013-09-15,201338,0.0,0,0,0,0.5,0.0,0,1,230440020133819589,2023-08-20,Fortaleza,0.0,0.0,2686612,24.5714285714286,76.7142857142857,0,0,0,61.6008591428571,39.5714285714286,27.2292438571429,30.5714285714286,0.0,,,,,135002,chikungunya
2013-09-08,201337,0.0,0,0,0,0.5,0.0,0,1,230440020133719589,2023-08-20,Fortaleza,0.0,0.0,2686612,24.8571428571429,74.4285714285714,0,0,0,61.4574827142857,40.7142857142857,27.0073694285714,30.0,0.0,,,,,135002,chikungunya
2013-09-01,201336,0.0,0,0,0,0.5,0.0,0,1,230440020133619589,2023-08-20,Fortaleza,0.0,0.0,2686612,24.2857142857143,82.1428571428571,0,0,0,66.5555421428571,48.5714285714286,26.810225,29.8571428571429,0.0,,,,,135002,chikungunya
2013-08-25,201335,0.0,0,0,0,0.5,0.0,0,1,230440020133519589,2023-08-20,Fortaleza,0.0,0.0,2686612,24.5714285714286,80.2857142857143,0,0,0,65.9994234285714,45.2857142857143,27.0791925714286,30.2857142857143,0.0,,,,,135002,chikungunya
2013-08-18,201334,0.0,0,0,0,0.5,0.0,0,1,230440020133419589,2023-08-20,Fortaleza,0.0,0.0,2686612,24.4285714285714,77.4285714285714,0,0,0,64.0475371428571,43.1428571428571,27.0341448571429,30.1428571428571,0.0,,,,,135002,chikungunya
2013-08-11,201333,0.0,0,0,0,0.5,0.0,0,1,230440020133319589,2023-08-20,Fortaleza,0.0,0.0,2686612,24.4285714285714,83.7142857142857,0,0,0,66.8513178571429,43.8571428571429,26.814891,29.5714285714286,0.0,,,,,135002,chikungunya
2013-08-04,201332,0.0,0,0,0,0.5,0.0,0,1,230440020133219589,2023-08-20,Fortaleza,0.0,0.0,2686612,24.0,76.8571428571429,0,0,0,63.2824881428571,44.5714285714286,26.7444331428571,29.5714285714286,0.0,,,,,135002,chikungunya
2013-07-28,201331,0.0,0,0,0,0.5,0.0,0,1,230440020133119589,2023-08-20,Fortaleza,0.0,0.0,2686612,23.5714285714286,78.8571428571429,0,0,0,61.750001,38.1428571428571,26.576531,29.8571428571429,0.0,,,,,135002,chikungunya
2013-07-21,201330,0.0,0,0,0,0.5,0.0,0,1,230440020133019589,2023-08-20,Fortaleza,0.0,0.0,2686612,24.1428571428571,84.1428571428571,0,0,0,71.4111872857143,53.2857142857143,26.448866,28.8571428571429,0.0,,,,,135002,chikungunya
2013-07-14,201329,0.0,0,0,0,0.5,0.0,0,1,230440020132919589,2023-08-20,Fortaleza,0.0,0.0,2686612,23.5714285714286,88.0,0,0,0,73.246598,51.2857142857143,26.2714282857143,29.1428571428571,0.0,,,,,135002,chikungunya
2013-07-07,201328,0.0,0,0,0,0.5,0.0,0,1,230440020132819589,2023-08-20,Fortaleza,0.0,0.0,2686612,23.4285714285714,86.4285714285714,0,0,0,69.8833141428571,48.4285714285714,26.3214285714286,29.4285714285714,0.0,,,,,135002,chikungunya
2013-06-30,201327,0.0,0,0,0,0.5,0.0,0,1,230440020132719589,2023-08-20,Fortaleza,0.0,0.0,2686612,23.4285714285714,89.2857142857143,0,0,0,73.7103545714286,51.7142857142857,25.9818212857143,29.2857142857143,0.0,,,,,135002,chikungunya
2013-06-23,201326,0.0,0,0,0,0.5,0.0,0,1,230440020132619589,2023-08-20,Fortaleza,0.0,0.0,2686612,24.4285714285714,86.2857142857143,0,0,0,73.559098,53.4285714285714,26.6534868571429,29.2857142857143,0.0,,,,,135002,chikungunya
2013-06-16,201325,0.0,0,0,0,0.5,0.0,0,1,230440020132519589,2023-08-20,Fortaleza,0.0,0.0,2686612,24.0,87.1428571428571,0,0,0,73.3904614285714,53.2857142857143,26.6770637142857,29.1428571428571,0.0,,,,,135002,chikungunya
2013-06-09,201324,0.0,0,0,0,0.5,0.0,0,1,230440020132419589,2023-08-20,Fortaleza,0.0,0.0,2686612,24.0,88.7142857142857,0,0,0,74.9852364285714,53.8571428571429,26.38237,29.2857142857143,0.0,,,,,135002,chikungunya
2013-06-02,201323,0.0,0,0,0,0.5,0.0,0,1,230440020132319589,2023-08-20,Fortaleza,0.0,0.0,2686612,23.5714285714286,88.8571428571429,0,0,0,73.1179334285714,51.8571428571429,26.6232662857143,29.7142857142857,0.0,,,,,135002,chikungunya
2013-05-26,201322,0.0,0,0,0,0.5,0.0,0,1,230440020132219589,2023-08-20,Fortaleza,0.0,0.0,2686612,24.1428571428571,86.4285714285714,0,0,0,68.8918735714286,48.7142857142857,27.339284,30.4285714285714,0.0,,,,,135002,chikungunya
2013-05-19,201321,0.0,0,0,0,0.5,0.0,0,1,230440020132119589,2023-08-20,Fortaleza,0.0,0.0,2686612,24.0,90.5714285714286,0,0,0,77.4059228571429,57.1428571428571,26.7300491428571,29.5714285714286,0.0,,,,,135002,chikungunya
2013-05-12,201320,0.0,0,0,0,0.5,0.0,0,1,230440020132019589,2023-08-20,Fortaleza,0.0,0.0,2686612,24.8571428571429,88.8571428571429,0,0,0,73.9781965714286,55.4285714285714,27.2962142857143,29.8571428571429,0.0,,,,,135002,chikungunya
2013-05-05,201319,0.0,0,0,0,0.5,0.0,0,1,230440020131919589,2023-08-20,Fortaleza,0.0,0.0,2686612,25.2857142857143,85.8571428571429,0,0,0,68.616169,48.7142857142857,27.9899705714286,30.7142857142857,0.0,,,,,135002,chikungunya
2013-04-28,201318,0.0,0,0,0,0.5,0.0,0,1,230440020131819589,2023-08-20,Fortaleza,0.0,0.0,2686612,24.7142857142857,88.0,0,0,0,73.2413822857143,52.2857142857143,27.1606575714286,30.0,0.0,,,,,135002,chikungunya
2013-04-21,201317,0.0,0,0,0,0.5,0.0,0,1,230440020131719589,2023-08-20,Fortaleza,0.0,0.0,2686612,24.1428571428571,88.7142857142857,0,0,0,75.8537142857143,55.4285714285714,26.8447165714286,29.7142857142857,0.0,,,,,135002,chikungunya
2013-04-14,201316,0.0,0,0,0,0.5,0.0,0,1,230440020131619589,2023-08-20,Fortaleza,0.0,0.0,2686612,25.2857142857143,84.1428571428571,0,0,0,70.5221708571429,51.7142857142857,27.8387741428571,31.0,0.0,,,,,135002,chikungunya
2013-04-07,201315,0.0,0,0,0,0.5,0.0,0,1,230440020131519589,2023-08-20,Fortaleza,0.0,0.0,2686612,25.8571428571429,83.4285714285714,0,0,0,70.0225191428571,53.5714285714286,28.226601,30.8571428571429,0.0,,,,,135002,chikungunya
2013-03-31,201314,0.0,0,0,0,0.5,0.0,0,1,230440020131419589,2023-08-20,Fortaleza,0.0,0.0,2686612,24.8571428571429,85.8571428571429,0,0,0,69.6914814285714,50.4285714285714,27.7909621428571,30.7142857142857,0.0,,,,,135002,chikungunya
2013-03-24,201313,0.0,0,0,0,0.5,0.0,0,1,230440020131319589,2023-08-20,Fortaleza,0.0,0.0,2686612,26.0,83.1428571428571,0,0,0,69.3750885714286,52.0,28.2209008571429,30.7142857142857,0.0,,,,,135002,chikungunya
2013-03-17,201312,0.0,0,0,0,0.5,0.0,0,1,230440020131219589,2023-08-20,Fortaleza,0.0,0.0,2686612,25.5714285714286,83.5714285714286,0,0,0,70.7687014285714,54.1428571428571,27.9333578571429,30.5714285714286,0.0,,,,,135002,chikungunya
2013-03-10,201311,0.0,0,0,0,0.5,0.0,0,1,230440020131119589,2023-08-20,Fortaleza,0.0,0.0,2686612,26.5714285714286,80.2857142857143,0,0,0,68.7297814285714,52.7142857142857,28.4667424285714,31.1428571428571,0.0,,,,,135002,chikungunya
2013-03-03,201310,0.0,0,0,0,0.5,0.0,0,1,230440020131019589,2023-08-20,Fortaleza,0.0,0.0,2686612,26.5714285714286,80.1428571428571,0,0,0,66.4879081428572,47.2857142857143,28.5209747142857,31.5714285714286,0.0,,,,,135002,chikungunya
2013-02-24,201309,0.0,0,0,0,0.5,0.0,0,1,230440020130919589,2023-08-20,Fortaleza,0.0,0.0,2686612,26.4285714285714,78.5714285714286,0,0,0,66.4147814285714,48.0,28.348639,31.0,0.0,,,,,135002,chikungunya
2013-02-17,201308,0.0,0,0,0,0.5,0.0,0,1,230440020130819589,2023-08-20,Fortaleza,0.0,0.0,2686612,24.8571428571429,87.1428571428571,0,0,0,73.0815027142857,52.7142857142857,27.1548141428571,29.7142857142857,0.0,,,,,135002,chikungunya
2013-02-10,201307,0.0,0,0,0,0.5,0.0,0,1,230440020130719589,2023-08-20,Fortaleza,0.0,0.0,2686612,25.5714285714286,81.2857142857143,0,0,0,67.8368728571429,48.4285714285714,28.1817802857143,31.4285714285714,0.0,,,,,135002,chikungunya
2013-02-03,201306,0.0,0,0,0,0.5,0.0,0,1,230440020130619589,2023-08-20,Fortaleza,0.0,0.0,2686612,26.1428571428571,79.1428571428571,0,0,0,65.4423654285714,47.7142857142857,28.341648,31.1428571428571,0.0,,,,,135002,chikungunya
2013-01-27,201305,0.0,0,0,0,0.5,0.0,0,1,230440020130519589,2023-08-20,Fortaleza,0.0,0.0,2686612,26.0,74.7142857142857,0,0,0,63.2704085714286,44.0,28.2295917142857,31.2857142857143,0.0,,,,,135002,chikungunya
2013-01-20,201304,0.0,0,0,0,0.5,0.0,0,1,230440020130419589,2023-08-20,Fortaleza,0.0,0.0,2686612,25.4285714285714,83.7142857142857,0,0,0,70.5829865714286,51.8571428571429,27.7792598571429,30.8571428571429,0.0,,,,,135002,chikungunya
2013-01-13,201303,0.0,0,0,0,0.5,0.0,0,1,230440020130319589,2023-08-20,Fortaleza,0.0,0.0,2686612,23.0,83.7142857142857,0,0,0,70.2994604285714,52.1428571428571,27.5689695714286,30.5714285714286,0.0,,,,,135002,chikungunya
2013-01-06,201302,0.0,0,0,0,0.5,0.0,0,1,230440020130219589,2023-08-20,Fortaleza,0.0,0.0,2686612,25.8571428571429,77.7142857142857,0,0,0,65.9794907142857,48.0,27.9416681428571,30.5714285714286,0.0,,,,,135002,chikungunya
2012-12-30,201301,0.0,0,0,0,0.5,0.0,0,1,230440020130119589,2023-08-20,Fortaleza,0.0,0.0,2686612,25.4285714285714,83.5714285714286,0,0,0,69.1559715714286,52.2857142857143,27.5442174285714,30.1428571428571,0.0,,,,,135002,chikungunya
2012-12-23,201252,0.0,0,0,0,0.5,0.0,0,1,230440020125219589,2023-08-20,Fortaleza,0.0,0.0,2686612,26.0,79.0,0,0,0,67.9877171428572,50.0,27.7275128571429,30.2857142857143,0.0,,,,,135002,chikungunya
2012-12-16,201251,0.0,0,0,0,0.5,0.0,0,1,230440020125119589,2023-08-20,Fortaleza,0.0,0.0,2686612,25.7142857142857,78.7142857142857,0,0,0,66.1404114285714,49.0,27.971581,31.0,0.0,,,,,135002,chikungunya
2012-12-09,201250,0.0,0,0,0,0.5,0.0,0,1,230440020125019589,2023-08-20,Fortaleza,0.0,0.0,2686612,25.8571428571429,76.8571428571429,0,0,0,66.0930171428571,47.4285714285714,27.803444,30.5714285714286,0.0,,,,,135002,chikungunya
2012-12-02,201249,0.0,0,0,0,0.5,0.0,0,1,230440020124919589,2023-08-20,Fortaleza,0.0,0.0,2686612,25.7142857142857,75.8571428571429,0,0,0,65.7149648571429,48.7142857142857,27.4972787142857,30.5714285714286,0.0,,,,,135002,chikungunya
2012-11-25,201248,0.0,0,0,0,0.5,0.0,0,1,230440020124819589,2023-08-20,Fortaleza,0.0,0.0,2686612,25.8571428571429,75.1428571428571,0,0,0,64.2598522857143,46.1428571428571,27.6087262857143,30.4285714285714,0.0,,,,,135002,chikungunya
2012-11-18,201247,0.0,0,0,0,0.5,0.0,0,1,230440020124719589,2023-08-20,Fortaleza,0.0,0.0,2686612,25.4285714285714,79.0,0,0,0,65.2768912857143,46.4285714285714,27.6684834285714,30.8571428571429,0.0,,,,,135002,chikungunya
2012-11-11,201246,0.0,0,0,0,0.5,0.0,0,1,230440020124619589,2023-08-20,Fortaleza,0.0,0.0,2686612,25.0,75.7142857142857,0,0,0,63.1286832857143,44.7142857142857,27.2679518571429,30.1428571428571,0.0,,,,,135002,chikungunya
2012-11-04,201245,0.0,0,0,0,0.5,0.0,0,1,230440020124519589,2023-08-20,Fortaleza,0.0,0.0,2686612,25.2857142857143,74.4285714285714,0,0,0,63.7105067142857,44.7142857142857,27.0568784285714,30.0,0.0,,,,,135002,chikungunya
2012-10-28,201244,0.0,0,0,0,0.5,0.0,0,1,230440020124419589,2023-08-20,Fortaleza,0.0,0.0,2686612,24.4285714285714,80.5714285714286,0,0,0,67.1153242857143,49.1428571428571,26.8034577142857,29.7142857142857,0.0,,,,,135002,chikungunya
2012-10-21,201243,0.0,0,0,0,0.5,0.0,0,1,230440020124319589,2023-08-20,Fortaleza,0.0,0.0,2686612,24.7142857142857,80.5714285714286,0,0,0,66.9300608571429,47.5714285714286,26.8952797142857,30.2857142857143,0.0,,,,,135002,chikungunya
2012-10-14,201242,0.0,0,0,0,0.5,0.0,0,1,230440020124219589,2023-08-20,Fortaleza,0.0,0.0,2686612,24.4285714285714,78.7142857142857,0,0,0,64.3066135714286,42.4285714285714,26.9823131428571,30.4285714285714,0.0,,,,,135002,chikungunya
2012-10-07,201241,0.0,0,0,0,0.5,0.0,0,1,230440020124119589,2023-08-20,Fortaleza,0.0,0.0,2686612,24.2857142857143,77.1428571428571,0,0,0,64.191234,41.7142857142857,26.8544974285714,30.0,0.0,,,,,135002,chikungunya
2012-09-30,201240,0.0,0,0,0,0.5,0.0,0,1,230440020124019589,2023-08-20,Fortaleza,0.0,0.0,2686612,24.7142857142857,74.5714285714286,0,0,0,60.352041,34.5714285714286,27.0153061428571,30.4285714285714,0.0,,,,,135002,chikungunya
2012-09-23,201239,0.0,0,0,0,0.5,0.0,0,1,230440020123919589,2023-08-20,Fortaleza,0.0,0.0,2686612,24.5714285714286,76.2857142857143,0,0,0,63.427628,42.0,26.8919125714286,30.0,0.0,,,,,135002,chikungunya
2012-09-16,201238,0.0,0,0,0,0.5,0.0,0,1,230440020123819589,2023-08-20,Fortaleza,0.0,0.0,2686612,24.4285714285714,77.4285714285714,0,0,0,63.2660621428571,41.1428571428571,27.0007557142857,30.5714285714286,0.0,,,,,135002,chikungunya
2012-09-09,201237,0.0,0,0,0,0.5,0.0,0,1,230440020123719589,2023-08-20,Fortaleza,0.0,0.0,2686612,24.4285714285714,78.2857142857143,0,0,0,63.556123,41.8571428571429,26.8418365714286,30.0,0.0,,,,,135002,chikungunya
2012-09-02,201236,0.0,0,0,0,0.5,0.0,0,1,230440020123619589,2023-08-20,Fortaleza,0.0,0.0,2686612,23.7142857142857,74.4285714285714,0,0,0,60.1009077142857,36.4285714285714,26.6067648571429,30.1428571428571,0.0,,,,,135002,chikungunya
2012-08-26,201235,0.0,0,0,0,0.5,0.0,0,1,230440020123519589,2023-08-20,Fortaleza,0.0,0.0,2686612,24.1428571428571,77.5714285714286,0,0,0,64.6428585714286,43.5714285714286,26.6683674285714,29.7142857142857,0.0,,,,,135002,chikungunya
2012-08-19,201234,0.0,0,0,0,0.5,0.0,0,1,230440020123419589,2023-08-20,Fortaleza,0.0,0.0,2686612,23.1428571428571,75.7142857142857,0,0,0,59.8469384285714,37.0,26.4336735714286,30.2857142857143,0.0,,,,,135002,chikungunya
2012-08-12,201233,0.0,0,0,0,0.5,0.0,0,1,230440020123319589,2023-08-20,Fortaleza,0.0,0.0,2686612,23.5714285714286,77.0,0,0,0,61.6320867142857,38.5714285714286,26.702759,30.1428571428571,0.0,,,,,135002,chikungunya
2012-08-05,201232,0.0,0,0,0,0.5,0.0,0,1,230440020123219589,2023-08-20,Fortaleza,0.0,0.0,2686612,24.0,78.8571428571429,0,0,0,64.0204085714286,42.1428571428571,26.7857142857143,29.7142857142857,0.0,,,,,135002,chikungunya
2012-07-29,201231,0.0,0,0,0,0.5,0.0,0,1,230440020123119589,2023-08-20,Fortaleza,0.0,0.0,2686612,22.4285714285714,79.4285714285714,0,0,0,62.0731298571429,39.4285714285714,26.3354115714286,29.8571428571429,0.0,,,,,135002,chikungunya
2012-07-22,201230,0.0,0,0,0,0.5,0.0,0,1,230440020123019589,2023-08-20,Fortaleza,0.0,0.0,2686612,23.4285714285714,79.4285714285714,0,0,0,65.0935977142857,42.1428571428571,26.6185787142857,29.8571428571429,0.0,,,,,135002,chikungunya
2012-07-15,201229,0.0,0,0,0,0.5,0.0,0,1,230440020122919589,2023-08-20,Fortaleza,0.0,0.0,2686612,24.1428571428571,83.2857142857143,0,0,0,69.1462591428571,47.7142857142857,26.5523431428571,29.4285714285714,0.0,,,,,135002,chikungunya
2012-07-08,201228,0.0,0,0,0,0.5,0.0,0,1,230440020122819589,2023-08-20,Fortaleza,0.0,0.0,2686612,24.0,83.2857142857143,0,0,0,68.3418357142857,51.0,26.7653061428571,29.4285714285714,0.0,,,,,135002,chikungunya
2012-07-01,201227,0.0,0,0,0,0.5,0.0,0,1,230440020122719589,2023-08-20,Fortaleza,0.0,0.0,2686612,23.8571428571429,80.8571428571429,0,0,0,65.8238914285714,44.1428571428571,26.6790991428571,29.8571428571429,0.0,,,,,135002,chikungunya
2012-06-24,201226,0.0,0,0,0,0.5,0.0,0,1,230440020122619589,2023-08-20,Fortaleza,0.0,0.0,2686612,23.5714285714286,86.4285714285714,0,0,0,70.6132657142857,48.2857142857143,26.2931974285714,29.4285714285714,0.0,,,,,135002,chikungunya
2012-06-17,201225,0.0,0,0,0,0.5,0.0,0,1,230440020122519589,2023-08-20,Fortaleza,0.0,0.0,2686612,24.2857142857143,89.4285714285714,0,0,0,76.717163,58.2857142857143,26.260939,29.0,0.0,,,,,135002,chikungunya
2012-06-10,201224,0.0,0,0,0,0.5,0.0,0,1,230440020122419589,2023-08-20,Fortaleza,0.0,0.0,2686612,24.1428571428571,85.5714285714286,0,0,0,70.3273885714286,51.5714285714286,26.845165,29.5714285714286,0.0,,,,,135002,chikungunya
2012-06-03,201223,0.0,0,0,0,0.5,0.0,0,1,230440020122319589,2023-08-20,Fortaleza,0.0,0.0,2686612,24.8571428571429,85.7142857142857,0,0,0,72.0172821428571,53.8571428571429,27.0319872857143,29.5714285714286,0.0,,,,,135002,chikungunya
2012-05-27,201222,0.0,0,0,0,0.5,0.0,0,1,230440020122219589,2023-08-20,Fortaleza,0.0,0.0,2686612,24.2857142857143,85.5714285714286,0,0,0,72.3574957142857,53.8571428571429,26.8997184285714,29.7142857142857,0.0,,,,,135002,chikungunya
2012-05-20,201221,0.0,0,0,0,0.5,0.0,0,1,230440020122119589,2023-08-20,Fortaleza,0.0,0.0,2686612,24.4285714285714,84.1428571428571,0,0,0,71.59418,54.0,26.820295,29.5714285714286,0.0,,,,,135002,chikungunya
2012-05-13,201220,0.0,0,0,0,0.5,0.0,0,1,230440020122019589,2023-08-20,Fortaleza,0.0,0.0,2686612,24.8571428571429,86.2857142857143,0,0,0,73.4960165714286,59.0,27.0797737142857,29.2857142857143,0.0,,,,,135002,chikungunya
2012-05-06,201219,0.0,0,0,0,0.5,0.0,0,1,230440020121919589,2023-08-20,Fortaleza,0.0,0.0,2686612,25.0,84.2857142857143,0,0,0,69.6751817142857,50.8571428571429,27.508558,30.1428571428571,0.0,,,,,135002,chikungunya
2012-04-29,201218,0.0,0,0,0,0.5,0.0,0,1,230440020121819589,2023-08-20,Fortaleza,0.0,0.0,2686612,25.0,81.2857142857143,0,0,0,69.6256528571429,52.8571428571429,27.488874,30.2857142857143,0.0,,,,,135002,chikungunya
2012-04-22,201217,0.0,0,0,0,0.5,0.0,0,1,230440020121719589,2023-08-20,Fortaleza,0.0,0.0,2686612,25.0,88.7142857142857,0,0,0,75.0925548571429,57.1428571428571,27.3677907142857,30.1428571428571,0.0,,,,,135002,chikungunya
2012-04-15,201216,0.0,0,0,0,0.5,0.0,0,1,230440020121619589,2023-08-20,Fortaleza,0.0,0.0,2686612,25.0,89.7142857142857,0,0,0,78.9730384285714,63.1428571428571,26.7558641428571,29.0,0.0,,,,,135002,chikungunya
2012-04-08,201215,0.0,0,0,0,0.5,0.0,0,1,230440020121519589,2023-08-20,Fortaleza,0.0,0.0,2686612,24.8571428571429,84.7142857142857,0,0,0,68.4690114285714,46.7142857142857,27.6470142857143,30.4285714285714,0.0,,,,,135002,chikungunya
2012-04-01,201214,0.0,0,0,0,0.5,0.0,0,1,230440020121419589,2023-08-20,Fortaleza,0.0,0.0,2686612,25.4285714285714,87.2857142857143,0,0,0,74.0811855714286,56.1428571428571,27.5377037142857,30.2857142857143,0.0,,,,,135002,chikungunya
2012-03-25,201213,0.0,0,0,0,0.5,0.0,0,1,230440020121319589,2023-08-20,Fortaleza,0.0,0.0,2686612,23.4285714285714,91.7142857142857,0,0,0,79.7565207142857,61.4285714285714,26.1737508571429,28.8571428571429,0.0,,,,,135002,chikungunya
2012-03-18,201212,0.0,0,0,0,0.5,0.0,0,1,230440020121219589,2023-08-20,Fortaleza,0.0,0.0,2686612,23.7142857142857,90.1428571428571,0,0,0,76.7324328571429,59.1428571428571,26.5047348571429,29.5714285714286,0.0,,,,,135002,chikungunya
2012-03-11,201211,0.0,0,0,0,0.5,0.0,0,1,230440020121119589,2023-08-20,Fortaleza,0.0,0.0,2686612,23.2857142857143,91.7142857142857,0,0,0,77.8567322857143,60.2857142857143,26.057118,28.7142857142857,0.0,,,,,135002,chikungunya
2012-03-04,201210,0.0,0,0,0,0.5,0.0,0,1,230440020121019589,2023-08-20,Fortaleza,0.0,0.0,2686612,23.4285714285714,88.7142857142857,0,0,0,74.6645421428571,54.8571428571429,26.2777358571429,29.2857142857143,0.0,,,,,135002,chikungunya
2012-02-26,201209,0.0,0,0,0,0.5,0.0,0,1,230440020120919589,2023-08-20,Fortaleza,0.0,0.0,2686612,23.0,90.1428571428571,0,0,0,76.6347514285714,59.0,25.8559498571429,28.5714285714286,0.0,,,,,135002,chikungunya
2012-02-19,201208,0.0,0,0,0,0.5,0.0,0,1,230440020120819589,2023-08-20,Fortaleza,0.0,0.0,2686612,22.8571428571429,89.4285714285714,0,0,0,78.269148,60.0,25.3949057142857,29.0,0.0,,,,,135002,chikungunya
2012-02-12,201207,0.0,0,0,0,0.5,0.0,0,1,230440020120719589,2023-08-20,Fortaleza,0.0,0.0,2686612,23.0,93.4285714285714,0,0,0,83.0675957142857,67.8571428571429,25.3791605714286,27.8571428571429,0.0,,,,,135002,chikungunya
2012-02-05,201206,0.0,0,0,0,0.5,0.0,0,1,230440020120619589,2023-08-20,Fortaleza,0.0,0.0,2686612,24.5714285714286,88.0,0,0,0,75.5153071428571,56.8571428571429,27.0357144285714,29.8571428571429,0.0,,,,,135002,chikungunya
2012-01-29,201205,0.0,0,0,0,0.5,0.0,0,1,230440020120519589,2023-08-20,Fortaleza,0.0,0.0,2686612,25.0,83.2857142857143,0,0,0,72.2392271428571,56.2857142857143,26.9497357142857,29.2857142857143,0.0,,,,,135002,chikungunya
2012-01-22,201204,0.0,0,0,0,0.5,0.0,0,1,230440020120419589,2023-08-20,Fortaleza,0.0,0.0,2686612,24.5714285714286,87.8571428571429,0,0,0,76.3431577142857,60.4285714285714,26.6942555714286,29.2857142857143,0.0,,,,,135002,chikungunya
2012-01-15,201203,0.0,0,0,0,0.5,0.0,0,1,230440020120319589,2023-08-20,Fortaleza,0.0,0.0,2686612,23.8571428571429,92.7142857142857,0,0,0,80.0899028571429,63.5714285714286,26.184064,29.0,0.0,,,,,135002,chikungunya
2012-01-08,201202,0.0,0,0,0,0.5,0.0,0,1,230440020120219589,2023-08-20,Fortaleza,0.0,0.0,2686612,25.1428571428571,88.8571428571429,0,0,0,74.9072171428571,55.0,27.1545731428571,30.0,0.0,,,,,135002,chikungunya
2012-01-01,201201,0.0,0,0,0,0.5,0.0,0,1,230440020120119589,2023-08-20,Fortaleza,0.0,0.0,2686612,25.2857142857143,85.5714285714286,0,0,0,73.9229157142857,55.8571428571429,27.125007,29.8571428571429,0.0,,,,,135002,chikungunya
2011-12-25,201152,0.0,0,0,0,0.5,0.0,0,1,230440020115219589,2023-08-20,Fortaleza,0.0,0.0,2686612,25.125,87.25,0,0,0,76.01332575,58.625,26.886585375,30.0,0.0,,,,,135002,chikungunya
2011-12-18,201151,0.0,0,0,0,0.5,0.0,0,1,230440020115119589,2023-08-20,Fortaleza,0.0,0.0,2686612,24.7142857142857,87.1428571428571,0,0,0,74.2514285714286,57.0,26.8987754285714,29.7142857142857,0.0,,,,,135002,chikungunya
2011-12-11,201150,0.0,0,0,0,0.5,0.0,0,1,230440020115019589,2023-08-20,Fortaleza,0.0,0.0,2686612,24.7142857142857,86.4285714285714,0,0,0,72.9476557142857,55.5714285714286,26.860733,29.4285714285714,0.0,,,,,135002,chikungunya
2011-12-04,201149,0.0,0,0,0,0.5,0.0,0,1,230440020114919589,2023-08-20,Fortaleza,0.0,0.0,2686612,24.5714285714286,87.1428571428571,0,0,0,73.6349214285714,54.7142857142857,26.8038894285714,29.8571428571429,0.0,,,,,135002,chikungunya
2011-11-27,201148,0.0,0,0,0,0.5,0.0,0,1,230440020114819589,2023-08-20,Fortaleza,0.0,0.0,2686612,24.7142857142857,85.5714285714286,0,0,0,73.1747928571429,55.4285714285714,26.6969734285714,29.7142857142857,0.0,,,,,135002,chikungunya
2011-11-20,201147,0.0,0,0,0,0.5,0.0,0,1,230440020114719589,2023-08-20,Fortaleza,0.0,0.0,2686612,24.7142857142857,87.2857142857143,0,0,0,73.9848812857143,56.1428571428571,26.8376795714286,29.7142857142857,0.0,,,,,135002,chikungunya
2011-11-13,201146,0.0,0,0,0,0.5,0.0,0,1,230440020114619589,2023-08-20,Fortaleza,0.0,0.0,2686612,24.5714285714286,88.7142857142857,0,0,0,75.11659,57.0,26.6802722857143,29.5714285714286,0.0,,,,,135002,chikungunya
2011-11-06,201145,0.0,0,0,0,0.5,0.0,0,1,230440020114519589,2023-08-20,Fortaleza,0.0,0.0,2686612,24.0,90.2857142857143,0,0,0,74.4216394285714,55.4285714285714,26.609919,29.5714285714286,0.0,,,,,135002,chikungunya
2011-10-30,201144,0.0,0,0,0,0.5,0.0,0,1,230440020114419589,2023-08-20,Fortaleza,0.0,0.0,2686612,24.2857142857143,91.1428571428571,0,0,0,76.1271728571429,58.0,26.5334468571429,29.1428571428571,0.0,,,,,135002,chikungunya
2011-10-23,201143,0.0,0,0,0,0.5,0.0,0,1,230440020114319589,2023-08-20,Fortaleza,0.0,0.0,2686612,24.5714285714286,87.8571428571429,0,0,0,73.7086171428571,53.8571428571429,26.6203705714286,29.5714285714286,0.0,,,,,135002,chikungunya
2011-10-16,201142,0.0,0,0,0,0.5,0.0,0,1,230440020114219589,2023-08-20,Fortaleza,0.0,0.0,2686612,24.4285714285714,90.2857142857143,0,0,0,78.1797757142857,62.7142857142857,26.240076,28.4285714285714,0.0,,,,,135002,chikungunya
2011-10-09,201141,0.0,0,0,0,0.5,0.0,0,1,230440020114119589,2023-08-20,Fortaleza,0.0,0.0,2686612,24.4285714285714,88.0,0,0,0,75.3390014285714,56.2857142857143,26.2983748571429,29.0,0.0,,,,,135002,chikungunya
2011-10-02,201140,0.0,0,0,0,0.5,0.0,0,1,230440020114019589,2023-08-20,Fortaleza,0.0,0.0,2686612,24.4285714285714,83.0,0,0,0,69.8497721428571,46.7142857142857,26.4557822857143,29.8571428571429,0.0,,,,,135002,chikungunya
2011-09-25,201139,0.0,0,0,0,0.5,0.0,0,1,230440020113919589,2023-08-20,Fortaleza,0.0,0.0,2686612,23.7142857142857,87.0,0,0,0,73.0128507142857,50.5714285714286,26.308957,29.7142857142857,0.0,,,,,135002,chikungunya
2011-09-18,201138,0.0,0,0,0,0.5,0.0,0,1,230440020113819589,2023-08-20,Fortaleza,0.0,0.0,2686612,22.4285714285714,86.2857142857143,0,0,0,69.4761918571429,42.2857142857143,26.0300455714286,30.0,0.0,,,,,135002,chikungunya
2011-09-11,201137,0.0,0,0,0,0.5,0.0,0,1,230440020113719589,2023-08-20,Fortaleza,0.0,0.0,2686612,23.1428571428571,87.2857142857143,0,0,0,70.4094842857143,46.5714285714286,26.1768705714286,29.7142857142857,0.0,,,,,135002,chikungunya
2011-09-04,201136,0.0,0,0,0,0.5,0.0,0,1,230440020113619589,2023-08-20,Fortaleza,0.0,0.0,2686612,22.5714285714286,84.5714285714286,0,0,0,68.6630757142857,46.0,26.0878685714286,29.7142857142857,0.0,,,,,135002,chikungunya
2011-08-28,201135,0.0,0,0,0,0.5,0.0,0,1,230440020113519589,2023-08-20,Fortaleza,0.0,0.0,2686612,22.5714285714286,89.2857142857143,0,0,0,71.8877528571429,49.2857142857143,25.9795918571429,29.1428571428571,0.0,,,,,135002,chikungunya
2011-08-21,201134,0.0,0,0,0,0.5,0.0,0,1,230440020113419589,2023-08-20,Fortaleza,0.0,0.0,2686612,22.4285714285714,94.1428571428571,0,0,0,76.7047857142857,51.7142857142857,25.6333567142857,29.1428571428571,0.0,,,,,135002,chikungunya
2011-08-14,201133,0.0,0,0,0,0.5,0.0,0,1,230440020113319589,2023-08-20,Fortaleza,0.0,0.0,2686612,22.1428571428571,89.2857142857143,0,0,0,72.9877157142857,50.1428571428571,25.803259,29.2857142857143,0.0,,,,,135002,chikungunya
2011-08-07,201132,0.0,0,0,0,0.5,0.0,0,1,230440020113219589,2023-08-20,Fortaleza,0.0,0.0,2686612,23.1428571428571,92.4285714285714,0,0,0,74.3520271428571,52.4285714285714,26.2066831428571,29.7142857142857,0.0,,,,,135002,chikungunya
2011-07-31,201131,0.0,0,0,0,0.5,0.0,0,1,230440020113119589,2023-08-20,Fortaleza,0.0,0.0,2686612,23.1428571428571,94.2857142857143,0,0,0,79.768332,58.8571428571429,25.7499765714286,28.5714285714286,0.0,,,,,135002,chikungunya
2011-07-24,201130,0.0,0,0,0,0.5,0.0,0,1,230440020113019589,2023-08-20,Fortaleza,0.0,0.0,2686612,22.1428571428571,91.0,0,0,0,73.4586164285714,50.5714285714286,25.7923287142857,29.2857142857143,0.0,,,,,135002,chikungunya
2011-07-17,201129,0.0,0,0,0,0.5,0.0,0,1,230440020112919589,2023-08-20,Fortaleza,0.0,0.0,2686612,23.0,94.2857142857143,0,0,0,78.5598007142857,58.4285714285714,25.6480174285714,28.8571428571429,0.0,,,,,135002,chikungunya
2011-07-10,201128,0.0,0,0,0,0.5,0.0,0,1,230440020112819589,2023-08-20,Fortaleza,0.0,0.0,2686612,22.1428571428571,96.5714285714286,0,0,0,82.0022477142857,62.5714285714286,24.9035615714286,28.1428571428571,0.0,,,,,135002,chikungunya
2011-07-03,201127,0.0,0,0,0,0.5,0.0,0,1,230440020112719589,2023-08-20,Fortaleza,0.0,0.0,2686612,23.2857142857143,95.1428571428571,0,0,0,83.2084214285714,62.1428571428571,25.5899282857143,28.7142857142857,0.0,,,,,135002,chikungunya
2011-06-26,201126,0.0,0,0,0,0.5,0.0,0,1,230440020112619589,2023-08-20,Fortaleza,0.0,0.0,2686612,23.0,95.0,0,0,0,81.6571394285714,63.0,25.4730391428571,28.4285714285714,0.0,,,,,135002,chikungunya
2011-06-19,201125,0.0,0,0,0,0.5,0.0,0,1,230440020112519589,2023-08-20,Fortaleza,0.0,0.0,2686612,23.1428571428571,98.2857142857143,0,0,0,81.42399,58.7142857142857,26.0822127142857,29.2857142857143,0.0,,,,,135002,chikungunya
2011-06-12,201124,0.0,0,0,0,0.5,0.0,0,1,230440020112419589,2023-08-20,Fortaleza,0.0,0.0,2686612,23.1428571428571,96.5714285714286,0,0,0,77.4183088571429,53.4285714285714,26.1379701428571,29.7142857142857,0.0,,,,,135002,chikungunya
2011-06-05,201123,0.0,0,0,0,0.5,0.0,0,1,230440020112319589,2023-08-20,Fortaleza,0.0,0.0,2686612,23.2857142857143,97.5714285714286,0,0,0,81.078042,57.7142857142857,26.2594478571429,29.2857142857143,0.0,,,,,135002,chikungunya
2011-05-29,201122,0.0,0,0,0,0.5,0.0,0,1,230440020112219589,2023-08-20,Fortaleza,0.0,0.0,2686612,23.0,96.7142857142857,0,0,0,79.08636,53.2857142857143,26.3327661428571,29.5714285714286,0.0,,,,,135002,chikungunya
2011-05-22,201121,0.0,0,0,0,0.5,0.0,0,1,230440020112119589,2023-08-20,Fortaleza,0.0,0.0,2686612,23.5714285714286,96.0,0,0,0,80.5863571428571,59.0,26.5568195714286,29.8571428571429,0.0,,,,,135002,chikungunya
2011-05-15,201120,0.0,0,0,0,0.5,0.0,0,1,230440020112019589,2023-08-20,Fortaleza,0.0,0.0,2686612,23.5714285714286,99.1428571428571,0,0,0,85.0764391428571,61.2857142857143,26.1315322857143,29.5714285714286,0.0,,,,,135002,chikungunya
2011-05-08,201119,0.0,0,0,0,0.5,0.0,0,1,230440020111919589,2023-08-20,Fortaleza,0.0,0.0,2686612,23.5714285714286,98.2857142857143,0,0,0,85.8319121428571,65.5714285714286,25.8949994285714,29.0,0.0,,,,,135002,chikungunya
2011-05-01,201118,0.0,0,0,0,0.5,0.0,0,1,230440020111819589,2023-08-20,Fortaleza,0.0,0.0,2686612,23.4285714285714,100.0,0,0,0,90.0210737142857,70.0,25.8080001428571,29.0,0.0,,,,,135002,chikungunya
2011-04-24,201117,0.0,0,0,0,0.5,0.0,0,1,230440020111719589,2023-08-20,Fortaleza,0.0,0.0,2686612,23.0,100.0,0,0,0,90.1027222857143,71.2857142857143,25.19966,28.5714285714286,0.0,,,,,135002,chikungunya
2011-04-17,201116,0.0,0,0,0,0.5,0.0,0,1,230440020111619589,2023-08-20,Fortaleza,0.0,0.0,2686612,23.0,100.0,0,0,0,91.0577837142857,77.1428571428571,25.0315964285714,27.5714285714286,0.0,,,,,135002,chikungunya
2011-04-10,201115,0.0,0,0,0,0.5,0.0,0,1,230440020111519589,2023-08-20,Fortaleza,0.0,0.0,2686612,22.7142857142857,100.0,0,0,0,90.9984408571429,75.8571428571429,25.0035124285714,27.5714285714286,0.0,,,,,135002,chikungunya
2011-04-03,201114,0.0,0,0,0,0.5,0.0,0,1,230440020111419589,2023-08-20,Fortaleza,0.0,0.0,2686612,23.8571428571429,98.2857142857143,0,0,0,85.1651822857143,67.2857142857143,26.5749174285714,29.2857142857143,0.0,,,,,135002,chikungunya
2011-03-27,201113,0.0,0,0,0,0.5,0.0,0,1,230440020111319589,2023-08-20,Fortaleza,0.0,0.0,2686612,23.8571428571429,98.2857142857143,0,0,0,87.2425591428571,67.5714285714286,26.1678805714286,29.4285714285714,0.0,,,,,135002,chikungunya
2011-03-20,201112,0.0,0,0,0,0.5,0.0,0,1,230440020111219589,2023-08-20,Fortaleza,0.0,0.0,2686612,24.1428571428571,95.1428571428571,0,0,0,80.9247921428571,62.8571428571429,26.9514361428571,30.1428571428571,0.0,,,,,135002,chikungunya
2011-03-13,201111,0.0,0,0,0,0.5,0.0,0,1,230440020111119589,2023-08-20,Fortaleza,0.0,0.0,2686612,23.2857142857143,98.2857142857143,0,0,0,81.6037457142857,60.4285714285714,26.507511,29.8571428571429,0.0,,,,,135002,chikungunya
2011-03-06,201110,0.0,0,0,0,0.5,0.0,0,1,230440020111019589,2023-08-20,Fortaleza,0.0,0.0,2686612,23.0,99.1428571428571,0,0,0,88.638696,70.1428571428571,25.5775774285714,28.7142857142857,0.0,,,,,135002,chikungunya
2011-02-27,201109,0.0,0,0,0,0.5,0.0,0,1,230440020110919589,2023-08-20,Fortaleza,0.0,0.0,2686612,23.4285714285714,98.2857142857143,0,0,0,82.1641591428571,62.5714285714286,26.1197792857143,29.5714285714286,0.0,,,,,135002,chikungunya
2011-02-20,201108,0.0,0,0,0,0.5,0.0,0,1,230440020110819589,2023-08-20,Fortaleza,0.0,0.0,2686612,23.2857142857143,100.0,0,0,0,88.3725637142857,72.2857142857143,25.5938017142857,28.5714285714286,0.0,,,,,135002,chikungunya
2011-02-13,201107,0.0,0,0,0,0.5,0.0,0,1,230440020110719589,2023-08-20,Fortaleza,0.0,0.0,2686612,22.5714285714286,99.1428571428571,0,0,0,88.4132034285714,72.4285714285714,25.2128497142857,27.8571428571429,0.0,,,,,135002,chikungunya
2011-02-06,201106,0.0,0,0,0,0.5,0.0,0,1,230440020110619589,2023-08-20,Fortaleza,0.0,0.0,2686612,24.2857142857143,92.1428571428571,0,0,0,82.050452,66.2857142857143,26.2243608571429,28.8571428571429,0.0,,,,,135002,chikungunya
2011-01-30,201105,0.0,0,0,0,0.5,0.0,0,1,230440020110519589,2023-08-20,Fortaleza,0.0,0.0,2686612,24.1428571428571,95.1428571428571,0,0,0,81.8721027142857,63.7142857142857,26.5329521428571,29.2857142857143,0.0,,,,,135002,chikungunya
2011-01-23,201104,0.0,0,0,0,0.5,0.0,0,1,230440020110419589,2023-08-20,Fortaleza,0.0,0.0,2686612,22.4285714285714,98.5714285714286,0,0,0,87.8978137142857,68.7142857142857,24.8291977142857,27.8571428571429,0.0,,,,,135002,chikungunya
2011-01-16,201103,0.0,0,0,0,0.5,0.0,0,1,230440020110319589,2023-08-20,Fortaleza,0.0,0.0,2686612,23.1428571428571,98.2857142857143,0,0,0,88.7626465714286,73.5714285714286,25.0612021428571,27.4285714285714,0.0,,,,,135002,chikungunya
2011-01-09,201102,0.0,0,0,0,0.5,0.0,0,1,230440020110219589,2023-08-20,Fortaleza,0.0,0.0,2686612,22.8571428571429,96.5714285714286,0,0,0,83.8069457142857,65.4285714285714,25.6204957142857,28.2857142857143,0.0,,,,,135002,chikungunya
2011-01-02,201101,0.0,0,0,0,0.5,0.0,0,1,230440020110119589,2023-08-20,Fortaleza,0.0,0.0,2686612,24.0,90.2857142857143,0,0,0,76.9952262857143,58.2857142857143,26.7292628571429,29.8571428571429,0.0,,,,,135002,chikungunya
2010-12-26,201052,0.0,0,0,0,0.5,0.0,0,1,230440020105219589,2023-08-20,Fortaleza,0.0,0.0,2686612,25.0,86.2857142857143,0,0,0,72.9115648571428,52.7142857142857,27.1789494285714,30.1428571428571,0.0,,,,,135002,chikungunya
2010-12-19,201051,0.0,0,0,0,0.5,0.0,0,1,230440020105119589,2023-08-20,Fortaleza,0.0,0.0,2686612,24.7142857142857,91.1428571428571,0,0,0,76.9967428571429,60.2857142857143,27.1406768571429,30.0,0.0,,,,,135002,chikungunya
2010-12-12,201050,0.0,0,0,0,0.5,0.0,0,1,230440020105019589,2023-08-20,Fortaleza,0.0,0.0,2686612,24.5714285714286,92.5714285714286,0,0,0,79.7507208571429,62.5714285714286,26.3790945714286,29.2857142857143,0.0,,,,,135002,chikungunya
2010-12-05,201049,0.0,0,0,0,0.5,0.0,0,1,230440020104919589,2023-08-20,Fortaleza,0.0,0.0,2686612,25.1428571428571,88.2857142857143,0,0,0,73.9870565714286,58.0,27.2182538571429,30.0,0.0,,,,,135002,chikungunya
2010-11-28,201048,0.0,0,0,0,0.5,0.0,0,1,230440020104819589,2023-08-20,Fortaleza,0.0,0.0,2686612,25.0,84.1428571428571,0,0,0,71.77551,53.1428571428571,27.3061222857143,30.0,0.0,,,,,135002,chikungunya
2010-11-21,201047,0.0,0,0,0,0.5,0.0,0,1,230440020104719589,2023-08-20,Fortaleza,0.0,0.0,2686612,25.0,83.1428571428571,0,0,0,72.0088078571429,55.4285714285714,27.1202977142857,30.2857142857143,0.0,,,,,135002,chikungunya
2010-11-14,201046,0.0,0,0,0,0.5,0.0,0,1,230440020104619589,2023-08-20,Fortaleza,0.0,0.0,2686612,25.0,85.4285714285714,0,0,0,72.3591971428571,54.5714285714286,27.184985,30.1428571428571,0.0,,,,,135002,chikungunya
2010-11-07,201045,0.0,0,0,0,0.5,0.0,0,1,230440020104519589,2023-08-20,Fortaleza,0.0,0.0,2686612,25.0,84.2857142857143,0,0,0,69.0069495714286,46.2857142857143,27.401032,30.5714285714286,0.0,,,,,135002,chikungunya
2010-10-31,201044,0.0,0,0,0,0.5,0.0,0,1,230440020104419589,2023-08-20,Fortaleza,0.0,0.0,2686612,24.8571428571429,84.7142857142857,0,0,0,70.9242257142857,52.8571428571429,27.2369615714286,30.4285714285714,0.0,,,,,135002,chikungunya
2010-10-24,201043,0.0,0,0,0,0.5,0.0,0,1,230440020104319589,2023-08-20,Fortaleza,0.0,0.0,2686612,24.5714285714286,85.4285714285714,0,0,0,72.2243014285714,55.0,26.9646634285714,30.0,0.0,,,,,135002,chikungunya
2010-10-17,201042,0.0,0,0,0,0.5,0.0,0,1,230440020104219589,2023-08-20,Fortaleza,0.0,0.0,2686612,24.2857142857143,87.2857142857143,0,0,0,73.6122442857143,54.5714285714286,26.8367342857143,30.0,0.0,,,,,135002,chikungunya
2010-10-10,201041,0.0,0,0,0,0.5,0.0,0,1,230440020104119589,2023-08-20,Fortaleza,0.0,0.0,2686612,24.1428571428571,84.8571428571429,0,0,0,70.1683671428572,48.0,26.8214284285714,30.5714285714286,0.0,,,,,135002,chikungunya
2010-10-03,201040,0.0,0,0,0,0.5,0.0,0,1,230440020104019589,2023-08-20,Fortaleza,0.0,0.0,2686612,23.8571428571429,86.2857142857143,0,0,0,71.9950871428571,49.4285714285714,26.6086544285714,30.0,0.0,,,,,135002,chikungunya
2010-09-26,201039,0.0,0,0,0,0.5,0.0,0,1,230440020103919589,2023-08-20,Fortaleza,0.0,0.0,2686612,24.2857142857143,84.7142857142857,0,0,0,73.2997987142857,55.5714285714286,26.326109,29.2857142857143,0.0,,,,,135002,chikungunya
2010-09-19,201038,0.0,0,0,0,0.5,0.0,0,1,230440020103819589,2023-08-20,Fortaleza,0.0,0.0,2686612,23.4285714285714,80.1428571428571,0,0,0,67.213061,44.2857142857143,26.4742857142857,30.0,0.0,,,,,135002,chikungunya
2010-09-12,201037,0.0,0,0,0,0.5,0.0,0,1,230440020103719589,2023-08-20,Fortaleza,0.0,0.0,2686612,23.2857142857143,84.7142857142857,0,0,0,67.329932,42.1428571428571,26.3690478571429,30.1428571428571,0.0,,,,,135002,chikungunya
2010-09-05,201036,0.0,0,0,0,0.5,0.0,0,1,230440020103619589,2023-08-20,Fortaleza,0.0,0.0,2686612,22.8571428571429,84.5714285714286,0,0,0,69.1734695714286,45.0,26.0306124285714,29.2857142857143,0.0,,,,,135002,chikungunya
2010-08-29,201035,0.0,0,0,0,0.5,0.0,0,1,230440020103519589,2023-08-20,Fortaleza,0.0,0.0,2686612,23.1428571428571,82.4285714285714,0,0,0,67.770409,45.7142857142857,26.3316324285714,29.7142857142857,0.0,,,,,135002,chikungunya
2010-08-22,201034,0.0,0,0,0,0.5,0.0,0,1,230440020103419589,2023-08-20,Fortaleza,0.0,0.0,2686612,23.2857142857143,83.0,0,0,0,71.5224871428571,51.0,26.3446711428571,30.0,0.0,,,,,135002,chikungunya
2010-08-15,201033,0.0,0,0,0,0.5,0.0,0,1,230440020103319589,2023-08-20,Fortaleza,0.0,0.0,2686612,23.1428571428571,85.4285714285714,0,0,0,69.0069914285714,43.4285714285714,26.1995461428571,30.0,0.0,,,,,135002,chikungunya
2010-08-08,201032,0.0,0,0,0,0.5,0.0,0,1,230440020103219589,2023-08-20,Fortaleza,0.0,0.0,2686612,22.7142857142857,85.5714285714286,0,0,0,66.493842,40.8571428571429,26.3075301428571,30.1428571428571,0.0,,,,,135002,chikungunya
2010-08-01,201031,0.0,0,0,0,0.5,0.0,0,1,230440020103119589,2023-08-20,Fortaleza,0.0,0.0,2686612,23.1428571428571,87.8571428571429,0,0,0,69.7551028571429,45.8571428571429,26.3265305714286,30.0,0.0,,,,,135002,chikungunya
2010-07-25,201030,0.0,0,0,0,0.5,0.0,0,1,230440020103019589,2023-08-20,Fortaleza,0.0,0.0,2686612,23.0,87.2857142857143,0,0,0,70.3555651428571,48.5714285714286,26.4413568571429,30.1428571428571,0.0,,,,,135002,chikungunya
2010-07-18,201029,0.0,0,0,0,0.5,0.0,0,1,230440020102919589,2023-08-20,Fortaleza,0.0,0.0,2686612,23.4285714285714,89.2857142857143,0,0,0,71.1730928571429,48.4285714285714,26.5691611428571,30.1428571428571,0.0,,,,,135002,chikungunya
2010-07-11,201028,0.0,0,0,0,0.5,0.0,0,1,230440020102819589,2023-08-20,Fortaleza,0.0,0.0,2686612,23.7142857142857,93.5714285714286,0,0,0,77.3002371428571,54.2857142857143,26.4010605714286,29.8571428571429,0.0,,,,,135002,chikungunya
2010-07-04,201027,0.0,0,0,0,0.5,0.0,0,1,230440020102719589,2023-08-20,Fortaleza,0.0,0.0,2686612,23.4285714285714,91.1428571428571,0,0,0,73.0428928571429,49.5714285714286,26.5874907142857,30.1428571428571,0.0,,,,,135002,chikungunya
2010-06-27,201026,0.0,0,0,0,0.5,0.0,0,1,230440020102619589,2023-08-20,Fortaleza,0.0,0.0,2686612,23.7142857142857,91.0,0,0,0,73.5517214285714,48.4285714285714,26.856966,30.4285714285714,0.0,,,,,135002,chikungunya
2010-06-20,201025,0.0,0,0,0,0.5,0.0,0,1,230440020102519589,2023-08-20,Fortaleza,0.0,0.0,2686612,23.7142857142857,88.7142857142857,0,0,0,72.7091842857143,50.7142857142857,26.9580062857143,30.8571428571429,0.0,,,,,135002,chikungunya
2010-06-13,201024,0.0,0,0,0,0.5,0.0,0,1,230440020102419589,2023-08-20,Fortaleza,0.0,0.0,2686612,24.0,91.8571428571429,0,0,0,75.07842,51.4285714285714,27.0496977142857,30.8571428571429,0.0,,,,,135002,chikungunya
2010-06-06,201023,0.0,0,0,0,0.5,0.0,0,1,230440020102319589,2023-08-20,Fortaleza,0.0,0.0,2686612,23.8571428571429,91.7142857142857,0,0,0,75.7492878571429,53.7142857142857,27.1001511428571,30.7142857142857,0.0,,,,,135002,chikungunya
2010-05-30,201022,0.0,0,0,0,0.5,0.0,0,1,230440020102219589,2023-08-20,Fortaleza,0.0,0.0,2686612,23.7142857142857,96.5714285714286,0,0,0,81.552035,62.7142857142857,26.7562592857143,29.8571428571429,0.0,,,,,135002,chikungunya
2010-05-23,201021,0.0,0,0,0,0.5,0.0,0,1,230440020102119589,2023-08-20,Fortaleza,0.0,0.0,2686612,25.0,94.2857142857143,0,0,0,80.2060721428571,60.8571428571429,27.5519065714286,30.2857142857143,0.0,,,,,135002,chikungunya
2010-05-16,201020,0.0,0,0,0,0.5,0.0,0,1,230440020102019589,2023-08-20,Fortaleza,0.0,0.0,2686612,24.7142857142857,92.1428571428571,0,0,0,75.9067657142857,57.1428571428571,27.5365005714286,30.7142857142857,0.0,,,,,135002,chikungunya
2010-05-09,201019,0.0,0,0,0,0.5,0.0,0,1,230440020101919589,2023-08-20,Fortaleza,0.0,0.0,2686612,24.5714285714286,94.2857142857143,0,0,0,80.3663307142857,59.5714285714286,27.3715108571429,30.7142857142857,0.0,,,,,135002,chikungunya
2010-05-02,201018,0.0,0,0,0,0.5,0.0,0,1,230440020101819589,2023-08-20,Fortaleza,0.0,0.0,2686612,24.5714285714286,96.5714285714286,0,0,0,82.9056394285714,64.1428571428571,26.9864625714286,30.2857142857143,0.0,,,,,135002,chikungunya
2010-04-25,201017,0.0,0,0,0,0.5,0.0,0,1,230440020101719589,2023-08-20,Fortaleza,0.0,0.0,2686612,24.7142857142857,93.4285714285714,0,0,0,78.9452025714286,58.1428571428571,27.6732611428571,30.8571428571429,0.0,,,,,135002,chikungunya
2010-04-18,201016,0.0,0,0,0,0.5,0.0,0,1,230440020101619589,2023-08-20,Fortaleza,0.0,0.0,2686612,24.4285714285714,98.2857142857143,0,0,0,82.6127012857143,62.8571428571429,27.1846727142857,30.8571428571429,0.0,,,,,135002,chikungunya
2010-04-11,201015,0.0,0,0,0,0.5,0.0,0,1,230440020101519589,2023-08-20,Fortaleza,0.0,0.0,2686612,24.0,97.4285714285714,0,0,0,82.201265,57.8571428571429,27.0928271428571,30.5714285714286,0.0,,,,,135002,chikungunya
2010-04-04,201014,0.0,0,0,0,0.5,0.0,0,1,230440020101419589,2023-08-20,Fortaleza,0.0,0.0,2686612,25.2857142857143,94.8571428571429,0,0,0,80.5899828571429,63.4285714285714,27.851148,31.1428571428571,0.0,,,,,135002,chikungunya
2010-03-28,201013,0.0,0,0,0,0.5,0.0,0,1,230440020101319589,2023-08-20,Fortaleza,0.0,0.0,2686612,24.5714285714286,97.8571428571429,0,0,0,83.82199,64.5714285714286,27.4161825714286,30.4285714285714,0.0,,,,,135002,chikungunya
2010-03-21,201012,0.0,0,0,0,0.5,0.0,0,1,230440020101219589,2023-08-20,Fortaleza,0.0,0.0,2686612,23.2857142857143,98.4285714285714,0,0,0,84.0948048571429,61.7142857142857,26.4773658571429,30.0,0.0,,,,,135002,chikungunya
2010-03-14,201011,0.0,0,0,0,0.5,0.0,0,1,230440020101119589,2023-08-20,Fortaleza,0.0,0.0,2686612,25.7142857142857,88.4285714285714,0,0,0,76.436402,57.0,27.943123,30.7142857142857,0.0,,,,,135002,chikungunya
2010-03-07,201010,0.0,0,0,0,0.5,0.0,0,1,230440020101019589,2023-08-20,Fortaleza,0.0,0.0,2686612,26.2857142857143,84.0,0,0,0,72.0941057142857,55.0,28.6485267142857,31.4285714285714,0.0,,,,,135002,chikungunya
2010-02-28,201009,0.0,0,0,0,0.5,0.0,0,1,230440020100919589,2023-08-20,Fortaleza,0.0,0.0,2686612,25.8571428571429,88.4285714285714,0,0,0,74.8907785714286,55.8571428571429,28.3941797142857,31.1428571428571,0.0,,,,,135002,chikungunya
2010-02-21,201008,0.0,0,0,0,0.5,0.0,0,1,230440020100819589,2023-08-20,Fortaleza,0.0,0.0,2686612,25.7142857142857,89.0,0,0,0,76.5816328571429,57.0,28.2142858571429,31.2857142857143,0.0,,,,,135002,chikungunya
2010-02-14,201007,0.0,0,0,0,0.5,0.0,0,1,230440020100719589,2023-08-20,Fortaleza,0.0,0.0,2686612,24.8571428571429,90.5714285714286,0,0,0,78.5045721428571,62.0,27.5594648571429,30.7142857142857,0.0,,,,,135002,chikungunya
2010-02-07,201006,0.0,0,0,0,0.5,0.0,0,1,230440020100619589,2023-08-20,Fortaleza,0.0,0.0,2686612,25.0,92.0,0,0,0,78.3642871428572,61.0,27.4993198571429,30.7142857142857,0.0,,,,,135002,chikungunya
2010-01-31,201005,0.0,0,0,0,0.0,0.0,0,1,230440020100519589,2023-08-20,Fortaleza,0.0,0.0,2686612,25.5714285714286,89.0,0,0,0,74.5991678571429,55.8571428571429,28.1882842857143,31.2857142857143,0.0,,,,,135002,chikungunya
2010-01-24,201004,0.0,0,0,0,0.0,0.0,0,1,230440020100419589,2023-08-20,Fortaleza,0.0,0.0,2686612,24.5714285714286,92.0,0,0,0,78.3479991428571,60.7142857142857,27.3881711428571,30.7142857142857,0.0,,,,,135002,chikungunya
2010-01-17,201003,0.0,0,0,0,0.0,0.0,0,1,230440020100319589,2023-08-20,Fortaleza,0.0,0.0,2686612,24.7142857142857,90.4285714285714,0,0,0,75.2397957142857,54.8571428571429,27.5370371428571,30.7142857142857,0.0,,,,,135002,chikungunya
2010-01-10,201002,0.0,0,0,0,0.0,0.0,0,1,230440020100219589,2023-08-20,Fortaleza,0.0,0.0,2686612,25.0,88.1428571428571,0,0,0,75.68141,59.7142857142857,27.3066177142857,30.2857142857143,0.0,,,,,135002,chikungunya
2010-01-03,201001,0.0,0,0,0,0.0,0.0,0,1,230440020100119589,2023-08-20,Fortaleza,0.0,0.0,2686612,24.4285714285714,90.5714285714286,0,0,0,77.7894557142857,60.7142857142857,26.7809525714286,29.4285714285714,0.0,,,,,135002,chikungunya
